country_name,country_code_2,country_code_3,continent,year,indicator,value
Aruba,AW,ABW,North America,2023,gdp_current_usd,3648573136
Aruba,AW,ABW,North America,2022,gdp_current_usd,3279343544
Aruba,AW,ABW,North America,2021,gdp_current_usd,2929446578
Aruba,AW,ABW,North America,2020,gdp_current_usd,2481857123
Aruba,AW,ABW,North America,2019,gdp_current_usd,3395798883
Aruba,AW,ABW,North America,2018,gdp_current_usd,3276184358
Aruba,AW,ABW,North America,2017,gdp_current_usd,3092429050
Aruba,AW,ABW,North America,2016,gdp_current_usd,2983635196
Aruba,AW,ABW,North America,2015,gdp_current_usd,2962907263
Aruba,AW,ABW,North America,2014,gdp_current_usd,2790849721
Aruba,AW,ABW,North America,2013,gdp_current_usd,2727849721
Aruba,AW,ABW,North America,2012,gdp_current_usd,2615208380
Aruba,AW,ABW,North America,2011,gdp_current_usd,2637859218
Aruba,AW,ABW,North America,2010,gdp_current_usd,2453597207
Aruba,AW,ABW,North America,2009,gdp_current_usd,2553793296
Aruba,AW,ABW,North America,2008,gdp_current_usd,2843024581
Aruba,AW,ABW,North America,2007,gdp_current_usd,2677641341
Aruba,AW,ABW,North America,2006,gdp_current_usd,2469782682
Aruba,AW,ABW,North America,2005,gdp_current_usd,2360017318
Aruba,AW,ABW,North America,2004,gdp_current_usd,2254830726
Aruba,AW,ABW,North America,2003,gdp_current_usd,2044111732
Aruba,AW,ABW,North America,2002,gdp_current_usd,1961843575
Aruba,AW,ABW,North America,2001,gdp_current_usd,1896456983
Aruba,AW,ABW,North America,2000,gdp_current_usd,1873452514
Aruba,AW,ABW,North America,2023,gdp_per_capita_current_usd,33985
Aruba,AW,ABW,North America,2022,gdp_per_capita_current_usd,30560
Aruba,AW,ABW,North America,2021,gdp_per_capita_current_usd,27200
Aruba,AW,ABW,North America,2020,gdp_per_capita_current_usd,22856
Aruba,AW,ABW,North America,2019,gdp_per_capita_current_usd,31096
Aruba,AW,ABW,North America,2018,gdp_per_capita_current_usd,30082
Aruba,AW,ABW,North America,2017,gdp_per_capita_current_usd,28440
Aruba,AW,ABW,North America,2016,gdp_per_capita_current_usd,27442
Aruba,AW,ABW,North America,2015,gdp_per_capita_current_usd,27458
Aruba,AW,ABW,North America,2014,gdp_per_capita_current_usd,26130
Aruba,AW,ABW,North America,2013,gdp_per_capita_current_usd,25814
Aruba,AW,ABW,North America,2012,gdp_per_capita_current_usd,25120
Aruba,AW,ABW,North America,2011,gdp_per_capita_current_usd,25712
Aruba,AW,ABW,North America,2010,gdp_per_capita_current_usd,24093
Aruba,AW,ABW,North America,2009,gdp_per_capita_current_usd,25135
Aruba,AW,ABW,North America,2008,gdp_per_capita_current_usd,28172
Aruba,AW,ABW,North America,2007,gdp_per_capita_current_usd,26736
Aruba,AW,ABW,North America,2006,gdp_per_capita_current_usd,24846
Aruba,AW,ABW,North America,2005,gdp_per_capita_current_usd,24172
Aruba,AW,ABW,North America,2004,gdp_per_capita_current_usd,23701
Aruba,AW,ABW,North America,2003,gdp_per_capita_current_usd,21949
Aruba,AW,ABW,North America,2002,gdp_per_capita_current_usd,21307
Aruba,AW,ABW,North America,2001,gdp_per_capita_current_usd,20740
Aruba,AW,ABW,North America,2000,gdp_per_capita_current_usd,20681
Aruba,AW,ABW,North America,2024,population_total,107624
Aruba,AW,ABW,North America,2023,population_total,107359
Aruba,AW,ABW,North America,2022,population_total,107310
Aruba,AW,ABW,North America,2021,population_total,107700
Aruba,AW,ABW,North America,2020,population_total,108587
Aruba,AW,ABW,North America,2019,population_total,109203
Aruba,AW,ABW,North America,2018,population_total,108908
Aruba,AW,ABW,North America,2017,population_total,108735
Aruba,AW,ABW,North America,2016,population_total,108727
Aruba,AW,ABW,North America,2015,population_total,107906
Aruba,AW,ABW,North America,2014,population_total,106807
Aruba,AW,ABW,North America,2013,population_total,105675
Aruba,AW,ABW,North America,2012,population_total,104110
Aruba,AW,ABW,North America,2011,population_total,102591
Aruba,AW,ABW,North America,2010,population_total,101838
Aruba,AW,ABW,North America,2009,population_total,101604
Aruba,AW,ABW,North America,2008,population_total,100917
Aruba,AW,ABW,North America,2007,population_total,100150
Aruba,AW,ABW,North America,2006,population_total,99405
Aruba,AW,ABW,North America,2005,population_total,97635
Aruba,AW,ABW,North America,2004,population_total,95138
Aruba,AW,ABW,North America,2003,population_total,93128
Aruba,AW,ABW,North America,2002,population_total,92074
Aruba,AW,ABW,North America,2001,population_total,91439
Aruba,AW,ABW,North America,2000,population_total,90588
Afghanistan,AF,AFG,Asia,2023,gdp_current_usd,17152234637
Afghanistan,AF,AFG,Asia,2022,gdp_current_usd,14497243872
Afghanistan,AF,AFG,Asia,2021,gdp_current_usd,14259995441
Afghanistan,AF,AFG,Asia,2020,gdp_current_usd,19955929052
Afghanistan,AF,AFG,Asia,2019,gdp_current_usd,18799444490
Afghanistan,AF,AFG,Asia,2018,gdp_current_usd,18053222687
Afghanistan,AF,AFG,Asia,2017,gdp_current_usd,18753456498
Afghanistan,AF,AFG,Asia,2016,gdp_current_usd,18116572395
Afghanistan,AF,AFG,Asia,2015,gdp_current_usd,19134221645
Afghanistan,AF,AFG,Asia,2014,gdp_current_usd,20497128556
Afghanistan,AF,AFG,Asia,2013,gdp_current_usd,20146416758
Afghanistan,AF,AFG,Asia,2012,gdp_current_usd,19907329778
Afghanistan,AF,AFG,Asia,2011,gdp_current_usd,17805098206
Afghanistan,AF,AFG,Asia,2010,gdp_current_usd,15856668556
Afghanistan,AF,AFG,Asia,2009,gdp_current_usd,12416152732
Afghanistan,AF,AFG,Asia,2008,gdp_current_usd,10109297048
Afghanistan,AF,AFG,Asia,2007,gdp_current_usd,9747886187
Afghanistan,AF,AFG,Asia,2006,gdp_current_usd,6971758282
Afghanistan,AF,AFG,Asia,2005,gdp_current_usd,6203256539
Afghanistan,AF,AFG,Asia,2004,gdp_current_usd,5224896719
Afghanistan,AF,AFG,Asia,2003,gdp_current_usd,4520946819
Afghanistan,AF,AFG,Asia,2002,gdp_current_usd,3825701439
Afghanistan,AF,AFG,Asia,2001,gdp_current_usd,2813571754
Afghanistan,AF,AFG,Asia,2000,gdp_current_usd,3521418060
Afghanistan,AF,AFG,Asia,2023,gdp_per_capita_current_usd,414
Afghanistan,AF,AFG,Asia,2022,gdp_per_capita_current_usd,357
Afghanistan,AF,AFG,Asia,2021,gdp_per_capita_current_usd,356
Afghanistan,AF,AFG,Asia,2020,gdp_per_capita_current_usd,511
Afghanistan,AF,AFG,Asia,2019,gdp_per_capita_current_usd,497
Afghanistan,AF,AFG,Asia,2018,gdp_per_capita_current_usd,491
Afghanistan,AF,AFG,Asia,2017,gdp_per_capita_current_usd,525
Afghanistan,AF,AFG,Asia,2016,gdp_per_capita_current_usd,522
Afghanistan,AF,AFG,Asia,2015,gdp_per_capita_current_usd,566
Afghanistan,AF,AFG,Asia,2014,gdp_per_capita_current_usd,625
Afghanistan,AF,AFG,Asia,2013,gdp_per_capita_current_usd,637
Afghanistan,AF,AFG,Asia,2012,gdp_per_capita_current_usd,651
Afghanistan,AF,AFG,Asia,2011,gdp_per_capita_current_usd,607
Afghanistan,AF,AFG,Asia,2010,gdp_per_capita_current_usd,561
Afghanistan,AF,AFG,Asia,2009,gdp_per_capita_current_usd,452
Afghanistan,AF,AFG,Asia,2008,gdp_per_capita_current_usd,382
Afghanistan,AF,AFG,Asia,2007,gdp_per_capita_current_usd,376
Afghanistan,AF,AFG,Asia,2006,gdp_per_capita_current_usd,274
Afghanistan,AF,AFG,Asia,2005,gdp_per_capita_current_usd,254
Afghanistan,AF,AFG,Asia,2004,gdp_per_capita_current_usd,222
Afghanistan,AF,AFG,Asia,2003,gdp_per_capita_current_usd,199
Afghanistan,AF,AFG,Asia,2002,gdp_per_capita_current_usd,179
Afghanistan,AF,AFG,Asia,2001,gdp_per_capita_current_usd,139
Afghanistan,AF,AFG,Asia,2000,gdp_per_capita_current_usd,175
Afghanistan,AF,AFG,Asia,2024,population_total,42647492
Afghanistan,AF,AFG,Asia,2023,population_total,41454761
Afghanistan,AF,AFG,Asia,2022,population_total,40578842
Afghanistan,AF,AFG,Asia,2021,population_total,40000412
Afghanistan,AF,AFG,Asia,2020,population_total,39068979
Afghanistan,AF,AFG,Asia,2019,population_total,37856121
Afghanistan,AF,AFG,Asia,2018,population_total,36743039
Afghanistan,AF,AFG,Asia,2017,population_total,35688935
Afghanistan,AF,AFG,Asia,2016,population_total,34700612
Afghanistan,AF,AFG,Asia,2015,population_total,33831764
Afghanistan,AF,AFG,Asia,2014,population_total,32792523
Afghanistan,AF,AFG,Asia,2013,population_total,31622704
Afghanistan,AF,AFG,Asia,2012,population_total,30560034
Afghanistan,AF,AFG,Asia,2011,population_total,29347708
Afghanistan,AF,AFG,Asia,2010,population_total,28284089
Afghanistan,AF,AFG,Asia,2009,population_total,27466101
Afghanistan,AF,AFG,Asia,2008,population_total,26482622
Afghanistan,AF,AFG,Asia,2007,population_total,25909852
Afghanistan,AF,AFG,Asia,2006,population_total,25424094
Afghanistan,AF,AFG,Asia,2005,population_total,24404567
Afghanistan,AF,AFG,Asia,2004,population_total,23560654
Afghanistan,AF,AFG,Asia,2003,population_total,22733049
Afghanistan,AF,AFG,Asia,2002,population_total,21378117
Afghanistan,AF,AFG,Asia,2001,population_total,20284307
Afghanistan,AF,AFG,Asia,2000,population_total,20130327
Angola,AO,AGO,Africa,2024,gdp_current_usd,80396942242
Angola,AO,AGO,Africa,2023,gdp_current_usd,84875162197
Angola,AO,AGO,Africa,2022,gdp_current_usd,104399746853
Angola,AO,AGO,Africa,2021,gdp_current_usd,66505129988
Angola,AO,AGO,Africa,2020,gdp_current_usd,48501561204
Angola,AO,AGO,Africa,2019,gdp_current_usd,70897962732
Angola,AO,AGO,Africa,2018,gdp_current_usd,79450688259
Angola,AO,AGO,Africa,2017,gdp_current_usd,73690154991
Angola,AO,AGO,Africa,2016,gdp_current_usd,52761617226
Angola,AO,AGO,Africa,2015,gdp_current_usd,90496420507
Angola,AO,AGO,Africa,2014,gdp_current_usd,135966802587
Angola,AO,AGO,Africa,2013,gdp_current_usd,132339109040
Angola,AO,AGO,Africa,2012,gdp_current_usd,128052915766
Angola,AO,AGO,Africa,2011,gdp_current_usd,111789747671
Angola,AO,AGO,Africa,2010,gdp_current_usd,83799474070
Angola,AO,AGO,Africa,2009,gdp_current_usd,70307196182
Angola,AO,AGO,Africa,2008,gdp_current_usd,88538665085
Angola,AO,AGO,Africa,2007,gdp_current_usd,65266415494
Angola,AO,AGO,Africa,2006,gdp_current_usd,52381025141
Angola,AO,AGO,Africa,2005,gdp_current_usd,36970900884
Angola,AO,AGO,Africa,2004,gdp_current_usd,23552057679
Angola,AO,AGO,Africa,2003,gdp_current_usd,17812704586
Angola,AO,AGO,Africa,2002,gdp_current_usd,15285592370
Angola,AO,AGO,Africa,2001,gdp_current_usd,8936079118
Angola,AO,AGO,Africa,2000,gdp_current_usd,9129594970
Angola,AO,AGO,Africa,2024,gdp_per_capita_current_usd,2122
Angola,AO,AGO,Africa,2023,gdp_per_capita_current_usd,2310
Angola,AO,AGO,Africa,2022,gdp_per_capita_current_usd,2930
Angola,AO,AGO,Africa,2021,gdp_per_capita_current_usd,1926
Angola,AO,AGO,Africa,2020,gdp_per_capita_current_usd,1450
Angola,AO,AGO,Africa,2019,gdp_per_capita_current_usd,2190
Angola,AO,AGO,Africa,2018,gdp_per_capita_current_usd,2539
Angola,AO,AGO,Africa,2017,gdp_per_capita_current_usd,2437
Angola,AO,AGO,Africa,2016,gdp_per_capita_current_usd,1808
Angola,AO,AGO,Africa,2015,gdp_per_capita_current_usd,3214
Angola,AO,AGO,Africa,2014,gdp_per_capita_current_usd,5006
Angola,AO,AGO,Africa,2013,gdp_per_capita_current_usd,5058
Angola,AO,AGO,Africa,2012,gdp_per_capita_current_usd,5086
Angola,AO,AGO,Africa,2011,gdp_per_capita_current_usd,4616
Angola,AO,AGO,Africa,2010,gdp_per_capita_current_usd,3597
Angola,AO,AGO,Africa,2009,gdp_per_capita_current_usd,3137
Angola,AO,AGO,Africa,2008,gdp_per_capita_current_usd,4103
Angola,AO,AGO,Africa,2007,gdp_per_capita_current_usd,3141
Angola,AO,AGO,Africa,2006,gdp_per_capita_current_usd,2617
Angola,AO,AGO,Africa,2005,gdp_per_capita_current_usd,1916
Angola,AO,AGO,Africa,2004,gdp_per_capita_current_usd,1266
Angola,AO,AGO,Africa,2003,gdp_per_capita_current_usd,993
Angola,AO,AGO,Africa,2002,gdp_per_capita_current_usd,882
Angola,AO,AGO,Africa,2001,gdp_per_capita_current_usd,534
Angola,AO,AGO,Africa,2000,gdp_per_capita_current_usd,564
Angola,AO,AGO,Africa,2024,population_total,37885849
Angola,AO,AGO,Africa,2023,population_total,36749906
Angola,AO,AGO,Africa,2022,population_total,35635029
Angola,AO,AGO,Africa,2021,population_total,34532429
Angola,AO,AGO,Africa,2020,population_total,33451132
Angola,AO,AGO,Africa,2019,population_total,32375632
Angola,AO,AGO,Africa,2018,population_total,31297155
Angola,AO,AGO,Africa,2017,population_total,30234839
Angola,AO,AGO,Africa,2016,population_total,29183070
Angola,AO,AGO,Africa,2015,population_total,28157798
Angola,AO,AGO,Africa,2014,population_total,27160769
Angola,AO,AGO,Africa,2013,population_total,26165620
Angola,AO,AGO,Africa,2012,population_total,25177394
Angola,AO,AGO,Africa,2011,population_total,24218352
Angola,AO,AGO,Africa,2010,population_total,23294825
Angola,AO,AGO,Africa,2009,population_total,22414773
Angola,AO,AGO,Africa,2008,population_total,21578655
Angola,AO,AGO,Africa,2007,population_total,20778561
Angola,AO,AGO,Africa,2006,population_total,20015279
Angola,AO,AGO,Africa,2005,population_total,19291161
Angola,AO,AGO,Africa,2004,population_total,18600423
Angola,AO,AGO,Africa,2003,population_total,17943712
Angola,AO,AGO,Africa,2002,population_total,17327699
Angola,AO,AGO,Africa,2001,population_total,16747208
Angola,AO,AGO,Africa,2000,population_total,16194869
Albania,AL,ALB,Europe,2024,gdp_current_usd,27177735528
Albania,AL,ALB,Europe,2023,gdp_current_usd,23547180412
Albania,AL,ALB,Europe,2022,gdp_current_usd,19017244117
Albania,AL,ALB,Europe,2021,gdp_current_usd,18032009220
Albania,AL,ALB,Europe,2020,gdp_current_usd,15241455556
Albania,AL,ALB,Europe,2019,gdp_current_usd,15585111614
Albania,AL,ALB,Europe,2018,gdp_current_usd,15379508330
Albania,AL,ALB,Europe,2017,gdp_current_usd,13258268436
Albania,AL,ALB,Europe,2016,gdp_current_usd,11988668785
Albania,AL,ALB,Europe,2015,gdp_current_usd,11470171827
Albania,AL,ALB,Europe,2014,gdp_current_usd,13296322588
Albania,AL,ALB,Europe,2013,gdp_current_usd,12796985886
Albania,AL,ALB,Europe,2012,gdp_current_usd,12246499748
Albania,AL,ALB,Europe,2011,gdp_current_usd,12973755875
Albania,AL,ALB,Europe,2010,gdp_current_usd,12086545641
Albania,AL,ALB,Europe,2009,gdp_current_usd,12335540656
Albania,AL,ALB,Europe,2008,gdp_current_usd,13258506375
Albania,AL,ALB,Europe,2007,gdp_current_usd,11116937870
Albania,AL,ALB,Europe,2006,gdp_current_usd,9150528132
Albania,AL,ALB,Europe,2005,gdp_current_usd,8256658250
Albania,AL,ALB,Europe,2004,gdp_current_usd,7406645793
Albania,AL,ALB,Europe,2003,gdp_current_usd,5801712040
Albania,AL,ALB,Europe,2002,gdp_current_usd,4515003117
Albania,AL,ALB,Europe,2001,gdp_current_usd,4059064033
Albania,AL,ALB,Europe,2000,gdp_current_usd,3584570165
Albania,AL,ALB,Europe,2024,gdp_per_capita_current_usd,10012
Albania,AL,ALB,Europe,2023,gdp_per_capita_current_usd,8575
Albania,AL,ALB,Europe,2022,gdp_per_capita_current_usd,6846
Albania,AL,ALB,Europe,2021,gdp_per_capita_current_usd,6413
Albania,AL,ALB,Europe,2020,gdp_per_capita_current_usd,5371
Albania,AL,ALB,Europe,2019,gdp_per_capita_current_usd,5460
Albania,AL,ALB,Europe,2018,gdp_per_capita_current_usd,5365
Albania,AL,ALB,Europe,2017,gdp_per_capita_current_usd,4614
Albania,AL,ALB,Europe,2016,gdp_per_capita_current_usd,4168
Albania,AL,ALB,Europe,2015,gdp_per_capita_current_usd,3982
Albania,AL,ALB,Europe,2014,gdp_per_capita_current_usd,4602
Albania,AL,ALB,Europe,2013,gdp_per_capita_current_usd,4420
Albania,AL,ALB,Europe,2012,gdp_per_capita_current_usd,4222
Albania,AL,ALB,Europe,2011,gdp_per_capita_current_usd,4466
Albania,AL,ALB,Europe,2010,gdp_per_capita_current_usd,4149
Albania,AL,ALB,Europe,2009,gdp_per_capita_current_usd,4214
Albania,AL,ALB,Europe,2008,gdp_per_capita_current_usd,4499
Albania,AL,ALB,Europe,2007,gdp_per_capita_current_usd,3743
Albania,AL,ALB,Europe,2006,gdp_per_capita_current_usd,3058
Albania,AL,ALB,Europe,2005,gdp_per_capita_current_usd,2742
Albania,AL,ALB,Europe,2004,gdp_per_capita_current_usd,2447
Albania,AL,ALB,Europe,2003,gdp_per_capita_current_usd,1909
Albania,AL,ALB,Europe,2002,gdp_per_capita_current_usd,1480
Albania,AL,ALB,Europe,2001,gdp_per_capita_current_usd,1326
Albania,AL,ALB,Europe,2000,gdp_per_capita_current_usd,1160
Albania,AL,ALB,Europe,2024,population_total,2714617
Albania,AL,ALB,Europe,2023,population_total,2745972
Albania,AL,ALB,Europe,2022,population_total,2777689
Albania,AL,ALB,Europe,2021,population_total,2811666
Albania,AL,ALB,Europe,2020,population_total,2837849
Albania,AL,ALB,Europe,2019,population_total,2854191
Albania,AL,ALB,Europe,2018,population_total,2866376
Albania,AL,ALB,Europe,2017,population_total,2873457
Albania,AL,ALB,Europe,2016,population_total,2876101
Albania,AL,ALB,Europe,2015,population_total,2880703
Albania,AL,ALB,Europe,2014,population_total,2889104
Albania,AL,ALB,Europe,2013,population_total,2895092
Albania,AL,ALB,Europe,2012,population_total,2900401
Albania,AL,ALB,Europe,2011,population_total,2905195
Albania,AL,ALB,Europe,2010,population_total,2913021
Albania,AL,ALB,Europe,2009,population_total,2927519
Albania,AL,ALB,Europe,2008,population_total,2947314
Albania,AL,ALB,Europe,2007,population_total,2970017
Albania,AL,ALB,Europe,2006,population_total,2992547
Albania,AL,ALB,Europe,2005,population_total,3011487
Albania,AL,ALB,Europe,2004,population_total,3026939
Albania,AL,ALB,Europe,2003,population_total,3039616
Albania,AL,ALB,Europe,2002,population_total,3051010
Albania,AL,ALB,Europe,2001,population_total,3060173
Albania,AL,ALB,Europe,2000,population_total,3089027
Andorra,AD,AND,Europe,2024,gdp_current_usd,4039844390
Andorra,AD,AND,Europe,2023,gdp_current_usd,3785067332
Andorra,AD,AND,Europe,2022,gdp_current_usd,3380612573
Andorra,AD,AND,Europe,2021,gdp_current_usd,3324647529
Andorra,AD,AND,Europe,2020,gdp_current_usd,2891001149
Andorra,AD,AND,Europe,2019,gdp_current_usd,3155149348
Andorra,AD,AND,Europe,2018,gdp_current_usd,3218419897
Andorra,AD,AND,Europe,2017,gdp_current_usd,3000162081
Andorra,AD,AND,Europe,2016,gdp_current_usd,2896610480
Andorra,AD,AND,Europe,2015,gdp_current_usd,2789881259
Andorra,AD,AND,Europe,2014,gdp_current_usd,3271685597
Andorra,AD,AND,Europe,2013,gdp_current_usd,3193512950
Andorra,AD,AND,Europe,2012,gdp_current_usd,3188652765
Andorra,AD,AND,Europe,2011,gdp_current_usd,3629133574
Andorra,AD,AND,Europe,2010,gdp_current_usd,3449925739
Andorra,AD,AND,Europe,2009,gdp_current_usd,3688976341
Andorra,AD,AND,Europe,2008,gdp_current_usd,4102319399
Andorra,AD,AND,Europe,2007,gdp_current_usd,3957625367
Andorra,AD,AND,Europe,2006,gdp_current_usd,3459337987
Andorra,AD,AND,Europe,2005,gdp_current_usd,3161084091
Andorra,AD,AND,Europe,2004,gdp_current_usd,2900245324
Andorra,AD,AND,Europe,2003,gdp_current_usd,2366941809
Andorra,AD,AND,Europe,2002,gdp_current_usd,1764279824
Andorra,AD,AND,Europe,2001,gdp_current_usd,1548265808
Andorra,AD,AND,Europe,2000,gdp_current_usd,1432606189
Andorra,AD,AND,Europe,2024,gdp_per_capita_current_usd,49304
Andorra,AD,AND,Europe,2023,gdp_per_capita_current_usd,46812
Andorra,AD,AND,Europe,2022,gdp_per_capita_current_usd,42414
Andorra,AD,AND,Europe,2021,gdp_per_capita_current_usd,42426
Andorra,AD,AND,Europe,2020,gdp_per_capita_current_usd,37361
Andorra,AD,AND,Europe,2019,gdp_per_capita_current_usd,41258
Andorra,AD,AND,Europe,2018,gdp_per_capita_current_usd,42820
Andorra,AD,AND,Europe,2017,gdp_per_capita_current_usd,40673
Andorra,AD,AND,Europe,2016,gdp_per_capita_current_usd,40130
Andorra,AD,AND,Europe,2015,gdp_per_capita_current_usd,38655
Andorra,AD,AND,Europe,2014,gdp_per_capita_current_usd,44370
Andorra,AD,AND,Europe,2013,gdp_per_capita_current_usd,42470
Andorra,AD,AND,Europe,2012,gdp_per_capita_current_usd,41501
Andorra,AD,AND,Europe,2011,gdp_per_capita_current_usd,46657
Andorra,AD,AND,Europe,2010,gdp_per_capita_current_usd,42747
Andorra,AD,AND,Europe,2009,gdp_per_capita_current_usd,43975
Andorra,AD,AND,Europe,2008,gdp_per_capita_current_usd,49133
Andorra,AD,AND,Europe,2007,gdp_per_capita_current_usd,48336
Andorra,AD,AND,Europe,2006,gdp_per_capita_current_usd,43467
Andorra,AD,AND,Europe,2005,gdp_per_capita_current_usd,40830
Andorra,AD,AND,Europe,2004,gdp_per_capita_current_usd,39021
Andorra,AD,AND,Europe,2003,gdp_per_capita_current_usd,34064
Andorra,AD,AND,Europe,2002,gdp_per_capita_current_usd,26528
Andorra,AD,AND,Europe,2001,gdp_per_capita_current_usd,23511
Andorra,AD,AND,Europe,2000,gdp_per_capita_current_usd,21810
Andorra,AD,AND,Europe,2024,population_total,81938
Andorra,AD,AND,Europe,2023,population_total,80856
Andorra,AD,AND,Europe,2022,population_total,79705
Andorra,AD,AND,Europe,2021,population_total,78364
Andorra,AD,AND,Europe,2020,population_total,77380
Andorra,AD,AND,Europe,2019,population_total,76474
Andorra,AD,AND,Europe,2018,population_total,75162
Andorra,AD,AND,Europe,2017,population_total,73763
Andorra,AD,AND,Europe,2016,population_total,72181
Andorra,AD,AND,Europe,2015,population_total,72174
Andorra,AD,AND,Europe,2014,population_total,73737
Andorra,AD,AND,Europe,2013,population_total,75194
Andorra,AD,AND,Europe,2012,population_total,76834
Andorra,AD,AND,Europe,2011,population_total,77783
Andorra,AD,AND,Europe,2010,population_total,80706
Andorra,AD,AND,Europe,2009,population_total,83888
Andorra,AD,AND,Europe,2008,population_total,83495
Andorra,AD,AND,Europe,2007,population_total,81877
Andorra,AD,AND,Europe,2006,population_total,79585
Andorra,AD,AND,Europe,2005,population_total,77421
Andorra,AD,AND,Europe,2004,population_total,74325
Andorra,AD,AND,Europe,2003,population_total,69486
Andorra,AD,AND,Europe,2002,population_total,66506
Andorra,AD,AND,Europe,2001,population_total,65852
Andorra,AD,AND,Europe,2000,population_total,65685
United Arab Emirates,AE,ARE,Asia,2024,gdp_current_usd,537078829135
United Arab Emirates,AE,ARE,Asia,2023,gdp_current_usd,514130432648
United Arab Emirates,AE,ARE,Asia,2022,gdp_current_usd,502731935194
United Arab Emirates,AE,ARE,Asia,2021,gdp_current_usd,415178792757
United Arab Emirates,AE,ARE,Asia,2020,gdp_current_usd,349473015330
United Arab Emirates,AE,ARE,Asia,2019,gdp_current_usd,417989721743
United Arab Emirates,AE,ARE,Asia,2018,gdp_current_usd,427049432158
United Arab Emirates,AE,ARE,Asia,2017,gdp_current_usd,390516804030
United Arab Emirates,AE,ARE,Asia,2016,gdp_current_usd,369255326236
United Arab Emirates,AE,ARE,Asia,2015,gdp_current_usd,370275469571
United Arab Emirates,AE,ARE,Asia,2014,gdp_current_usd,414105366753
United Arab Emirates,AE,ARE,Asia,2013,gdp_current_usd,400218529748
United Arab Emirates,AE,ARE,Asia,2012,gdp_current_usd,384610125391
United Arab Emirates,AE,ARE,Asia,2011,gdp_current_usd,360832739551
United Arab Emirates,AE,ARE,Asia,2010,gdp_current_usd,300189052689
United Arab Emirates,AE,ARE,Asia,2009,gdp_current_usd,253547358747
United Arab Emirates,AE,ARE,Asia,2008,gdp_current_usd,315474615739
United Arab Emirates,AE,ARE,Asia,2007,gdp_current_usd,257916133424
United Arab Emirates,AE,ARE,Asia,2006,gdp_current_usd,222116541865
United Arab Emirates,AE,ARE,Asia,2005,gdp_current_usd,180617467965
United Arab Emirates,AE,ARE,Asia,2004,gdp_current_usd,147824370320
United Arab Emirates,AE,ARE,Asia,2003,gdp_current_usd,124346358067
United Arab Emirates,AE,ARE,Asia,2002,gdp_current_usd,109816201498
United Arab Emirates,AE,ARE,Asia,2001,gdp_current_usd,103311640572
United Arab Emirates,AE,ARE,Asia,2000,gdp_current_usd,104337372362
United Arab Emirates,AE,ARE,Asia,2024,gdp_per_capita_current_usd,49378
United Arab Emirates,AE,ARE,Asia,2023,gdp_per_capita_current_usd,49041
United Arab Emirates,AE,ARE,Asia,2022,gdp_per_capita_current_usd,49899
United Arab Emirates,AE,ARE,Asia,2021,gdp_per_capita_current_usd,43360
United Arab Emirates,AE,ARE,Asia,2020,gdp_per_capita_current_usd,37174
United Arab Emirates,AE,ARE,Asia,2019,gdp_per_capita_current_usd,44251
United Arab Emirates,AE,ARE,Asia,2018,gdp_per_capita_current_usd,45690
United Arab Emirates,AE,ARE,Asia,2017,gdp_per_capita_current_usd,42341
United Arab Emirates,AE,ARE,Asia,2016,gdp_per_capita_current_usd,41326
United Arab Emirates,AE,ARE,Asia,2015,gdp_per_capita_current_usd,43535
United Arab Emirates,AE,ARE,Asia,2014,gdp_per_capita_current_usd,51381
United Arab Emirates,AE,ARE,Asia,2013,gdp_per_capita_current_usd,52024
United Arab Emirates,AE,ARE,Asia,2012,gdp_per_capita_current_usd,52034
United Arab Emirates,AE,ARE,Asia,2011,gdp_per_capita_current_usd,50789
United Arab Emirates,AE,ARE,Asia,2010,gdp_per_capita_current_usd,43697
United Arab Emirates,AE,ARE,Asia,2009,gdp_per_capita_current_usd,37803
United Arab Emirates,AE,ARE,Asia,2008,gdp_per_capita_current_usd,50054
United Arab Emirates,AE,ARE,Asia,2007,gdp_per_capita_current_usd,45855
United Arab Emirates,AE,ARE,Asia,2006,gdp_per_capita_current_usd,44343
United Arab Emirates,AE,ARE,Asia,2005,gdp_per_capita_current_usd,38719
United Arab Emirates,AE,ARE,Asia,2004,gdp_per_capita_current_usd,33377
United Arab Emirates,AE,ARE,Asia,2003,gdp_per_capita_current_usd,29660
United Arab Emirates,AE,ARE,Asia,2002,gdp_per_capita_current_usd,27754
United Arab Emirates,AE,ARE,Asia,2001,gdp_per_capita_current_usd,27745
United Arab Emirates,AE,ARE,Asia,2000,gdp_per_capita_current_usd,29866
United Arab Emirates,AE,ARE,Asia,2024,population_total,10876981
United Arab Emirates,AE,ARE,Asia,2023,population_total,10483751
United Arab Emirates,AE,ARE,Asia,2022,population_total,10074977
United Arab Emirates,AE,ARE,Asia,2021,population_total,9575152
United Arab Emirates,AE,ARE,Asia,2020,population_total,9401038
United Arab Emirates,AE,ARE,Asia,2019,population_total,9445785
United Arab Emirates,AE,ARE,Asia,2018,population_total,9346701
United Arab Emirates,AE,ARE,Asia,2017,population_total,9223225
United Arab Emirates,AE,ARE,Asia,2016,population_total,8935095
United Arab Emirates,AE,ARE,Asia,2015,population_total,8505237
United Arab Emirates,AE,ARE,Asia,2014,population_total,8059440
United Arab Emirates,AE,ARE,Asia,2013,population_total,7693031
United Arab Emirates,AE,ARE,Asia,2012,population_total,7391448
United Arab Emirates,AE,ARE,Asia,2011,population_total,7104538
United Arab Emirates,AE,ARE,Asia,2010,population_total,6869838
United Arab Emirates,AE,ARE,Asia,2009,population_total,6707058
United Arab Emirates,AE,ARE,Asia,2008,population_total,6302664
United Arab Emirates,AE,ARE,Asia,2007,population_total,5624635
United Arab Emirates,AE,ARE,Asia,2006,population_total,5009100
United Arab Emirates,AE,ARE,Asia,2005,population_total,4664790
United Arab Emirates,AE,ARE,Asia,2004,population_total,4428967
United Arab Emirates,AE,ARE,Asia,2003,population_total,4192457
United Arab Emirates,AE,ARE,Asia,2002,population_total,3956826
United Arab Emirates,AE,ARE,Asia,2001,population_total,3723590
United Arab Emirates,AE,ARE,Asia,2000,population_total,3493575
Argentina,AR,ARG,South America,2024,gdp_current_usd,633266692534
Argentina,AR,ARG,South America,2023,gdp_current_usd,646075277525
Argentina,AR,ARG,South America,2022,gdp_current_usd,632790070063
Argentina,AR,ARG,South America,2021,gdp_current_usd,486564085480
Argentina,AR,ARG,South America,2020,gdp_current_usd,385740508437
Argentina,AR,ARG,South America,2019,gdp_current_usd,447754683615
Argentina,AR,ARG,South America,2018,gdp_current_usd,524819892360
Argentina,AR,ARG,South America,2017,gdp_current_usd,643628393281
Argentina,AR,ARG,South America,2016,gdp_current_usd,557532320663
Argentina,AR,ARG,South America,2015,gdp_current_usd,594749285413
Argentina,AR,ARG,South America,2014,gdp_current_usd,526319673732
Argentina,AR,ARG,South America,2013,gdp_current_usd,552025140252
Argentina,AR,ARG,South America,2012,gdp_current_usd,545982375701
Argentina,AR,ARG,South America,2011,gdp_current_usd,530158122010
Argentina,AR,ARG,South America,2010,gdp_current_usd,423627422092
Argentina,AR,ARG,South America,2009,gdp_current_usd,332976484578
Argentina,AR,ARG,South America,2008,gdp_current_usd,361558037110
Argentina,AR,ARG,South America,2007,gdp_current_usd,287530508431
Argentina,AR,ARG,South America,2006,gdp_current_usd,232557260817
Argentina,AR,ARG,South America,2005,gdp_current_usd,198737095012
Argentina,AR,ARG,South America,2004,gdp_current_usd,164657930453
Argentina,AR,ARG,South America,2003,gdp_current_usd,127586973492
Argentina,AR,ARG,South America,2002,gdp_current_usd,97724004252
Argentina,AR,ARG,South America,2001,gdp_current_usd,268696750000
Argentina,AR,ARG,South America,2000,gdp_current_usd,284203750000
Argentina,AR,ARG,South America,2024,gdp_per_capita_current_usd,13858
Argentina,AR,ARG,South America,2023,gdp_per_capita_current_usd,14187
Argentina,AR,ARG,South America,2022,gdp_per_capita_current_usd,13936
Argentina,AR,ARG,South America,2021,gdp_per_capita_current_usd,10738
Argentina,AR,ARG,South America,2020,gdp_per_capita_current_usd,8536
Argentina,AR,ARG,South America,2019,gdp_per_capita_current_usd,9956
Argentina,AR,ARG,South America,2018,gdp_per_capita_current_usd,11753
Argentina,AR,ARG,South America,2017,gdp_per_capita_current_usd,14533
Argentina,AR,ARG,South America,2016,gdp_per_capita_current_usd,12700
Argentina,AR,ARG,South America,2015,gdp_per_capita_current_usd,13680
Argentina,AR,ARG,South America,2014,gdp_per_capita_current_usd,12233
Argentina,AR,ARG,South America,2013,gdp_per_capita_current_usd,12964
Argentina,AR,ARG,South America,2012,gdp_per_capita_current_usd,12950
Argentina,AR,ARG,South America,2011,gdp_per_capita_current_usd,12704
Argentina,AR,ARG,South America,2010,gdp_per_capita_current_usd,10260
Argentina,AR,ARG,South America,2009,gdp_per_capita_current_usd,8150
Argentina,AR,ARG,South America,2008,gdp_per_capita_current_usd,8944
Argentina,AR,ARG,South America,2007,gdp_per_capita_current_usd,7185
Argentina,AR,ARG,South America,2006,gdp_per_capita_current_usd,5869
Argentina,AR,ARG,South America,2005,gdp_per_capita_current_usd,5068
Argentina,AR,ARG,South America,2004,gdp_per_capita_current_usd,4242
Argentina,AR,ARG,South America,2003,gdp_per_capita_current_usd,3320
Argentina,AR,ARG,South America,2002,gdp_per_capita_current_usd,2570
Argentina,AR,ARG,South America,2001,gdp_per_capita_current_usd,7141
Argentina,AR,ARG,South America,2000,gdp_per_capita_current_usd,7637
Argentina,AR,ARG,South America,2024,population_total,45696159
Argentina,AR,ARG,South America,2023,population_total,45538401
Argentina,AR,ARG,South America,2022,population_total,45407904
Argentina,AR,ARG,South America,2021,population_total,45312281
Argentina,AR,ARG,South America,2020,population_total,45191965
Argentina,AR,ARG,South America,2019,population_total,44973465
Argentina,AR,ARG,South America,2018,population_total,44654882
Argentina,AR,ARG,South America,2017,population_total,44288894
Argentina,AR,ARG,South America,2016,population_total,43900313
Argentina,AR,ARG,South America,2015,population_total,43477012
Argentina,AR,ARG,South America,2014,population_total,43024071
Argentina,AR,ARG,South America,2013,population_total,42582455
Argentina,AR,ARG,South America,2012,population_total,42161721
Argentina,AR,ARG,South America,2011,population_total,41730660
Argentina,AR,ARG,South America,2010,population_total,41288694
Argentina,AR,ARG,South America,2009,population_total,40854831
Argentina,AR,ARG,South America,2008,population_total,40424148
Argentina,AR,ARG,South America,2007,population_total,40016763
Argentina,AR,ARG,South America,2006,population_total,39622115
Argentina,AR,ARG,South America,2005,population_total,39216789
Argentina,AR,ARG,South America,2004,population_total,38815916
Argentina,AR,ARG,South America,2003,population_total,38424282
Argentina,AR,ARG,South America,2002,population_total,38029349
Argentina,AR,ARG,South America,2001,population_total,37624825
Argentina,AR,ARG,South America,2000,population_total,37213984
Armenia,AM,ARM,Asia,2024,gdp_current_usd,25786585950
Armenia,AM,ARM,Asia,2023,gdp_current_usd,24085749592
Armenia,AM,ARM,Asia,2022,gdp_current_usd,19513506553
Armenia,AM,ARM,Asia,2021,gdp_current_usd,13878908629
Armenia,AM,ARM,Asia,2020,gdp_current_usd,12641698583
Armenia,AM,ARM,Asia,2019,gdp_current_usd,13619290539
Armenia,AM,ARM,Asia,2018,gdp_current_usd,12457940695
Armenia,AM,ARM,Asia,2017,gdp_current_usd,11527458709
Armenia,AM,ARM,Asia,2016,gdp_current_usd,10546136236
Armenia,AM,ARM,Asia,2015,gdp_current_usd,10553337518
Armenia,AM,ARM,Asia,2014,gdp_current_usd,11609513247
Armenia,AM,ARM,Asia,2013,gdp_current_usd,11121464437
Armenia,AM,ARM,Asia,2012,gdp_current_usd,10619320683
Armenia,AM,ARM,Asia,2011,gdp_current_usd,10142111825
Armenia,AM,ARM,Asia,2010,gdp_current_usd,9260285756
Armenia,AM,ARM,Asia,2009,gdp_current_usd,8647937081
Armenia,AM,ARM,Asia,2008,gdp_current_usd,11662040714
Armenia,AM,ARM,Asia,2007,gdp_current_usd,9206301270
Armenia,AM,ARM,Asia,2006,gdp_current_usd,6384452067
Armenia,AM,ARM,Asia,2005,gdp_current_usd,4900469511
Armenia,AM,ARM,Asia,2004,gdp_current_usd,3576615240
Armenia,AM,ARM,Asia,2003,gdp_current_usd,2807061009
Armenia,AM,ARM,Asia,2002,gdp_current_usd,2376335048
Armenia,AM,ARM,Asia,2001,gdp_current_usd,2118467913
Armenia,AM,ARM,Asia,2000,gdp_current_usd,1911563669
Armenia,AM,ARM,Asia,2024,gdp_per_capita_current_usd,8501
Armenia,AM,ARM,Asia,2023,gdp_per_capita_current_usd,8125
Armenia,AM,ARM,Asia,2022,gdp_per_capita_current_usd,6572
Armenia,AM,ARM,Asia,2021,gdp_per_capita_current_usd,4685
Armenia,AM,ARM,Asia,2020,gdp_per_capita_current_usd,4269
Armenia,AM,ARM,Asia,2019,gdp_per_capita_current_usd,4597
Armenia,AM,ARM,Asia,2018,gdp_per_capita_current_usd,4196
Armenia,AM,ARM,Asia,2017,gdp_per_capita_current_usd,3869
Armenia,AM,ARM,Asia,2016,gdp_per_capita_current_usd,3524
Armenia,AM,ARM,Asia,2015,gdp_per_capita_current_usd,3512
Armenia,AM,ARM,Asia,2014,gdp_per_capita_current_usd,3852
Armenia,AM,ARM,Asia,2013,gdp_per_capita_current_usd,3680
Armenia,AM,ARM,Asia,2012,gdp_per_capita_current_usd,3512
Armenia,AM,ARM,Asia,2011,gdp_per_capita_current_usd,3350
Armenia,AM,ARM,Asia,2010,gdp_per_capita_current_usd,3041
Armenia,AM,ARM,Asia,2009,gdp_per_capita_current_usd,2821
Armenia,AM,ARM,Asia,2008,gdp_per_capita_current_usd,3778
Armenia,AM,ARM,Asia,2007,gdp_per_capita_current_usd,2963
Armenia,AM,ARM,Asia,2006,gdp_per_capita_current_usd,2042
Armenia,AM,ARM,Asia,2005,gdp_per_capita_current_usd,1557
Armenia,AM,ARM,Asia,2004,gdp_per_capita_current_usd,1130
Armenia,AM,ARM,Asia,2003,gdp_per_capita_current_usd,882
Armenia,AM,ARM,Asia,2002,gdp_per_capita_current_usd,743
Armenia,AM,ARM,Asia,2001,gdp_per_capita_current_usd,660
Armenia,AM,ARM,Asia,2000,gdp_per_capita_current_usd,593
Armenia,AM,ARM,Asia,2024,population_total,3033500
Armenia,AM,ARM,Asia,2023,population_total,2964300
Armenia,AM,ARM,Asia,2022,population_total,2969200
Armenia,AM,ARM,Asia,2021,population_total,2962300
Armenia,AM,ARM,Asia,2020,population_total,2961500
Armenia,AM,ARM,Asia,2019,population_total,2962500
Armenia,AM,ARM,Asia,2018,population_total,2969000
Armenia,AM,ARM,Asia,2017,population_total,2979400
Armenia,AM,ARM,Asia,2016,population_total,2992300
Armenia,AM,ARM,Asia,2015,population_total,3004600
Armenia,AM,ARM,Asia,2014,population_total,3013800
Armenia,AM,ARM,Asia,2013,population_total,3022000
Armenia,AM,ARM,Asia,2012,population_total,3024100
Armenia,AM,ARM,Asia,2011,population_total,3027900
Armenia,AM,ARM,Asia,2010,population_total,3044800
Armenia,AM,ARM,Asia,2009,population_total,3066000
Armenia,AM,ARM,Asia,2008,population_total,3087100
Armenia,AM,ARM,Asia,2007,population_total,3107400
Armenia,AM,ARM,Asia,2006,population_total,3127100
Armenia,AM,ARM,Asia,2005,population_total,3146400
Armenia,AM,ARM,Asia,2004,population_total,3164900
Armenia,AM,ARM,Asia,2003,population_total,3182500
Armenia,AM,ARM,Asia,2002,population_total,3199800
Armenia,AM,ARM,Asia,2001,population_total,3211800
Armenia,AM,ARM,Asia,2000,population_total,3221100
American Samoa,AS,ASM,Oceania,2022,gdp_current_usd,871000000
American Samoa,AS,ASM,Oceania,2021,gdp_current_usd,750000000
American Samoa,AS,ASM,Oceania,2020,gdp_current_usd,721000000
American Samoa,AS,ASM,Oceania,2019,gdp_current_usd,647000000
American Samoa,AS,ASM,Oceania,2018,gdp_current_usd,639000000
American Samoa,AS,ASM,Oceania,2017,gdp_current_usd,612000000
American Samoa,AS,ASM,Oceania,2016,gdp_current_usd,671000000
American Samoa,AS,ASM,Oceania,2015,gdp_current_usd,673000000
American Samoa,AS,ASM,Oceania,2014,gdp_current_usd,643000000
American Samoa,AS,ASM,Oceania,2013,gdp_current_usd,638000000
American Samoa,AS,ASM,Oceania,2012,gdp_current_usd,640000000
American Samoa,AS,ASM,Oceania,2011,gdp_current_usd,570000000
American Samoa,AS,ASM,Oceania,2010,gdp_current_usd,573000000
American Samoa,AS,ASM,Oceania,2009,gdp_current_usd,675000000
American Samoa,AS,ASM,Oceania,2008,gdp_current_usd,560000000
American Samoa,AS,ASM,Oceania,2007,gdp_current_usd,518000000
American Samoa,AS,ASM,Oceania,2006,gdp_current_usd,493000000
American Samoa,AS,ASM,Oceania,2005,gdp_current_usd,500000000
American Samoa,AS,ASM,Oceania,2004,gdp_current_usd,509000000
American Samoa,AS,ASM,Oceania,2003,gdp_current_usd,524000000
American Samoa,AS,ASM,Oceania,2002,gdp_current_usd,512000000
American Samoa,AS,ASM,Oceania,2022,gdp_per_capita_current_usd,18017
American Samoa,AS,ASM,Oceania,2021,gdp_per_capita_current_usd,15236
American Samoa,AS,ASM,Oceania,2020,gdp_per_capita_current_usd,14489
American Samoa,AS,ASM,Oceania,2019,gdp_per_capita_current_usd,12886
American Samoa,AS,ASM,Oceania,2018,gdp_per_capita_current_usd,12552
American Samoa,AS,ASM,Oceania,2017,gdp_per_capita_current_usd,11864
American Samoa,AS,ASM,Oceania,2016,gdp_per_capita_current_usd,12843
American Samoa,AS,ASM,Oceania,2015,gdp_per_capita_current_usd,12727
American Samoa,AS,ASM,Oceania,2014,gdp_per_capita_current_usd,12026
American Samoa,AS,ASM,Oceania,2013,gdp_per_capita_current_usd,11814
American Samoa,AS,ASM,Oceania,2012,gdp_per_capita_current_usd,11745
American Samoa,AS,ASM,Oceania,2011,gdp_per_capita_current_usd,10383
American Samoa,AS,ASM,Oceania,2010,gdp_per_capita_current_usd,10375
American Samoa,AS,ASM,Oceania,2009,gdp_per_capita_current_usd,12156
American Samoa,AS,ASM,Oceania,2008,gdp_per_capita_current_usd,10031
American Samoa,AS,ASM,Oceania,2007,gdp_per_capita_current_usd,9231
American Samoa,AS,ASM,Oceania,2006,gdp_per_capita_current_usd,8745
American Samoa,AS,ASM,Oceania,2005,gdp_per_capita_current_usd,8831
American Samoa,AS,ASM,Oceania,2004,gdp_per_capita_current_usd,8958
American Samoa,AS,ASM,Oceania,2003,gdp_per_capita_current_usd,9198
American Samoa,AS,ASM,Oceania,2002,gdp_per_capita_current_usd,8973
American Samoa,AS,ASM,Oceania,2024,population_total,46765
American Samoa,AS,ASM,Oceania,2023,population_total,47521
American Samoa,AS,ASM,Oceania,2022,population_total,48342
American Samoa,AS,ASM,Oceania,2021,population_total,49225
American Samoa,AS,ASM,Oceania,2020,population_total,49761
American Samoa,AS,ASM,Oceania,2019,population_total,50209
American Samoa,AS,ASM,Oceania,2018,population_total,50908
American Samoa,AS,ASM,Oceania,2017,population_total,51586
American Samoa,AS,ASM,Oceania,2016,population_total,52245
American Samoa,AS,ASM,Oceania,2015,population_total,52878
American Samoa,AS,ASM,Oceania,2014,population_total,53466
American Samoa,AS,ASM,Oceania,2013,population_total,54006
American Samoa,AS,ASM,Oceania,2012,population_total,54489
American Samoa,AS,ASM,Oceania,2011,population_total,54895
American Samoa,AS,ASM,Oceania,2010,population_total,55228
American Samoa,AS,ASM,Oceania,2009,population_total,55528
American Samoa,AS,ASM,Oceania,2008,population_total,55828
American Samoa,AS,ASM,Oceania,2007,population_total,56113
American Samoa,AS,ASM,Oceania,2006,population_total,56374
American Samoa,AS,ASM,Oceania,2005,population_total,56617
American Samoa,AS,ASM,Oceania,2004,population_total,56818
American Samoa,AS,ASM,Oceania,2003,population_total,56971
American Samoa,AS,ASM,Oceania,2002,population_total,57062
American Samoa,AS,ASM,Oceania,2001,population_total,57053
American Samoa,AS,ASM,Oceania,2000,population_total,56855
Antigua and Barbuda,AG,ATG,North America,2024,gdp_current_usd,2224814815
Antigua and Barbuda,AG,ATG,North America,2023,gdp_current_usd,2005785185
Antigua and Barbuda,AG,ATG,North America,2022,gdp_current_usd,1866566667
Antigua and Barbuda,AG,ATG,North America,2021,gdp_current_usd,1602125926
Antigua and Barbuda,AG,ATG,North America,2020,gdp_current_usd,1411637037
Antigua and Barbuda,AG,ATG,North America,2019,gdp_current_usd,1726448148
Antigua and Barbuda,AG,ATG,North America,2018,gdp_current_usd,1661529630
Antigua and Barbuda,AG,ATG,North America,2017,gdp_current_usd,1534855556
Antigua and Barbuda,AG,ATG,North America,2016,gdp_current_usd,1489603704
Antigua and Barbuda,AG,ATG,North America,2015,gdp_current_usd,1437485185
Antigua and Barbuda,AG,ATG,North America,2014,gdp_current_usd,1378707407
Antigua and Barbuda,AG,ATG,North America,2013,gdp_current_usd,1325496296
Antigua and Barbuda,AG,ATG,North America,2012,gdp_current_usd,1364729630
Antigua and Barbuda,AG,ATG,North America,2011,gdp_current_usd,1287359259
Antigua and Barbuda,AG,ATG,North America,2010,gdp_current_usd,1298348148
Antigua and Barbuda,AG,ATG,North America,2009,gdp_current_usd,1386518519
Antigua and Barbuda,AG,ATG,North America,2008,gdp_current_usd,1557640741
Antigua and Barbuda,AG,ATG,North America,2007,gdp_current_usd,1487381481
Antigua and Barbuda,AG,ATG,North America,2006,gdp_current_usd,1303674074
Antigua and Barbuda,AG,ATG,North America,2005,gdp_current_usd,1143896296
Antigua and Barbuda,AG,ATG,North America,2004,gdp_current_usd,1026329630
Antigua and Barbuda,AG,ATG,North America,2003,gdp_current_usd,948100000
Antigua and Barbuda,AG,ATG,North America,2002,gdp_current_usd,898092593
Antigua and Barbuda,AG,ATG,North America,2001,gdp_current_usd,877774074
Antigua and Barbuda,AG,ATG,North America,2000,gdp_current_usd,901003704
Antigua and Barbuda,AG,ATG,North America,2024,gdp_per_capita_current_usd,23726
Antigua and Barbuda,AG,ATG,North America,2023,gdp_per_capita_current_usd,21495
Antigua and Barbuda,AG,ATG,North America,2022,gdp_per_capita_current_usd,20105
Antigua and Barbuda,AG,ATG,North America,2021,gdp_per_capita_current_usd,17349
Antigua and Barbuda,AG,ATG,North America,2020,gdp_per_capita_current_usd,15370
Antigua and Barbuda,AG,ATG,North America,2019,gdp_per_capita_current_usd,18896
Antigua and Barbuda,AG,ATG,North America,2018,gdp_per_capita_current_usd,18273
Antigua and Barbuda,AG,ATG,North America,2017,gdp_per_capita_current_usd,16966
Antigua and Barbuda,AG,ATG,North America,2016,gdp_per_capita_current_usd,16557
Antigua and Barbuda,AG,ATG,North America,2015,gdp_per_capita_current_usd,16078
Antigua and Barbuda,AG,ATG,North America,2014,gdp_per_capita_current_usd,15532
Antigua and Barbuda,AG,ATG,North America,2013,gdp_per_capita_current_usd,15052
Antigua and Barbuda,AG,ATG,North America,2012,gdp_per_capita_current_usd,15640
Antigua and Barbuda,AG,ATG,North America,2011,gdp_per_capita_current_usd,14912
Antigua and Barbuda,AG,ATG,North America,2010,gdp_per_capita_current_usd,15217
Antigua and Barbuda,AG,ATG,North America,2009,gdp_per_capita_current_usd,16472
Antigua and Barbuda,AG,ATG,North America,2008,gdp_per_capita_current_usd,18787
Antigua and Barbuda,AG,ATG,North America,2007,gdp_per_capita_current_usd,18205
Antigua and Barbuda,AG,ATG,North America,2006,gdp_per_capita_current_usd,16174
Antigua and Barbuda,AG,ATG,North America,2005,gdp_per_capita_current_usd,14369
Antigua and Barbuda,AG,ATG,North America,2004,gdp_per_capita_current_usd,13038
Antigua and Barbuda,AG,ATG,North America,2003,gdp_per_capita_current_usd,12173
Antigua and Barbuda,AG,ATG,North America,2002,gdp_per_capita_current_usd,11659
Antigua and Barbuda,AG,ATG,North America,2001,gdp_per_capita_current_usd,11539
Antigua and Barbuda,AG,ATG,North America,2000,gdp_per_capita_current_usd,12027
Antigua and Barbuda,AG,ATG,North America,2024,population_total,93772
Antigua and Barbuda,AG,ATG,North America,2023,population_total,93316
Antigua and Barbuda,AG,ATG,North America,2022,population_total,92840
Antigua and Barbuda,AG,ATG,North America,2021,population_total,92349
Antigua and Barbuda,AG,ATG,North America,2020,population_total,91846
Antigua and Barbuda,AG,ATG,North America,2019,population_total,91364
Antigua and Barbuda,AG,ATG,North America,2018,population_total,90926
Antigua and Barbuda,AG,ATG,North America,2017,population_total,90468
Antigua and Barbuda,AG,ATG,North America,2016,population_total,89969
Antigua and Barbuda,AG,ATG,North America,2015,population_total,89409
Antigua and Barbuda,AG,ATG,North America,2014,population_total,88765
Antigua and Barbuda,AG,ATG,North America,2013,population_total,88064
Antigua and Barbuda,AG,ATG,North America,2012,population_total,87260
Antigua and Barbuda,AG,ATG,North America,2011,population_total,86332
Antigua and Barbuda,AG,ATG,North America,2010,population_total,85320
Antigua and Barbuda,AG,ATG,North America,2009,population_total,84173
Antigua and Barbuda,AG,ATG,North America,2008,population_total,82912
Antigua and Barbuda,AG,ATG,North America,2007,population_total,81704
Antigua and Barbuda,AG,ATG,North America,2006,population_total,80604
Antigua and Barbuda,AG,ATG,North America,2005,population_total,79611
Antigua and Barbuda,AG,ATG,North America,2004,population_total,78719
Antigua and Barbuda,AG,ATG,North America,2003,population_total,77884
Antigua and Barbuda,AG,ATG,North America,2002,population_total,77032
Antigua and Barbuda,AG,ATG,North America,2001,population_total,76069
Antigua and Barbuda,AG,ATG,North America,2000,population_total,74912
Australia,AU,AUS,Oceania,2024,gdp_current_usd,1752193307380
Australia,AU,AUS,Oceania,2023,gdp_current_usd,1728057316696
Australia,AU,AUS,Oceania,2022,gdp_current_usd,1690858246994
Australia,AU,AUS,Oceania,2021,gdp_current_usd,1556735770437
Australia,AU,AUS,Oceania,2020,gdp_current_usd,1328414058378
Australia,AU,AUS,Oceania,2019,gdp_current_usd,1392723834563
Australia,AU,AUS,Oceania,2018,gdp_current_usd,1427809041019
Australia,AU,AUS,Oceania,2017,gdp_current_usd,1325582658157
Australia,AU,AUS,Oceania,2016,gdp_current_usd,1206836962282
Australia,AU,AUS,Oceania,2015,gdp_current_usd,1351296372254
Australia,AU,AUS,Oceania,2014,gdp_current_usd,1468265356428
Australia,AU,AUS,Oceania,2013,gdp_current_usd,1577123329411
Australia,AU,AUS,Oceania,2012,gdp_current_usd,1547532281116
Australia,AU,AUS,Oceania,2011,gdp_current_usd,1398610616773
Australia,AU,AUS,Oceania,2010,gdp_current_usd,1148838233481
Australia,AU,AUS,Oceania,2009,gdp_current_usd,928762122698
Australia,AU,AUS,Oceania,2008,gdp_current_usd,1056112427190
Australia,AU,AUS,Oceania,2007,gdp_current_usd,855007458585
Australia,AU,AUS,Oceania,2006,gdp_current_usd,748417562770
Australia,AU,AUS,Oceania,2005,gdp_current_usd,695692898677
Australia,AU,AUS,Oceania,2004,gdp_current_usd,614659980083
Australia,AU,AUS,Oceania,2003,gdp_current_usd,467739079790
Australia,AU,AUS,Oceania,2002,gdp_current_usd,395788696012
Australia,AU,AUS,Oceania,2001,gdp_current_usd,379629301675
Australia,AU,AUS,Oceania,2000,gdp_current_usd,416167815093
Australia,AU,AUS,Oceania,2024,gdp_per_capita_current_usd,64407
Australia,AU,AUS,Oceania,2023,gdp_per_capita_current_usd,64836
Australia,AU,AUS,Oceania,2022,gdp_per_capita_current_usd,64997
Australia,AU,AUS,Oceania,2021,gdp_per_capita_current_usd,60608
Australia,AU,AUS,Oceania,2020,gdp_per_capita_current_usd,51792
Australia,AU,AUS,Oceania,2019,gdp_per_capita_current_usd,54973
Australia,AU,AUS,Oceania,2018,gdp_per_capita_current_usd,57196
Australia,AU,AUS,Oceania,2017,gdp_per_capita_current_usd,53902
Australia,AU,AUS,Oceania,2016,gdp_per_capita_current_usd,49888
Australia,AU,AUS,Oceania,2015,gdp_per_capita_current_usd,56739
Australia,AU,AUS,Oceania,2014,gdp_per_capita_current_usd,62544
Australia,AU,AUS,Oceania,2013,gdp_per_capita_current_usd,68191
Australia,AU,AUS,Oceania,2012,gdp_per_capita_current_usd,68073
Australia,AU,AUS,Oceania,2011,gdp_per_capita_current_usd,62606
Australia,AU,AUS,Oceania,2010,gdp_per_capita_current_usd,52145
Australia,AU,AUS,Oceania,2009,gdp_per_capita_current_usd,42817
Australia,AU,AUS,Oceania,2008,gdp_per_capita_current_usd,49701
Australia,AU,AUS,Oceania,2007,gdp_per_capita_current_usd,41052
Australia,AU,AUS,Oceania,2006,gdp_per_capita_current_usd,36596
Australia,AU,AUS,Oceania,2005,gdp_per_capita_current_usd,34480
Australia,AU,AUS,Oceania,2004,gdp_per_capita_current_usd,30837
Australia,AU,AUS,Oceania,2003,gdp_per_capita_current_usd,23718
Australia,AU,AUS,Oceania,2002,gdp_per_capita_current_usd,20302
Australia,AU,AUS,Oceania,2001,gdp_per_capita_current_usd,19696
Australia,AU,AUS,Oceania,2000,gdp_per_capita_current_usd,21870
Australia,AU,AUS,Oceania,2024,population_total,27204809
Australia,AU,AUS,Oceania,2023,population_total,26652777
Australia,AU,AUS,Oceania,2022,population_total,26014399
Australia,AU,AUS,Oceania,2021,population_total,25685412
Australia,AU,AUS,Oceania,2020,population_total,25649248
Australia,AU,AUS,Oceania,2019,population_total,25334826
Australia,AU,AUS,Oceania,2018,population_total,24963258
Australia,AU,AUS,Oceania,2017,population_total,24592588
Australia,AU,AUS,Oceania,2016,population_total,24190907
Australia,AU,AUS,Oceania,2015,population_total,23815995
Australia,AU,AUS,Oceania,2014,population_total,23475686
Australia,AU,AUS,Oceania,2013,population_total,23128129
Australia,AU,AUS,Oceania,2012,population_total,22733465
Australia,AU,AUS,Oceania,2011,population_total,22340024
Australia,AU,AUS,Oceania,2010,population_total,22031750
Australia,AU,AUS,Oceania,2009,population_total,21691653
Australia,AU,AUS,Oceania,2008,population_total,21249199
Australia,AU,AUS,Oceania,2007,population_total,20827622
Australia,AU,AUS,Oceania,2006,population_total,20450966
Australia,AU,AUS,Oceania,2005,population_total,20176844
Australia,AU,AUS,Oceania,2004,population_total,19932722
Australia,AU,AUS,Oceania,2003,population_total,19720737
Australia,AU,AUS,Oceania,2002,population_total,19495210
Australia,AU,AUS,Oceania,2001,population_total,19274701
Australia,AU,AUS,Oceania,2000,population_total,19028802
Austria,AT,AUT,Europe,2024,gdp_current_usd,521642466922
Austria,AT,AUT,Europe,2023,gdp_current_usd,511685203845
Austria,AT,AUT,Europe,2022,gdp_current_usd,471773629830
Austria,AT,AUT,Europe,2021,gdp_current_usd,480467037339
Austria,AT,AUT,Europe,2020,gdp_current_usd,434397601558
Austria,AT,AUT,Europe,2019,gdp_current_usd,442983642372
Austria,AT,AUT,Europe,2018,gdp_current_usd,452582294973
Austria,AT,AUT,Europe,2017,gdp_current_usd,414926138133
Austria,AT,AUT,Europe,2016,gdp_current_usd,393687359770
Austria,AT,AUT,Europe,2015,gdp_current_usd,379546097301
Austria,AT,AUT,Europe,2014,gdp_current_usd,438556021078
Austria,AT,AUT,Europe,2013,gdp_current_usd,426580502769
Austria,AT,AUT,Europe,2012,gdp_current_usd,406750487604
Austria,AT,AUT,Europe,2011,gdp_current_usd,428954737064
Austria,AT,AUT,Europe,2010,gdp_current_usd,389827789218
Austria,AT,AUT,Europe,2009,gdp_current_usd,399290118782
Austria,AT,AUT,Europe,2008,gdp_current_usd,429234399096
Austria,AT,AUT,Europe,2007,gdp_current_usd,386760177589
Austria,AT,AUT,Europe,2006,gdp_current_usd,333905979332
Austria,AT,AUT,Europe,2005,gdp_current_usd,313952317331
Austria,AT,AUT,Europe,2004,gdp_current_usd,299210411455
Austria,AT,AUT,Europe,2003,gdp_current_usd,260779834340
Austria,AT,AUT,Europe,2002,gdp_current_usd,212837224023
Austria,AT,AUT,Europe,2001,gdp_current_usd,196477206829
Austria,AT,AUT,Europe,2000,gdp_current_usd,196181599831
Austria,AT,AUT,Europe,2024,gdp_per_capita_current_usd,56833
Austria,AT,AUT,Europe,2023,gdp_per_capita_current_usd,56034
Austria,AT,AUT,Europe,2022,gdp_per_capita_current_usd,52177
Austria,AT,AUT,Europe,2021,gdp_per_capita_current_usd,53649
Austria,AT,AUT,Europe,2020,gdp_per_capita_current_usd,48716
Austria,AT,AUT,Europe,2019,gdp_per_capita_current_usd,49886
Austria,AT,AUT,Europe,2018,gdp_per_capita_current_usd,51194
Austria,AT,AUT,Europe,2017,gdp_per_capita_current_usd,47164
Austria,AT,AUT,Europe,2016,gdp_per_capita_current_usd,45061
Austria,AT,AUT,Europe,2015,gdp_per_capita_current_usd,43915
Austria,AT,AUT,Europe,2014,gdp_per_capita_current_usd,51315
Austria,AT,AUT,Europe,2013,gdp_per_capita_current_usd,50305
Austria,AT,AUT,Europe,2012,gdp_per_capita_current_usd,48250
Austria,AT,AUT,Europe,2011,gdp_per_capita_current_usd,51117
Austria,AT,AUT,Europe,2010,gdp_per_capita_current_usd,46611
Austria,AT,AUT,Europe,2009,gdp_per_capita_current_usd,47857
Austria,AT,AUT,Europe,2008,gdp_per_capita_current_usd,51581
Austria,AT,AUT,Europe,2007,gdp_per_capita_current_usd,46623
Austria,AT,AUT,Europe,2006,gdp_per_capita_current_usd,40382
Austria,AT,AUT,Europe,2005,gdp_per_capita_current_usd,38157
Austria,AT,AUT,Europe,2004,gdp_per_capita_current_usd,36614
Austria,AT,AUT,Europe,2003,gdp_per_capita_current_usd,32110
Austria,AT,AUT,Europe,2002,gdp_per_capita_current_usd,26335
Austria,AT,AUT,Europe,2001,gdp_per_capita_current_usd,24430
Austria,AT,AUT,Europe,2000,gdp_per_capita_current_usd,24487
Austria,AT,AUT,Europe,2024,population_total,9178482
Austria,AT,AUT,Europe,2023,population_total,9131761
Austria,AT,AUT,Europe,2022,population_total,9041851
Austria,AT,AUT,Europe,2021,population_total,8955797
Austria,AT,AUT,Europe,2020,population_total,8916864
Austria,AT,AUT,Europe,2019,population_total,8879920
Austria,AT,AUT,Europe,2018,population_total,8840521
Austria,AT,AUT,Europe,2017,population_total,8797566
Austria,AT,AUT,Europe,2016,population_total,8736668
Austria,AT,AUT,Europe,2015,population_total,8642699
Austria,AT,AUT,Europe,2014,population_total,8546356
Austria,AT,AUT,Europe,2013,population_total,8479823
Austria,AT,AUT,Europe,2012,population_total,8429991
Austria,AT,AUT,Europe,2011,population_total,8391643
Austria,AT,AUT,Europe,2010,population_total,8363404
Austria,AT,AUT,Europe,2009,population_total,8343323
Austria,AT,AUT,Europe,2008,population_total,8321496
Austria,AT,AUT,Europe,2007,population_total,8295487
Austria,AT,AUT,Europe,2006,population_total,8268641
Austria,AT,AUT,Europe,2005,population_total,8227829
Austria,AT,AUT,Europe,2004,population_total,8171966
Austria,AT,AUT,Europe,2003,population_total,8121423
Austria,AT,AUT,Europe,2002,population_total,8081957
Austria,AT,AUT,Europe,2001,population_total,8042293
Austria,AT,AUT,Europe,2000,population_total,8011566
Azerbaijan,AZ,AZE,Asia,2024,gdp_current_usd,74315882353
Azerbaijan,AZ,AZE,Asia,2023,gdp_current_usd,72428470588
Azerbaijan,AZ,AZE,Asia,2022,gdp_current_usd,78807470588
Azerbaijan,AZ,AZE,Asia,2021,gdp_current_usd,54825411765
Azerbaijan,AZ,AZE,Asia,2020,gdp_current_usd,42693000000
Azerbaijan,AZ,AZE,Asia,2019,gdp_current_usd,48174235294
Azerbaijan,AZ,AZE,Asia,2018,gdp_current_usd,47112470052
Azerbaijan,AZ,AZE,Asia,2017,gdp_current_usd,40866627352
Azerbaijan,AZ,AZE,Asia,2016,gdp_current_usd,37866996883
Azerbaijan,AZ,AZE,Asia,2015,gdp_current_usd,53076235355
Azerbaijan,AZ,AZE,Asia,2014,gdp_current_usd,75239785452
Azerbaijan,AZ,AZE,Asia,2013,gdp_current_usd,74160560124
Azerbaijan,AZ,AZE,Asia,2012,gdp_current_usd,69679944504
Azerbaijan,AZ,AZE,Asia,2011,gdp_current_usd,65952796428
Azerbaijan,AZ,AZE,Asia,2010,gdp_current_usd,52909294792
Azerbaijan,AZ,AZE,Asia,2009,gdp_current_usd,44292427185
Azerbaijan,AZ,AZE,Asia,2008,gdp_current_usd,48851293785
Azerbaijan,AZ,AZE,Asia,2007,gdp_current_usd,33049419431
Azerbaijan,AZ,AZE,Asia,2006,gdp_current_usd,20981929498
Azerbaijan,AZ,AZE,Asia,2005,gdp_current_usd,13245421881
Azerbaijan,AZ,AZE,Asia,2004,gdp_current_usd,8680405741
Azerbaijan,AZ,AZE,Asia,2003,gdp_current_usd,7276413079
Azerbaijan,AZ,AZE,Asia,2002,gdp_current_usd,6236087738
Azerbaijan,AZ,AZE,Asia,2001,gdp_current_usd,5707616204
Azerbaijan,AZ,AZE,Asia,2000,gdp_current_usd,5272615723
Azerbaijan,AZ,AZE,Asia,2024,gdp_per_capita_current_usd,7284
Azerbaijan,AZ,AZE,Asia,2023,gdp_per_capita_current_usd,7133
Azerbaijan,AZ,AZE,Asia,2022,gdp_per_capita_current_usd,7771
Azerbaijan,AZ,AZE,Asia,2021,gdp_per_capita_current_usd,5408
Azerbaijan,AZ,AZE,Asia,2020,gdp_per_capita_current_usd,4230
Azerbaijan,AZ,AZE,Asia,2019,gdp_per_capita_current_usd,4806
Azerbaijan,AZ,AZE,Asia,2018,gdp_per_capita_current_usd,4740
Azerbaijan,AZ,AZE,Asia,2017,gdp_per_capita_current_usd,4147
Azerbaijan,AZ,AZE,Asia,2016,gdp_per_capita_current_usd,3881
Azerbaijan,AZ,AZE,Asia,2015,gdp_per_capita_current_usd,5501
Azerbaijan,AZ,AZE,Asia,2014,gdp_per_capita_current_usd,7891
Azerbaijan,AZ,AZE,Asia,2013,gdp_per_capita_current_usd,7875
Azerbaijan,AZ,AZE,Asia,2012,gdp_per_capita_current_usd,7496
Azerbaijan,AZ,AZE,Asia,2011,gdp_per_capita_current_usd,7190
Azerbaijan,AZ,AZE,Asia,2010,gdp_per_capita_current_usd,5844
Azerbaijan,AZ,AZE,Asia,2009,gdp_per_capita_current_usd,4950
Azerbaijan,AZ,AZE,Asia,2008,gdp_per_capita_current_usd,5574
Azerbaijan,AZ,AZE,Asia,2007,gdp_per_capita_current_usd,3851
Azerbaijan,AZ,AZE,Asia,2006,gdp_per_capita_current_usd,2473
Azerbaijan,AZ,AZE,Asia,2005,gdp_per_capita_current_usd,1578
Azerbaijan,AZ,AZE,Asia,2004,gdp_per_capita_current_usd,1045
Azerbaijan,AZ,AZE,Asia,2003,gdp_per_capita_current_usd,884
Azerbaijan,AZ,AZE,Asia,2002,gdp_per_capita_current_usd,763
Azerbaijan,AZ,AZE,Asia,2001,gdp_per_capita_current_usd,704
Azerbaijan,AZ,AZE,Asia,2000,gdp_per_capita_current_usd,655
Azerbaijan,AZ,AZE,Asia,2024,population_total,10202850
Azerbaijan,AZ,AZE,Asia,2023,population_total,10153958
Azerbaijan,AZ,AZE,Asia,2022,population_total,10141756
Azerbaijan,AZ,AZE,Asia,2021,population_total,10137750
Azerbaijan,AZ,AZE,Asia,2020,population_total,10093121
Azerbaijan,AZ,AZE,Asia,2019,population_total,10024283
Azerbaijan,AZ,AZE,Asia,2018,population_total,9939771
Azerbaijan,AZ,AZE,Asia,2017,population_total,9854033
Azerbaijan,AZ,AZE,Asia,2016,population_total,9757812
Azerbaijan,AZ,AZE,Asia,2015,population_total,9649341
Azerbaijan,AZ,AZE,Asia,2014,population_total,9535079
Azerbaijan,AZ,AZE,Asia,2013,population_total,9416801
Azerbaijan,AZ,AZE,Asia,2012,population_total,9295784
Azerbaijan,AZ,AZE,Asia,2011,population_total,9173082
Azerbaijan,AZ,AZE,Asia,2010,population_total,9054332
Azerbaijan,AZ,AZE,Asia,2009,population_total,8947243
Azerbaijan,AZ,AZE,Asia,2008,population_total,8763400
Azerbaijan,AZ,AZE,Asia,2007,population_total,8581300
Azerbaijan,AZ,AZE,Asia,2006,population_total,8484550
Azerbaijan,AZ,AZE,Asia,2005,population_total,8391850
Azerbaijan,AZ,AZE,Asia,2004,population_total,8306500
Azerbaijan,AZ,AZE,Asia,2003,population_total,8234100
Azerbaijan,AZ,AZE,Asia,2002,population_total,8171950
Azerbaijan,AZ,AZE,Asia,2001,population_total,8111200
Azerbaijan,AZ,AZE,Asia,2000,population_total,8048600
Burundi,BI,BDI,Africa,2024,gdp_current_usd,2162378759
Burundi,BI,BDI,Africa,2023,gdp_current_usd,2629391600
Burundi,BI,BDI,Africa,2022,gdp_current_usd,3338722828
Burundi,BI,BDI,Africa,2021,gdp_current_usd,2775798697
Burundi,BI,BDI,Africa,2020,gdp_current_usd,2649680261
Burundi,BI,BDI,Africa,2019,gdp_current_usd,2576518880
Burundi,BI,BDI,Africa,2018,gdp_current_usd,2667182200
Burundi,BI,BDI,Africa,2017,gdp_current_usd,2723586963
Burundi,BI,BDI,Africa,2016,gdp_current_usd,2644487777
Burundi,BI,BDI,Africa,2015,gdp_current_usd,3104003546
Burundi,BI,BDI,Africa,2014,gdp_current_usd,2705783330
Burundi,BI,BDI,Africa,2013,gdp_current_usd,2451606632
Burundi,BI,BDI,Africa,2012,gdp_current_usd,2333341334
Burundi,BI,BDI,Africa,2011,gdp_current_usd,2235820809
Burundi,BI,BDI,Africa,2010,gdp_current_usd,2032135192
Burundi,BI,BDI,Africa,2009,gdp_current_usd,1781455140
Burundi,BI,BDI,Africa,2008,gdp_current_usd,1611835857
Burundi,BI,BDI,Africa,2007,gdp_current_usd,1356199387
Burundi,BI,BDI,Africa,2006,gdp_current_usd,1273375078
Burundi,BI,BDI,Africa,2005,gdp_current_usd,1117113080
Burundi,BI,BDI,Africa,2004,gdp_current_usd,915257323
Burundi,BI,BDI,Africa,2003,gdp_current_usd,784654424
Burundi,BI,BDI,Africa,2002,gdp_current_usd,825394519
Burundi,BI,BDI,Africa,2001,gdp_current_usd,876794723
Burundi,BI,BDI,Africa,2000,gdp_current_usd,870486066
Burundi,BI,BDI,Africa,2024,gdp_per_capita_current_usd,154
Burundi,BI,BDI,Africa,2023,gdp_per_capita_current_usd,192
Burundi,BI,BDI,Africa,2022,gdp_per_capita_current_usd,251
Burundi,BI,BDI,Africa,2021,gdp_per_capita_current_usd,214
Burundi,BI,BDI,Africa,2020,gdp_per_capita_current_usd,210
Burundi,BI,BDI,Africa,2019,gdp_per_capita_current_usd,210
Burundi,BI,BDI,Africa,2018,gdp_per_capita_current_usd,225
Burundi,BI,BDI,Africa,2017,gdp_per_capita_current_usd,237
Burundi,BI,BDI,Africa,2016,gdp_per_capita_current_usd,235
Burundi,BI,BDI,Africa,2015,gdp_per_capita_current_usd,281
Burundi,BI,BDI,Africa,2014,gdp_per_capita_current_usd,251
Burundi,BI,BDI,Africa,2013,gdp_per_capita_current_usd,235
Burundi,BI,BDI,Africa,2012,gdp_per_capita_current_usd,232
Burundi,BI,BDI,Africa,2011,gdp_per_capita_current_usd,230
Burundi,BI,BDI,Africa,2010,gdp_per_capita_current_usd,217
Burundi,BI,BDI,Africa,2009,gdp_per_capita_current_usd,199
Burundi,BI,BDI,Africa,2008,gdp_per_capita_current_usd,190
Burundi,BI,BDI,Africa,2007,gdp_per_capita_current_usd,166
Burundi,BI,BDI,Africa,2006,gdp_per_capita_current_usd,162
Burundi,BI,BDI,Africa,2005,gdp_per_capita_current_usd,147
Burundi,BI,BDI,Africa,2004,gdp_per_capita_current_usd,125
Burundi,BI,BDI,Africa,2003,gdp_per_capita_current_usd,111
Burundi,BI,BDI,Africa,2002,gdp_per_capita_current_usd,121
Burundi,BI,BDI,Africa,2001,gdp_per_capita_current_usd,132
Burundi,BI,BDI,Africa,2000,gdp_per_capita_current_usd,135
Burundi,BI,BDI,Africa,2024,population_total,14047786
Burundi,BI,BDI,Africa,2023,population_total,13689450
Burundi,BI,BDI,Africa,2022,population_total,13321097
Burundi,BI,BDI,Africa,2021,population_total,12965481
Burundi,BI,BDI,Africa,2020,population_total,12617036
Burundi,BI,BDI,Africa,2019,population_total,12255336
Burundi,BI,BDI,Africa,2018,population_total,11859446
Burundi,BI,BDI,Africa,2017,population_total,11506762
Burundi,BI,BDI,Africa,2016,population_total,11239451
Burundi,BI,BDI,Africa,2015,population_total,11047580
Burundi,BI,BDI,Africa,2014,population_total,10799785
Burundi,BI,BDI,Africa,2013,population_total,10439341
Burundi,BI,BDI,Africa,2012,population_total,10071028
Burundi,BI,BDI,Africa,2011,population_total,9717978
Burundi,BI,BDI,Africa,2010,population_total,9376444
Burundi,BI,BDI,Africa,2009,population_total,8947646
Burundi,BI,BDI,Africa,2008,population_total,8505637
Burundi,BI,BDI,Africa,2007,population_total,8161874
Burundi,BI,BDI,Africa,2006,population_total,7865547
Burundi,BI,BDI,Africa,2005,population_total,7587299
Burundi,BI,BDI,Africa,2004,population_total,7310656
Burundi,BI,BDI,Africa,2003,population_total,7043154
Burundi,BI,BDI,Africa,2002,population_total,6824132
Burundi,BI,BDI,Africa,2001,population_total,6634365
Burundi,BI,BDI,Africa,2000,population_total,6470194
Belgium,BE,BEL,Europe,2024,gdp_current_usd,664564181487
Belgium,BE,BEL,Europe,2023,gdp_current_usd,644655275112
Belgium,BE,BEL,Europe,2022,gdp_current_usd,593614574326
Belgium,BE,BEL,Europe,2021,gdp_current_usd,598522422242
Belgium,BE,BEL,Europe,2020,gdp_current_usd,529694473502
Belgium,BE,BEL,Europe,2019,gdp_current_usd,536726344405
Belgium,BE,BEL,Europe,2018,gdp_current_usd,542638913428
Belgium,BE,BEL,Europe,2017,gdp_current_usd,500908767352
Belgium,BE,BEL,Europe,2016,gdp_current_usd,474271566740
Belgium,BE,BEL,Europe,2015,gdp_current_usd,461044767545
Belgium,BE,BEL,Europe,2014,gdp_current_usd,537987419164
Belgium,BE,BEL,Europe,2013,gdp_current_usd,524097026599
Belgium,BE,BEL,Europe,2012,gdp_current_usd,498414364945
Belgium,BE,BEL,Europe,2011,gdp_current_usd,527196649049
Belgium,BE,BEL,Europe,2010,gdp_current_usd,481556503720
Belgium,BE,BEL,Europe,2009,gdp_current_usd,485014525992
Belgium,BE,BEL,Europe,2008,gdp_current_usd,517328087920
Belgium,BE,BEL,Europe,2007,gdp_current_usd,470922156309
Belgium,BE,BEL,Europe,2006,gdp_current_usd,408259840869
Belgium,BE,BEL,Europe,2005,gdp_current_usd,385714762230
Belgium,BE,BEL,Europe,2004,gdp_current_usd,369214712443
Belgium,BE,BEL,Europe,2003,gdp_current_usd,318082528507
Belgium,BE,BEL,Europe,2002,gdp_current_usd,258383599375
Belgium,BE,BEL,Europe,2001,gdp_current_usd,236746141604
Belgium,BE,BEL,Europe,2000,gdp_current_usd,236792460312
Belgium,BE,BEL,Europe,2024,gdp_per_capita_current_usd,55955
Belgium,BE,BEL,Europe,2023,gdp_per_capita_current_usd,54690
Belgium,BE,BEL,Europe,2022,gdp_per_capita_current_usd,50822
Belgium,BE,BEL,Europe,2021,gdp_per_capita_current_usd,51658
Belgium,BE,BEL,Europe,2020,gdp_per_capita_current_usd,45906
Belgium,BE,BEL,Europe,2019,gdp_per_capita_current_usd,46717
Belgium,BE,BEL,Europe,2018,gdp_per_capita_current_usd,47487
Belgium,BE,BEL,Europe,2017,gdp_per_capita_current_usd,44035
Belgium,BE,BEL,Europe,2016,gdp_per_capita_current_usd,41855
Belgium,BE,BEL,Europe,2015,gdp_per_capita_current_usd,40894
Belgium,BE,BEL,Europe,2014,gdp_per_capita_current_usd,47996
Belgium,BE,BEL,Europe,2013,gdp_per_capita_current_usd,46965
Belgium,BE,BEL,Europe,2012,gdp_per_capita_current_usd,44874
Belgium,BE,BEL,Europe,2011,gdp_per_capita_current_usd,47761
Belgium,BE,BEL,Europe,2010,gdp_per_capita_current_usd,44197
Belgium,BE,BEL,Europe,2009,gdp_per_capita_current_usd,44923
Belgium,BE,BEL,Europe,2008,gdp_per_capita_current_usd,48303
Belgium,BE,BEL,Europe,2007,gdp_per_capita_current_usd,44319
Belgium,BE,BEL,Europe,2006,gdp_per_capita_current_usd,38705
Belgium,BE,BEL,Europe,2005,gdp_per_capita_current_usd,36810
Belgium,BE,BEL,Europe,2004,gdp_per_capita_current_usd,35429
Belgium,BE,BEL,Europe,2003,gdp_per_capita_current_usd,30655
Belgium,BE,BEL,Europe,2002,gdp_per_capita_current_usd,25006
Belgium,BE,BEL,Europe,2001,gdp_per_capita_current_usd,23015
Belgium,BE,BEL,Europe,2000,gdp_per_capita_current_usd,23099
Belgium,BE,BEL,Europe,2024,population_total,11876844
Belgium,BE,BEL,Europe,2023,population_total,11787423
Belgium,BE,BEL,Europe,2022,population_total,11680210
Belgium,BE,BEL,Europe,2021,population_total,11586195
Belgium,BE,BEL,Europe,2020,population_total,11538604
Belgium,BE,BEL,Europe,2019,population_total,11488980
Belgium,BE,BEL,Europe,2018,population_total,11427054
Belgium,BE,BEL,Europe,2017,population_total,11375158
Belgium,BE,BEL,Europe,2016,population_total,11331422
Belgium,BE,BEL,Europe,2015,population_total,11274196
Belgium,BE,BEL,Europe,2014,population_total,11209057
Belgium,BE,BEL,Europe,2013,population_total,11159407
Belgium,BE,BEL,Europe,2012,population_total,11106932
Belgium,BE,BEL,Europe,2011,population_total,11038264
Belgium,BE,BEL,Europe,2010,population_total,10895586
Belgium,BE,BEL,Europe,2009,population_total,10796493
Belgium,BE,BEL,Europe,2008,population_total,10709973
Belgium,BE,BEL,Europe,2007,population_total,10625700
Belgium,BE,BEL,Europe,2006,population_total,10547958
Belgium,BE,BEL,Europe,2005,population_total,10478617
Belgium,BE,BEL,Europe,2004,population_total,10421137
Belgium,BE,BEL,Europe,2003,population_total,10376133
Belgium,BE,BEL,Europe,2002,population_total,10332785
Belgium,BE,BEL,Europe,2001,population_total,10286570
Belgium,BE,BEL,Europe,2000,population_total,10251250
Benin,BJ,BEN,Africa,2024,gdp_current_usd,21482643720
Benin,BJ,BEN,Africa,2023,gdp_current_usd,19673290996
Benin,BJ,BEN,Africa,2022,gdp_current_usd,17425405084
Benin,BJ,BEN,Africa,2021,gdp_current_usd,17687623535
Benin,BJ,BEN,Africa,2020,gdp_current_usd,15686741894
Benin,BJ,BEN,Africa,2019,gdp_current_usd,14391686313
Benin,BJ,BEN,Africa,2018,gdp_current_usd,14262408090
Benin,BJ,BEN,Africa,2017,gdp_current_usd,12701655837
Benin,BJ,BEN,Africa,2016,gdp_current_usd,11821065853
Benin,BJ,BEN,Africa,2015,gdp_current_usd,11388160997
Benin,BJ,BEN,Africa,2014,gdp_current_usd,13284527847
Benin,BJ,BEN,Africa,2013,gdp_current_usd,12517845124
Benin,BJ,BEN,Africa,2012,gdp_current_usd,11141358116
Benin,BJ,BEN,Africa,2011,gdp_current_usd,10693321364
Benin,BJ,BEN,Africa,2010,gdp_current_usd,9535345016
Benin,BJ,BEN,Africa,2009,gdp_current_usd,9738626517
Benin,BJ,BEN,Africa,2008,gdp_current_usd,9787734526
Benin,BJ,BEN,Africa,2007,gdp_current_usd,8169048383
Benin,BJ,BEN,Africa,2006,gdp_current_usd,7034111315
Benin,BJ,BEN,Africa,2005,gdp_current_usd,6567654954
Benin,BJ,BEN,Africa,2004,gdp_current_usd,6190270380
Benin,BJ,BEN,Africa,2003,gdp_current_usd,5349258094
Benin,BJ,BEN,Africa,2002,gdp_current_usd,4194342686
Benin,BJ,BEN,Africa,2001,gdp_current_usd,3666222635
Benin,BJ,BEN,Africa,2000,gdp_current_usd,3519991440
Benin,BJ,BEN,Africa,2024,gdp_per_capita_current_usd,1485
Benin,BJ,BEN,Africa,2023,gdp_per_capita_current_usd,1394
Benin,BJ,BEN,Africa,2022,gdp_per_capita_current_usd,1266
Benin,BJ,BEN,Africa,2021,gdp_per_capita_current_usd,1319
Benin,BJ,BEN,Africa,2020,gdp_per_capita_current_usd,1200
Benin,BJ,BEN,Africa,2019,gdp_per_capita_current_usd,1131
Benin,BJ,BEN,Africa,2018,gdp_per_capita_current_usd,1152
Benin,BJ,BEN,Africa,2017,gdp_per_capita_current_usd,1055
Benin,BJ,BEN,Africa,2016,gdp_per_capita_current_usd,1011
Benin,BJ,BEN,Africa,2015,gdp_per_capita_current_usd,1002
Benin,BJ,BEN,Africa,2014,gdp_per_capita_current_usd,1204
Benin,BJ,BEN,Africa,2013,gdp_per_capita_current_usd,1169
Benin,BJ,BEN,Africa,2012,gdp_per_capita_current_usd,1072
Benin,BJ,BEN,Africa,2011,gdp_per_capita_current_usd,1059
Benin,BJ,BEN,Africa,2010,gdp_per_capita_current_usd,973
Benin,BJ,BEN,Africa,2009,gdp_per_capita_current_usd,1024
Benin,BJ,BEN,Africa,2008,gdp_per_capita_current_usd,1061
Benin,BJ,BEN,Africa,2007,gdp_per_capita_current_usd,912
Benin,BJ,BEN,Africa,2006,gdp_per_capita_current_usd,809
Benin,BJ,BEN,Africa,2005,gdp_per_capita_current_usd,779
Benin,BJ,BEN,Africa,2004,gdp_per_capita_current_usd,759
Benin,BJ,BEN,Africa,2003,gdp_per_capita_current_usd,676
Benin,BJ,BEN,Africa,2002,gdp_per_capita_current_usd,546
Benin,BJ,BEN,Africa,2001,gdp_per_capita_current_usd,492
Benin,BJ,BEN,Africa,2000,gdp_per_capita_current_usd,487
Benin,BJ,BEN,Africa,2024,population_total,14462724
Benin,BJ,BEN,Africa,2023,population_total,14111034
Benin,BJ,BEN,Africa,2022,population_total,13759501
Benin,BJ,BEN,Africa,2021,population_total,13413417
Benin,BJ,BEN,Africa,2020,population_total,13070169
Benin,BJ,BEN,Africa,2019,population_total,12726755
Benin,BJ,BEN,Africa,2018,population_total,12383347
Benin,BJ,BEN,Africa,2017,population_total,12039780
Benin,BJ,BEN,Africa,2016,population_total,11697842
Benin,BJ,BEN,Africa,2015,population_total,11360681
Benin,BJ,BEN,Africa,2014,population_total,11030004
Benin,BJ,BEN,Africa,2013,population_total,10708834
Benin,BJ,BEN,Africa,2012,population_total,10397657
Benin,BJ,BEN,Africa,2011,population_total,10093623
Benin,BJ,BEN,Africa,2010,population_total,9797484
Benin,BJ,BEN,Africa,2009,population_total,9509423
Benin,BJ,BEN,Africa,2008,population_total,9228466
Benin,BJ,BEN,Africa,2007,population_total,8953969
Benin,BJ,BEN,Africa,2006,population_total,8693242
Benin,BJ,BEN,Africa,2005,population_total,8426144
Benin,BJ,BEN,Africa,2004,population_total,8159094
Benin,BJ,BEN,Africa,2003,population_total,7913070
Benin,BJ,BEN,Africa,2002,population_total,7675426
Benin,BJ,BEN,Africa,2001,population_total,7445596
Benin,BJ,BEN,Africa,2000,population_total,7221619
Burkina Faso,BF,BFA,Africa,2024,gdp_current_usd,23250214910
Burkina Faso,BF,BFA,Africa,2023,gdp_current_usd,20324617845
Burkina Faso,BF,BFA,Africa,2022,gdp_current_usd,18820218691
Burkina Faso,BF,BFA,Africa,2021,gdp_current_usd,19697516284
Burkina Faso,BF,BFA,Africa,2020,gdp_current_usd,17725010533
Burkina Faso,BF,BFA,Africa,2019,gdp_current_usd,16032813503
Burkina Faso,BF,BFA,Africa,2018,gdp_current_usd,15890066221
Burkina Faso,BF,BFA,Africa,2017,gdp_current_usd,14106955615
Burkina Faso,BF,BFA,Africa,2016,gdp_current_usd,12833363045
Burkina Faso,BF,BFA,Africa,2015,gdp_current_usd,11832159316
Burkina Faso,BF,BFA,Africa,2014,gdp_current_usd,13943016077
Burkina Faso,BF,BFA,Africa,2013,gdp_current_usd,13444300486
Burkina Faso,BF,BFA,Africa,2012,gdp_current_usd,12561015157
Burkina Faso,BF,BFA,Africa,2011,gdp_current_usd,12080295978
Burkina Faso,BF,BFA,Africa,2010,gdp_current_usd,10109619741
Burkina Faso,BF,BFA,Africa,2009,gdp_current_usd,9450696873
Burkina Faso,BF,BFA,Africa,2008,gdp_current_usd,9451435490
Burkina Faso,BF,BFA,Africa,2007,gdp_current_usd,7625722837
Burkina Faso,BF,BFA,Africa,2006,gdp_current_usd,6547419820
Burkina Faso,BF,BFA,Africa,2005,gdp_current_usd,6146353173
Burkina Faso,BF,BFA,Africa,2004,gdp_current_usd,5451688538
Burkina Faso,BF,BFA,Africa,2003,gdp_current_usd,4740768143
Burkina Faso,BF,BFA,Africa,2002,gdp_current_usd,3622350063
Burkina Faso,BF,BFA,Africa,2001,gdp_current_usd,3190371081
Burkina Faso,BF,BFA,Africa,2000,gdp_current_usd,2968370088
Burkina Faso,BF,BFA,Africa,2024,gdp_per_capita_current_usd,987
Burkina Faso,BF,BFA,Africa,2023,gdp_per_capita_current_usd,883
Burkina Faso,BF,BFA,Africa,2022,gdp_per_capita_current_usd,836
Burkina Faso,BF,BFA,Africa,2021,gdp_per_capita_current_usd,896
Burkina Faso,BF,BFA,Africa,2020,gdp_per_capita_current_usd,825
Burkina Faso,BF,BFA,Africa,2019,gdp_per_capita_current_usd,765
Burkina Faso,BF,BFA,Africa,2018,gdp_per_capita_current_usd,777
Burkina Faso,BF,BFA,Africa,2017,gdp_per_capita_current_usd,709
Burkina Faso,BF,BFA,Africa,2016,gdp_per_capita_current_usd,664
Burkina Faso,BF,BFA,Africa,2015,gdp_per_capita_current_usd,630
Burkina Faso,BF,BFA,Africa,2014,gdp_per_capita_current_usd,765
Burkina Faso,BF,BFA,Africa,2013,gdp_per_capita_current_usd,760
Burkina Faso,BF,BFA,Africa,2012,gdp_per_capita_current_usd,731
Burkina Faso,BF,BFA,Africa,2011,gdp_per_capita_current_usd,725
Burkina Faso,BF,BFA,Africa,2010,gdp_per_capita_current_usd,625
Burkina Faso,BF,BFA,Africa,2009,gdp_per_capita_current_usd,602
Burkina Faso,BF,BFA,Africa,2008,gdp_per_capita_current_usd,619
Burkina Faso,BF,BFA,Africa,2007,gdp_per_capita_current_usd,515
Burkina Faso,BF,BFA,Africa,2006,gdp_per_capita_current_usd,456
Burkina Faso,BF,BFA,Africa,2005,gdp_per_capita_current_usd,441
Burkina Faso,BF,BFA,Africa,2004,gdp_per_capita_current_usd,404
Burkina Faso,BF,BFA,Africa,2003,gdp_per_capita_current_usd,362
Burkina Faso,BF,BFA,Africa,2002,gdp_per_capita_current_usd,286
Burkina Faso,BF,BFA,Africa,2001,gdp_per_capita_current_usd,259
Burkina Faso,BF,BFA,Africa,2000,gdp_per_capita_current_usd,249
Burkina Faso,BF,BFA,Africa,2024,population_total,23548781
Burkina Faso,BF,BFA,Africa,2023,population_total,23025776
Burkina Faso,BF,BFA,Africa,2022,population_total,22509038
Burkina Faso,BF,BFA,Africa,2021,population_total,21995243
Burkina Faso,BF,BFA,Africa,2020,population_total,21478690
Burkina Faso,BF,BFA,Africa,2019,population_total,20961952
Burkina Faso,BF,BFA,Africa,2018,population_total,20438288
Burkina Faso,BF,BFA,Africa,2017,population_total,19894407
Burkina Faso,BF,BFA,Africa,2016,population_total,19334856
Burkina Faso,BF,BFA,Africa,2015,population_total,18777487
Burkina Faso,BF,BFA,Africa,2014,population_total,18229461
Burkina Faso,BF,BFA,Africa,2013,population_total,17695409
Burkina Faso,BF,BFA,Africa,2012,population_total,17172287
Burkina Faso,BF,BFA,Africa,2011,population_total,16661908
Burkina Faso,BF,BFA,Africa,2010,population_total,16176498
Burkina Faso,BF,BFA,Africa,2009,population_total,15710066
Burkina Faso,BF,BFA,Africa,2008,population_total,15258093
Burkina Faso,BF,BFA,Africa,2007,population_total,14816307
Burkina Faso,BF,BFA,Africa,2006,population_total,14373707
Burkina Faso,BF,BFA,Africa,2005,population_total,13932123
Burkina Faso,BF,BFA,Africa,2004,population_total,13500533
Burkina Faso,BF,BFA,Africa,2003,population_total,13082532
Burkina Faso,BF,BFA,Africa,2002,population_total,12680897
Burkina Faso,BF,BFA,Africa,2001,population_total,12295001
Burkina Faso,BF,BFA,Africa,2000,population_total,11925546
Bangladesh,BD,BGD,Asia,2024,gdp_current_usd,450119424622
Bangladesh,BD,BGD,Asia,2023,gdp_current_usd,437415333018
Bangladesh,BD,BGD,Asia,2022,gdp_current_usd,460131689083
Bangladesh,BD,BGD,Asia,2021,gdp_current_usd,416271647911
Bangladesh,BD,BGD,Asia,2020,gdp_current_usd,373979442362
Bangladesh,BD,BGD,Asia,2019,gdp_current_usd,351231654604
Bangladesh,BD,BGD,Asia,2018,gdp_current_usd,321362752442
Bangladesh,BD,BGD,Asia,2017,gdp_current_usd,293732446625
Bangladesh,BD,BGD,Asia,2016,gdp_current_usd,265224515675
Bangladesh,BD,BGD,Asia,2015,gdp_current_usd,195146608978
Bangladesh,BD,BGD,Asia,2014,gdp_current_usd,172886611654
Bangladesh,BD,BGD,Asia,2013,gdp_current_usd,149998957434
Bangladesh,BD,BGD,Asia,2012,gdp_current_usd,133310747603
Bangladesh,BD,BGD,Asia,2011,gdp_current_usd,128607482310
Bangladesh,BD,BGD,Asia,2010,gdp_current_usd,115275540051
Bangladesh,BD,BGD,Asia,2009,gdp_current_usd,102475158191
Bangladesh,BD,BGD,Asia,2008,gdp_current_usd,91636997371
Bangladesh,BD,BGD,Asia,2007,gdp_current_usd,79611644975
Bangladesh,BD,BGD,Asia,2006,gdp_current_usd,71795736172
Bangladesh,BD,BGD,Asia,2005,gdp_current_usd,69476001239
Bangladesh,BD,BGD,Asia,2004,gdp_current_usd,65108544250
Bangladesh,BD,BGD,Asia,2003,gdp_current_usd,60158929188
Bangladesh,BD,BGD,Asia,2002,gdp_current_usd,54724081491
Bangladesh,BD,BGD,Asia,2001,gdp_current_usd,53991289844
Bangladesh,BD,BGD,Asia,2000,gdp_current_usd,53369787319
Bangladesh,BD,BGD,Asia,2024,gdp_per_capita_current_usd,2593
Bangladesh,BD,BGD,Asia,2023,gdp_per_capita_current_usd,2551
Bangladesh,BD,BGD,Asia,2022,gdp_per_capita_current_usd,2716
Bangladesh,BD,BGD,Asia,2021,gdp_per_capita_current_usd,2483
Bangladesh,BD,BGD,Asia,2020,gdp_per_capita_current_usd,2249
Bangladesh,BD,BGD,Asia,2019,gdp_per_capita_current_usd,2130
Bangladesh,BD,BGD,Asia,2018,gdp_per_capita_current_usd,1965
Bangladesh,BD,BGD,Asia,2017,gdp_per_capita_current_usd,1811
Bangladesh,BD,BGD,Asia,2016,gdp_per_capita_current_usd,1649
Bangladesh,BD,BGD,Asia,2015,gdp_per_capita_current_usd,1224
Bangladesh,BD,BGD,Asia,2014,gdp_per_capita_current_usd,1094
Bangladesh,BD,BGD,Asia,2013,gdp_per_capita_current_usd,958
Bangladesh,BD,BGD,Asia,2012,gdp_per_capita_current_usd,860
Bangladesh,BD,BGD,Asia,2011,gdp_per_capita_current_usd,837
Bangladesh,BD,BGD,Asia,2010,gdp_per_capita_current_usd,757
Bangladesh,BD,BGD,Asia,2009,gdp_per_capita_current_usd,679
Bangladesh,BD,BGD,Asia,2008,gdp_per_capita_current_usd,613
Bangladesh,BD,BGD,Asia,2007,gdp_per_capita_current_usd,538
Bangladesh,BD,BGD,Asia,2006,gdp_per_capita_current_usd,490
Bangladesh,BD,BGD,Asia,2005,gdp_per_capita_current_usd,480
Bangladesh,BD,BGD,Asia,2004,gdp_per_capita_current_usd,456
Bangladesh,BD,BGD,Asia,2003,gdp_per_capita_current_usd,427
Bangladesh,BD,BGD,Asia,2002,gdp_per_capita_current_usd,394
Bangladesh,BD,BGD,Asia,2001,gdp_per_capita_current_usd,395
Bangladesh,BD,BGD,Asia,2000,gdp_per_capita_current_usd,397
Bangladesh,BD,BGD,Asia,2024,population_total,173562364
Bangladesh,BD,BGD,Asia,2023,population_total,171466990
Bangladesh,BD,BGD,Asia,2022,population_total,169384897
Bangladesh,BD,BGD,Asia,2021,population_total,167658854
Bangladesh,BD,BGD,Asia,2020,population_total,166298024
Bangladesh,BD,BGD,Asia,2019,population_total,164913055
Bangladesh,BD,BGD,Asia,2018,population_total,163523103
Bangladesh,BD,BGD,Asia,2017,population_total,162186147
Bangladesh,BD,BGD,Asia,2016,population_total,160811932
Bangladesh,BD,BGD,Asia,2015,population_total,159383179
Bangladesh,BD,BGD,Asia,2014,population_total,157964929
Bangladesh,BD,BGD,Asia,2013,population_total,156532141
Bangladesh,BD,BGD,Asia,2012,population_total,155070101
Bangladesh,BD,BGD,Asia,2011,population_total,153591076
Bangladesh,BD,BGD,Asia,2010,population_total,152201981
Bangladesh,BD,BGD,Asia,2009,population_total,150873714
Bangladesh,BD,BGD,Asia,2008,population_total,149474264
Bangladesh,BD,BGD,Asia,2007,population_total,147989278
Bangladesh,BD,BGD,Asia,2006,population_total,146405973
Bangladesh,BD,BGD,Asia,2005,population_total,144715786
Bangladesh,BD,BGD,Asia,2004,population_total,142902856
Bangladesh,BD,BGD,Asia,2003,population_total,140970351
Bangladesh,BD,BGD,Asia,2002,population_total,138933658
Bangladesh,BD,BGD,Asia,2001,population_total,136805810
Bangladesh,BD,BGD,Asia,2000,population_total,134544304
Bulgaria,BG,BGR,Europe,2024,gdp_current_usd,112211952704
Bulgaria,BG,BGR,Europe,2023,gdp_current_usd,102396840296
Bulgaria,BG,BGR,Europe,2022,gdp_current_usd,90509236929
Bulgaria,BG,BGR,Europe,2021,gdp_current_usd,84414122840
Bulgaria,BG,BGR,Europe,2020,gdp_current_usd,70550652467
Bulgaria,BG,BGR,Europe,2019,gdp_current_usd,68634004792
Bulgaria,BG,BGR,Europe,2018,gdp_current_usd,66251582036
Bulgaria,BG,BGR,Europe,2017,gdp_current_usd,59167647388
Bulgaria,BG,BGR,Europe,2016,gdp_current_usd,53929397039
Bulgaria,BG,BGR,Europe,2015,gdp_current_usd,50765918159
Bulgaria,BG,BGR,Europe,2014,gdp_current_usd,57080897012
Bulgaria,BG,BGR,Europe,2013,gdp_current_usd,55819262375
Bulgaria,BG,BGR,Europe,2012,gdp_current_usd,54297052002
Bulgaria,BG,BGR,Europe,2011,gdp_current_usd,57681293007
Bulgaria,BG,BGR,Europe,2010,gdp_current_usd,50689051382
Bulgaria,BG,BGR,Europe,2009,gdp_current_usd,52023801230
Bulgaria,BG,BGR,Europe,2008,gdp_current_usd,54480684188
Bulgaria,BG,BGR,Europe,2007,gdp_current_usd,44431257129
Bulgaria,BG,BGR,Europe,2006,gdp_current_usd,34380536496
Bulgaria,BG,BGR,Europe,2005,gdp_current_usd,29868657858
Bulgaria,BG,BGR,Europe,2004,gdp_current_usd,26157743369
Bulgaria,BG,BGR,Europe,2003,gdp_current_usd,21144957990
Bulgaria,BG,BGR,Europe,2002,gdp_current_usd,16403043850
Bulgaria,BG,BGR,Europe,2001,gdp_current_usd,14183446026
Bulgaria,BG,BGR,Europe,2000,gdp_current_usd,13245990274
Bulgaria,BG,BGR,Europe,2024,gdp_per_capita_current_usd,17412
Bulgaria,BG,BGR,Europe,2023,gdp_per_capita_current_usd,15884
Bulgaria,BG,BGR,Europe,2022,gdp_per_capita_current_usd,14000
Bulgaria,BG,BGR,Europe,2021,gdp_per_capita_current_usd,12972
Bulgaria,BG,BGR,Europe,2020,gdp_per_capita_current_usd,10770
Bulgaria,BG,BGR,Europe,2019,gdp_per_capita_current_usd,10373
Bulgaria,BG,BGR,Europe,2018,gdp_per_capita_current_usd,9872
Bulgaria,BG,BGR,Europe,2017,gdp_per_capita_current_usd,8697
Bulgaria,BG,BGR,Europe,2016,gdp_per_capita_current_usd,7822
Bulgaria,BG,BGR,Europe,2015,gdp_per_capita_current_usd,7269
Bulgaria,BG,BGR,Europe,2014,gdp_per_capita_current_usd,8070
Bulgaria,BG,BGR,Europe,2013,gdp_per_capita_current_usd,7796
Bulgaria,BG,BGR,Europe,2012,gdp_per_capita_current_usd,7432
Bulgaria,BG,BGR,Europe,2011,gdp_per_capita_current_usd,7850
Bulgaria,BG,BGR,Europe,2010,gdp_per_capita_current_usd,6854
Bulgaria,BG,BGR,Europe,2009,gdp_per_capita_current_usd,6988
Bulgaria,BG,BGR,Europe,2008,gdp_per_capita_current_usd,7271
Bulgaria,BG,BGR,Europe,2007,gdp_per_capita_current_usd,5889
Bulgaria,BG,BGR,Europe,2006,gdp_per_capita_current_usd,4523
Bulgaria,BG,BGR,Europe,2005,gdp_per_capita_current_usd,3900
Bulgaria,BG,BGR,Europe,2004,gdp_per_capita_current_usd,3390
Bulgaria,BG,BGR,Europe,2003,gdp_per_capita_current_usd,2719
Bulgaria,BG,BGR,Europe,2002,gdp_per_capita_current_usd,2093
Bulgaria,BG,BGR,Europe,2001,gdp_per_capita_current_usd,1771
Bulgaria,BG,BGR,Europe,2000,gdp_per_capita_current_usd,1621
Bulgaria,BG,BGR,Europe,2024,population_total,6444366
Bulgaria,BG,BGR,Europe,2023,population_total,6446596
Bulgaria,BG,BGR,Europe,2022,population_total,6465097
Bulgaria,BG,BGR,Europe,2021,population_total,6507301
Bulgaria,BG,BGR,Europe,2020,population_total,6550696
Bulgaria,BG,BGR,Europe,2019,population_total,6616726
Bulgaria,BG,BGR,Europe,2018,population_total,6710798
Bulgaria,BG,BGR,Europe,2017,population_total,6803468
Bulgaria,BG,BGR,Europe,2016,population_total,6894139
Bulgaria,BG,BGR,Europe,2015,population_total,6984225
Bulgaria,BG,BGR,Europe,2014,population_total,7073572
Bulgaria,BG,BGR,Europe,2013,population_total,7160005
Bulgaria,BG,BGR,Europe,2012,population_total,7305888
Bulgaria,BG,BGR,Europe,2011,population_total,7348328
Bulgaria,BG,BGR,Europe,2010,population_total,7395599
Bulgaria,BG,BGR,Europe,2009,population_total,7444443
Bulgaria,BG,BGR,Europe,2008,population_total,7492561
Bulgaria,BG,BGR,Europe,2007,population_total,7545338
Bulgaria,BG,BGR,Europe,2006,population_total,7601022
Bulgaria,BG,BGR,Europe,2005,population_total,7658972
Bulgaria,BG,BGR,Europe,2004,population_total,7716860
Bulgaria,BG,BGR,Europe,2003,population_total,7775327
Bulgaria,BG,BGR,Europe,2002,population_total,7837161
Bulgaria,BG,BGR,Europe,2001,population_total,8009142
Bulgaria,BG,BGR,Europe,2000,population_total,8170172
Bahrain,BH,BHR,Asia,2024,gdp_current_usd,47736702128
Bahrain,BH,BHR,Asia,2023,gdp_current_usd,46192260638
Bahrain,BH,BHR,Asia,2022,gdp_current_usd,46458191489
Bahrain,BH,BHR,Asia,2021,gdp_current_usd,40840212766
Bahrain,BH,BHR,Asia,2020,gdp_current_usd,35837632979
Bahrain,BH,BHR,Asia,2019,gdp_current_usd,40446808511
Bahrain,BH,BHR,Asia,2018,gdp_current_usd,39567978723
Bahrain,BH,BHR,Asia,2017,gdp_current_usd,37204813830
Bahrain,BH,BHR,Asia,2016,gdp_current_usd,33884680851
Bahrain,BH,BHR,Asia,2015,gdp_current_usd,32523297872
Bahrain,BH,BHR,Asia,2014,gdp_current_usd,34772526596
Bahrain,BH,BHR,Asia,2013,gdp_current_usd,33823324468
Bahrain,BH,BHR,Asia,2012,gdp_current_usd,31963404255
Bahrain,BH,BHR,Asia,2011,gdp_current_usd,29914680851
Bahrain,BH,BHR,Asia,2010,gdp_current_usd,26805984043
Bahrain,BH,BHR,Asia,2009,gdp_current_usd,22938218085
Bahrain,BH,BHR,Asia,2008,gdp_current_usd,25710904255
Bahrain,BH,BHR,Asia,2007,gdp_current_usd,21730000000
Bahrain,BH,BHR,Asia,2006,gdp_current_usd,18504760638
Bahrain,BH,BHR,Asia,2005,gdp_current_usd,15968723404
Bahrain,BH,BHR,Asia,2004,gdp_current_usd,13150159574
Bahrain,BH,BHR,Asia,2003,gdp_current_usd,11074813830
Bahrain,BH,BHR,Asia,2002,gdp_current_usd,9593510638
Bahrain,BH,BHR,Asia,2001,gdp_current_usd,8976196809
Bahrain,BH,BHR,Asia,2000,gdp_current_usd,9062898936
Bahrain,BH,BHR,Asia,2024,gdp_per_capita_current_usd,30048
Bahrain,BH,BHR,Asia,2023,gdp_per_capita_current_usd,29290
Bahrain,BH,BHR,Asia,2022,gdp_per_capita_current_usd,30471
Bahrain,BH,BHR,Asia,2021,gdp_per_capita_current_usd,27148
Bahrain,BH,BHR,Asia,2020,gdp_per_capita_current_usd,24343
Bahrain,BH,BHR,Asia,2019,gdp_per_capita_current_usd,27260
Bahrain,BH,BHR,Asia,2018,gdp_per_capita_current_usd,26324
Bahrain,BH,BHR,Asia,2017,gdp_per_capita_current_usd,24785
Bahrain,BH,BHR,Asia,2016,gdp_per_capita_current_usd,23800
Bahrain,BH,BHR,Asia,2015,gdp_per_capita_current_usd,23734
Bahrain,BH,BHR,Asia,2014,gdp_per_capita_current_usd,26452
Bahrain,BH,BHR,Asia,2013,gdp_per_capita_current_usd,26990
Bahrain,BH,BHR,Asia,2012,gdp_per_capita_current_usd,26439
Bahrain,BH,BHR,Asia,2011,gdp_per_capita_current_usd,25033
Bahrain,BH,BHR,Asia,2010,gdp_per_capita_current_usd,21819
Bahrain,BH,BHR,Asia,2009,gdp_per_capita_current_usd,19465
Bahrain,BH,BHR,Asia,2008,gdp_per_capita_current_usd,23299
Bahrain,BH,BHR,Asia,2007,gdp_per_capita_current_usd,20908
Bahrain,BH,BHR,Asia,2006,gdp_per_capita_current_usd,19267
Bahrain,BH,BHR,Asia,2005,gdp_per_capita_current_usd,17966
Bahrain,BH,BHR,Asia,2004,gdp_per_capita_current_usd,15964
Bahrain,BH,BHR,Asia,2003,gdp_per_capita_current_usd,14486
Bahrain,BH,BHR,Asia,2002,gdp_per_capita_current_usd,13501
Bahrain,BH,BHR,Asia,2001,gdp_per_capita_current_usd,13573
Bahrain,BH,BHR,Asia,2000,gdp_per_capita_current_usd,14214
Bahrain,BH,BHR,Asia,2024,population_total,1588670
Bahrain,BH,BHR,Asia,2023,population_total,1577059
Bahrain,BH,BHR,Asia,2022,population_total,1524693
Bahrain,BH,BHR,Asia,2021,population_total,1504365
Bahrain,BH,BHR,Asia,2020,population_total,1472204
Bahrain,BH,BHR,Asia,2019,population_total,1483756
Bahrain,BH,BHR,Asia,2018,population_total,1503091
Bahrain,BH,BHR,Asia,2017,population_total,1501116
Bahrain,BH,BHR,Asia,2016,population_total,1423726
Bahrain,BH,BHR,Asia,2015,population_total,1370322
Bahrain,BH,BHR,Asia,2014,population_total,1314562
Bahrain,BH,BHR,Asia,2013,population_total,1253191
Bahrain,BH,BHR,Asia,2012,population_total,1208964
Bahrain,BH,BHR,Asia,2011,population_total,1195020
Bahrain,BH,BHR,Asia,2010,population_total,1228543
Bahrain,BH,BHR,Asia,2009,population_total,1178415
Bahrain,BH,BHR,Asia,2008,population_total,1103496
Bahrain,BH,BHR,Asia,2007,population_total,1039295
Bahrain,BH,BHR,Asia,2006,population_total,960424
Bahrain,BH,BHR,Asia,2005,population_total,888822
Bahrain,BH,BHR,Asia,2004,population_total,823741
Bahrain,BH,BHR,Asia,2003,population_total,764517
Bahrain,BH,BHR,Asia,2002,population_total,710553
Bahrain,BH,BHR,Asia,2001,population_total,661316
Bahrain,BH,BHR,Asia,2000,population_total,637582
Bahamas,BS,BHS,North America,2024,gdp_current_usd,15832800000
Bahamas,BS,BHS,North America,2023,gdp_current_usd,15271300000
Bahamas,BS,BHS,North America,2022,gdp_current_usd,13896800000
Bahamas,BS,BHS,North America,2021,gdp_current_usd,12037000000
Bahamas,BS,BHS,North America,2020,gdp_current_usd,10363200000
Bahamas,BS,BHS,North America,2019,gdp_current_usd,13277000000
Bahamas,BS,BHS,North America,2018,gdp_current_usd,12819200000
Bahamas,BS,BHS,North America,2017,gdp_current_usd,12446900000
Bahamas,BS,BHS,North America,2016,gdp_current_usd,11880900000
Bahamas,BS,BHS,North America,2015,gdp_current_usd,11837600000
Bahamas,BS,BHS,North America,2014,gdp_current_usd,11139100000
Bahamas,BS,BHS,North America,2013,gdp_current_usd,10475300000
Bahamas,BS,BHS,North America,2012,gdp_current_usd,10720400000
Bahamas,BS,BHS,North America,2011,gdp_current_usd,10070450000
Bahamas,BS,BHS,North America,2010,gdp_current_usd,10095760000
Bahamas,BS,BHS,North America,2009,gdp_current_usd,9981960000
Bahamas,BS,BHS,North America,2008,gdp_current_usd,10526000000
Bahamas,BS,BHS,North America,2007,gdp_current_usd,10618340000
Bahamas,BS,BHS,North America,2006,gdp_current_usd,10167250000
Bahamas,BS,BHS,North America,2005,gdp_current_usd,9836200000
Bahamas,BS,BHS,North America,2004,gdp_current_usd,9055290000
Bahamas,BS,BHS,North America,2003,gdp_current_usd,8870090000
Bahamas,BS,BHS,North America,2002,gdp_current_usd,8881160000
Bahamas,BS,BHS,North America,2001,gdp_current_usd,8317830000
Bahamas,BS,BHS,North America,2000,gdp_current_usd,8076470000
Bahamas,BS,BHS,North America,2024,gdp_per_capita_current_usd,39455
Bahamas,BS,BHS,North America,2023,gdp_per_capita_current_usd,38232
Bahamas,BS,BHS,North America,2022,gdp_per_capita_current_usd,34957
Bahamas,BS,BHS,North America,2021,gdp_per_capita_current_usd,30368
Bahamas,BS,BHS,North America,2020,gdp_per_capita_current_usd,26179
Bahamas,BS,BHS,North America,2019,gdp_per_capita_current_usd,33640
Bahamas,BS,BHS,North America,2018,gdp_per_capita_current_usd,32642
Bahamas,BS,BHS,North America,2017,gdp_per_capita_current_usd,31875
Bahamas,BS,BHS,North America,2016,gdp_per_capita_current_usd,30617
Bahamas,BS,BHS,North America,2015,gdp_per_capita_current_usd,30719
Bahamas,BS,BHS,North America,2014,gdp_per_capita_current_usd,29137
Bahamas,BS,BHS,North America,2013,gdp_per_capita_current_usd,27643
Bahamas,BS,BHS,North America,2012,gdp_per_capita_current_usd,28552
Bahamas,BS,BHS,North America,2011,gdp_per_capita_current_usd,27091
Bahamas,BS,BHS,North America,2010,gdp_per_capita_current_usd,27473
Bahamas,BS,BHS,North America,2009,gdp_per_capita_current_usd,27513
Bahamas,BS,BHS,North America,2008,gdp_per_capita_current_usd,29392
Bahamas,BS,BHS,North America,2007,gdp_per_capita_current_usd,30052
Bahamas,BS,BHS,North America,2006,gdp_per_capita_current_usd,29185
Bahamas,BS,BHS,North America,2005,gdp_per_capita_current_usd,28602
Bahamas,BS,BHS,North America,2004,gdp_per_capita_current_usd,26650
Bahamas,BS,BHS,North America,2003,gdp_per_capita_current_usd,26429
Bahamas,BS,BHS,North America,2002,gdp_per_capita_current_usd,26782
Bahamas,BS,BHS,North America,2001,gdp_per_capita_current_usd,25372
Bahamas,BS,BHS,North America,2000,gdp_per_capita_current_usd,24940
Bahamas,BS,BHS,North America,2024,population_total,401283
Bahamas,BS,BHS,North America,2023,population_total,399440
Bahamas,BS,BHS,North America,2022,population_total,397538
Bahamas,BS,BHS,North America,2021,population_total,396373
Bahamas,BS,BHS,North America,2020,population_total,395863
Bahamas,BS,BHS,North America,2019,population_total,394675
Bahamas,BS,BHS,North America,2018,population_total,392717
Bahamas,BS,BHS,North America,2017,population_total,390485
Bahamas,BS,BHS,North America,2016,population_total,388055
Bahamas,BS,BHS,North America,2015,population_total,385346
Bahamas,BS,BHS,North America,2014,population_total,382298
Bahamas,BS,BHS,North America,2013,population_total,378953
Bahamas,BS,BHS,North America,2012,population_total,375469
Bahamas,BS,BHS,North America,2011,population_total,371729
Bahamas,BS,BHS,North America,2010,population_total,367478
Bahamas,BS,BHS,North America,2009,population_total,362810
Bahamas,BS,BHS,North America,2008,population_total,358120
Bahamas,BS,BHS,North America,2007,population_total,353334
Bahamas,BS,BHS,North America,2006,population_total,348375
Bahamas,BS,BHS,North America,2005,population_total,343894
Bahamas,BS,BHS,North America,2004,population_total,339782
Bahamas,BS,BHS,North America,2003,population_total,335618
Bahamas,BS,BHS,North America,2002,population_total,331614
Bahamas,BS,BHS,North America,2001,population_total,327836
Bahamas,BS,BHS,North America,2000,population_total,323835
Bosnia and Herzegovina,BA,BIH,Europe,2024,gdp_current_usd,28343394203
Bosnia and Herzegovina,BA,BIH,Europe,2023,gdp_current_usd,27592361388
Bosnia and Herzegovina,BA,BIH,Europe,2022,gdp_current_usd,24534663636
Bosnia and Herzegovina,BA,BIH,Europe,2021,gdp_current_usd,23672712242
Bosnia and Herzegovina,BA,BIH,Europe,2020,gdp_current_usd,20226036564
Bosnia and Herzegovina,BA,BIH,Europe,2019,gdp_current_usd,20482608755
Bosnia and Herzegovina,BA,BIH,Europe,2018,gdp_current_usd,20484053869
Bosnia and Herzegovina,BA,BIH,Europe,2017,gdp_current_usd,18326373366
Bosnia and Herzegovina,BA,BIH,Europe,2016,gdp_current_usd,17116926328
Bosnia and Herzegovina,BA,BIH,Europe,2015,gdp_current_usd,16404348871
Bosnia and Herzegovina,BA,BIH,Europe,2014,gdp_current_usd,18558733564
Bosnia and Herzegovina,BA,BIH,Europe,2013,gdp_current_usd,18179108531
Bosnia and Herzegovina,BA,BIH,Europe,2012,gdp_current_usd,17226735996
Bosnia and Herzegovina,BA,BIH,Europe,2011,gdp_current_usd,18644233537
Bosnia and Herzegovina,BA,BIH,Europe,2010,gdp_current_usd,17176315804
Bosnia and Herzegovina,BA,BIH,Europe,2009,gdp_current_usd,17613949091
Bosnia and Herzegovina,BA,BIH,Europe,2008,gdp_current_usd,19112796623
Bosnia and Herzegovina,BA,BIH,Europe,2007,gdp_current_usd,15778734264
Bosnia and Herzegovina,BA,BIH,Europe,2006,gdp_current_usd,12864841906
Bosnia and Herzegovina,BA,BIH,Europe,2005,gdp_current_usd,11222796337
Bosnia and Herzegovina,BA,BIH,Europe,2004,gdp_current_usd,10156541538
Bosnia and Herzegovina,BA,BIH,Europe,2003,gdp_current_usd,8498894359
Bosnia and Herzegovina,BA,BIH,Europe,2002,gdp_current_usd,6728220887
Bosnia and Herzegovina,BA,BIH,Europe,2001,gdp_current_usd,5800615466
Bosnia and Herzegovina,BA,BIH,Europe,2000,gdp_current_usd,5567772769
Bosnia and Herzegovina,BA,BIH,Europe,2024,gdp_per_capita_current_usd,8957
Bosnia and Herzegovina,BA,BIH,Europe,2023,gdp_per_capita_current_usd,8663
Bosnia and Herzegovina,BA,BIH,Europe,2022,gdp_per_capita_current_usd,7656
Bosnia and Herzegovina,BA,BIH,Europe,2021,gdp_per_capita_current_usd,7295
Bosnia and Herzegovina,BA,BIH,Europe,2020,gdp_per_capita_current_usd,6130
Bosnia and Herzegovina,BA,BIH,Europe,2019,gdp_per_capita_current_usd,6122
Bosnia and Herzegovina,BA,BIH,Europe,2018,gdp_per_capita_current_usd,6048
Bosnia and Herzegovina,BA,BIH,Europe,2017,gdp_per_capita_current_usd,5345
Bosnia and Herzegovina,BA,BIH,Europe,2016,gdp_per_capita_current_usd,4929
Bosnia and Herzegovina,BA,BIH,Europe,2015,gdp_per_capita_current_usd,4662
Bosnia and Herzegovina,BA,BIH,Europe,2014,gdp_per_capita_current_usd,5206
Bosnia and Herzegovina,BA,BIH,Europe,2013,gdp_per_capita_current_usd,5035
Bosnia and Herzegovina,BA,BIH,Europe,2012,gdp_per_capita_current_usd,4694
Bosnia and Herzegovina,BA,BIH,Europe,2011,gdp_per_capita_current_usd,4983
Bosnia and Herzegovina,BA,BIH,Europe,2010,gdp_per_capita_current_usd,4506
Bosnia and Herzegovina,BA,BIH,Europe,2009,gdp_per_capita_current_usd,4540
Bosnia and Herzegovina,BA,BIH,Europe,2008,gdp_per_capita_current_usd,4842
Bosnia and Herzegovina,BA,BIH,Europe,2007,gdp_per_capita_current_usd,3931
Bosnia and Herzegovina,BA,BIH,Europe,2006,gdp_per_capita_current_usd,3166
Bosnia and Herzegovina,BA,BIH,Europe,2005,gdp_per_capita_current_usd,2740
Bosnia and Herzegovina,BA,BIH,Europe,2004,gdp_per_capita_current_usd,2453
Bosnia and Herzegovina,BA,BIH,Europe,2003,gdp_per_capita_current_usd,2034
Bosnia and Herzegovina,BA,BIH,Europe,2002,gdp_per_capita_current_usd,1607
Bosnia and Herzegovina,BA,BIH,Europe,2001,gdp_per_capita_current_usd,1388
Bosnia and Herzegovina,BA,BIH,Europe,2000,gdp_per_capita_current_usd,1338
Bosnia and Herzegovina,BA,BIH,Europe,2024,population_total,3164253
Bosnia and Herzegovina,BA,BIH,Europe,2023,population_total,3185073
Bosnia and Herzegovina,BA,BIH,Europe,2022,population_total,3204802
Bosnia and Herzegovina,BA,BIH,Europe,2021,population_total,3244907
Bosnia and Herzegovina,BA,BIH,Europe,2020,population_total,3299349
Bosnia and Herzegovina,BA,BIH,Europe,2019,population_total,3345533
Bosnia and Herzegovina,BA,BIH,Europe,2018,population_total,3387000
Bosnia and Herzegovina,BA,BIH,Europe,2017,population_total,3428682
Bosnia and Herzegovina,BA,BIH,Europe,2016,population_total,3473003
Bosnia and Herzegovina,BA,BIH,Europe,2015,population_total,3518541
Bosnia and Herzegovina,BA,BIH,Europe,2014,population_total,3564829
Bosnia and Herzegovina,BA,BIH,Europe,2013,population_total,3610859
Bosnia and Herzegovina,BA,BIH,Europe,2012,population_total,3670113
Bosnia and Herzegovina,BA,BIH,Europe,2011,population_total,3741798
Bosnia and Herzegovina,BA,BIH,Europe,2010,population_total,3811472
Bosnia and Herzegovina,BA,BIH,Europe,2009,population_total,3879794
Bosnia and Herzegovina,BA,BIH,Europe,2008,population_total,3947544
Bosnia and Herzegovina,BA,BIH,Europe,2007,population_total,4013424
Bosnia and Herzegovina,BA,BIH,Europe,2006,population_total,4063272
Bosnia and Herzegovina,BA,BIH,Europe,2005,population_total,4096493
Bosnia and Herzegovina,BA,BIH,Europe,2004,population_total,4140987
Bosnia and Herzegovina,BA,BIH,Europe,2003,population_total,4178523
Bosnia and Herzegovina,BA,BIH,Europe,2002,population_total,4188002
Bosnia and Herzegovina,BA,BIH,Europe,2001,population_total,4179438
Bosnia and Herzegovina,BA,BIH,Europe,2000,population_total,4159771
Belarus,BY,BLR,Europe,2024,gdp_current_usd,75961865472
Belarus,BY,BLR,Europe,2023,gdp_current_usd,72478760370
Belarus,BY,BLR,Europe,2022,gdp_current_usd,73775179925
Belarus,BY,BLR,Europe,2021,gdp_current_usd,69673747132
Belarus,BY,BLR,Europe,2020,gdp_current_usd,61371673345
Belarus,BY,BLR,Europe,2019,gdp_current_usd,64410170653
Belarus,BY,BLR,Europe,2018,gdp_current_usd,60031026576
Belarus,BY,BLR,Europe,2017,gdp_current_usd,54725405751
Belarus,BY,BLR,Europe,2016,gdp_current_usd,47723545321
Belarus,BY,BLR,Europe,2015,gdp_current_usd,56454769845
Belarus,BY,BLR,Europe,2014,gdp_current_usd,78813069121
Belarus,BY,BLR,Europe,2013,gdp_current_usd,75527558966
Belarus,BY,BLR,Europe,2012,gdp_current_usd,65685890439
Belarus,BY,BLR,Europe,2011,gdp_current_usd,61762382328
Belarus,BY,BLR,Europe,2010,gdp_current_usd,57231904543
Belarus,BY,BLR,Europe,2009,gdp_current_usd,50873167326
Belarus,BY,BLR,Europe,2008,gdp_current_usd,60752106347
Belarus,BY,BLR,Europe,2007,gdp_current_usd,45275711996
Belarus,BY,BLR,Europe,2006,gdp_current_usd,36961894281
Belarus,BY,BLR,Europe,2005,gdp_current_usd,30210091837
Belarus,BY,BLR,Europe,2004,gdp_current_usd,23141566293
Belarus,BY,BLR,Europe,2003,gdp_current_usd,17825444724
Belarus,BY,BLR,Europe,2002,gdp_current_usd,14594900945
Belarus,BY,BLR,Europe,2001,gdp_current_usd,12354820144
Belarus,BY,BLR,Europe,2000,gdp_current_usd,12736780455
Belarus,BY,BLR,Europe,2024,gdp_per_capita_current_usd,8317
Belarus,BY,BLR,Europe,2023,gdp_per_capita_current_usd,7897
Belarus,BY,BLR,Europe,2022,gdp_per_capita_current_usd,7995
Belarus,BY,BLR,Europe,2021,gdp_per_capita_current_usd,7490
Belarus,BY,BLR,Europe,2020,gdp_per_capita_current_usd,6543
Belarus,BY,BLR,Europe,2019,gdp_per_capita_current_usd,6838
Belarus,BY,BLR,Europe,2018,gdp_per_capita_current_usd,6360
Belarus,BY,BLR,Europe,2017,gdp_per_capita_current_usd,5786
Belarus,BY,BLR,Europe,2016,gdp_per_capita_current_usd,5040
Belarus,BY,BLR,Europe,2015,gdp_per_capita_current_usd,5967
Belarus,BY,BLR,Europe,2014,gdp_per_capita_current_usd,8341
Belarus,BY,BLR,Europe,2013,gdp_per_capita_current_usd,7998
Belarus,BY,BLR,Europe,2012,gdp_per_capita_current_usd,6953
Belarus,BY,BLR,Europe,2011,gdp_per_capita_current_usd,6528
Belarus,BY,BLR,Europe,2010,gdp_per_capita_current_usd,6035
Belarus,BY,BLR,Europe,2009,gdp_per_capita_current_usd,5352
Belarus,BY,BLR,Europe,2008,gdp_per_capita_current_usd,6376
Belarus,BY,BLR,Europe,2007,gdp_per_capita_current_usd,4735
Belarus,BY,BLR,Europe,2006,gdp_per_capita_current_usd,3848
Belarus,BY,BLR,Europe,2005,gdp_per_capita_current_usd,3126
Belarus,BY,BLR,Europe,2004,gdp_per_capita_current_usd,2378
Belarus,BY,BLR,Europe,2003,gdp_per_capita_current_usd,1820
Belarus,BY,BLR,Europe,2002,gdp_per_capita_current_usd,1479
Belarus,BY,BLR,Europe,2001,gdp_per_capita_current_usd,1244
Belarus,BY,BLR,Europe,2000,gdp_per_capita_current_usd,1276
Belarus,BY,BLR,Europe,2024,population_total,9133712
Belarus,BY,BLR,Europe,2023,population_total,9178298
Belarus,BY,BLR,Europe,2022,population_total,9228071
Belarus,BY,BLR,Europe,2021,population_total,9302585
Belarus,BY,BLR,Europe,2020,population_total,9379952
Belarus,BY,BLR,Europe,2019,population_total,9419758
Belarus,BY,BLR,Europe,2018,population_total,9438785
Belarus,BY,BLR,Europe,2017,population_total,9458989
Belarus,BY,BLR,Europe,2016,population_total,9469379
Belarus,BY,BLR,Europe,2015,population_total,9461076
Belarus,BY,BLR,Europe,2014,population_total,9448515
Belarus,BY,BLR,Europe,2013,population_total,9443211
Belarus,BY,BLR,Europe,2012,population_total,9446836
Belarus,BY,BLR,Europe,2011,population_total,9461643
Belarus,BY,BLR,Europe,2010,population_total,9483836
Belarus,BY,BLR,Europe,2009,population_total,9504583
Belarus,BY,BLR,Europe,2008,population_total,9527985
Belarus,BY,BLR,Europe,2007,population_total,9560953
Belarus,BY,BLR,Europe,2006,population_total,9604924
Belarus,BY,BLR,Europe,2005,population_total,9663915
Belarus,BY,BLR,Europe,2004,population_total,9730146
Belarus,BY,BLR,Europe,2003,population_total,9796749
Belarus,BY,BLR,Europe,2002,population_total,9865548
Belarus,BY,BLR,Europe,2001,population_total,9928549
Belarus,BY,BLR,Europe,2000,population_total,9979610
Belize,BZ,BLZ,North America,2024,gdp_current_usd,3515783329
Belize,BZ,BLZ,North America,2023,gdp_current_usd,3066850000
Belize,BZ,BLZ,North America,2022,gdp_current_usd,2846700000
Belize,BZ,BLZ,North America,2021,gdp_current_usd,2420550000
Belize,BZ,BLZ,North America,2020,gdp_current_usd,2042850000
Belize,BZ,BLZ,North America,2019,gdp_current_usd,2388300000
Belize,BZ,BLZ,North America,2018,gdp_current_usd,2293250000
Belize,BZ,BLZ,North America,2017,gdp_current_usd,2266300000
Belize,BZ,BLZ,North America,2016,gdp_current_usd,2240200000
Belize,BZ,BLZ,North America,2015,gdp_current_usd,2193050000
Belize,BZ,BLZ,North America,2014,gdp_current_usd,2138250000
Belize,BZ,BLZ,North America,2013,gdp_current_usd,2032750000
Belize,BZ,BLZ,North America,2012,gdp_current_usd,1909400000
Belize,BZ,BLZ,North America,2011,gdp_current_usd,1827050000
Belize,BZ,BLZ,North America,2010,gdp_current_usd,1745700000
Belize,BZ,BLZ,North America,2009,gdp_current_usd,1688500000
Belize,BZ,BLZ,North America,2008,gdp_current_usd,1738900000
Belize,BZ,BLZ,North America,2007,gdp_current_usd,1707100000
Belize,BZ,BLZ,North America,2006,gdp_current_usd,1591150000
Belize,BZ,BLZ,North America,2005,gdp_current_usd,1474950000
Belize,BZ,BLZ,North America,2004,gdp_current_usd,1400850000
Belize,BZ,BLZ,North America,2003,gdp_current_usd,1308900000
Belize,BZ,BLZ,North America,2002,gdp_current_usd,1244650000
Belize,BZ,BLZ,North America,2001,gdp_current_usd,1172800000
Belize,BZ,BLZ,North America,2000,gdp_current_usd,1138900000
Belize,BZ,BLZ,North America,2024,gdp_per_capita_current_usd,8430
Belize,BZ,BLZ,North America,2023,gdp_per_capita_current_usd,7460
Belize,BZ,BLZ,North America,2022,gdp_per_capita_current_usd,7068
Belize,BZ,BLZ,North America,2021,gdp_per_capita_current_usd,6123
Belize,BZ,BLZ,North America,2020,gdp_per_capita_current_usd,5227
Belize,BZ,BLZ,North America,2019,gdp_per_capita_current_usd,6190
Belize,BZ,BLZ,North America,2018,gdp_per_capita_current_usd,6031
Belize,BZ,BLZ,North America,2017,gdp_per_capita_current_usd,6073
Belize,BZ,BLZ,North America,2016,gdp_per_capita_current_usd,6142
Belize,BZ,BLZ,North America,2015,gdp_per_capita_current_usd,6154
Belize,BZ,BLZ,North America,2014,gdp_per_capita_current_usd,6128
Belize,BZ,BLZ,North America,2013,gdp_per_capita_current_usd,5950
Belize,BZ,BLZ,North America,2012,gdp_per_capita_current_usd,5710
Belize,BZ,BLZ,North America,2011,gdp_per_capita_current_usd,5582
Belize,BZ,BLZ,North America,2010,gdp_per_capita_current_usd,5451
Belize,BZ,BLZ,North America,2009,gdp_per_capita_current_usd,5401
Belize,BZ,BLZ,North America,2008,gdp_per_capita_current_usd,5713
Belize,BZ,BLZ,North America,2007,gdp_per_capita_current_usd,5765
Belize,BZ,BLZ,North America,2006,gdp_per_capita_current_usd,5527
Belize,BZ,BLZ,North America,2005,gdp_per_capita_current_usd,5273
Belize,BZ,BLZ,North America,2004,gdp_per_capita_current_usd,5156
Belize,BZ,BLZ,North America,2003,gdp_per_capita_current_usd,4962
Belize,BZ,BLZ,North America,2002,gdp_per_capita_current_usd,4862
Belize,BZ,BLZ,North America,2001,gdp_per_capita_current_usd,4722
Belize,BZ,BLZ,North America,2000,gdp_per_capita_current_usd,4730
Belize,BZ,BLZ,North America,2024,population_total,417072
Belize,BZ,BLZ,North America,2023,population_total,411106
Belize,BZ,BLZ,North America,2022,population_total,402733
Belize,BZ,BLZ,North America,2021,population_total,395346
Belize,BZ,BLZ,North America,2020,population_total,390812
Belize,BZ,BLZ,North America,2019,population_total,385829
Belize,BZ,BLZ,North America,2018,population_total,380226
Belize,BZ,BLZ,North America,2017,population_total,373202
Belize,BZ,BLZ,North America,2016,population_total,364705
Belize,BZ,BLZ,North America,2015,population_total,356333
Belize,BZ,BLZ,North America,2014,population_total,348923
Belize,BZ,BLZ,North America,2013,population_total,341627
Belize,BZ,BLZ,North America,2012,population_total,334414
Belize,BZ,BLZ,North America,2011,population_total,327298
Belize,BZ,BLZ,North America,2010,population_total,320245
Belize,BZ,BLZ,North America,2009,population_total,312614
Belize,BZ,BLZ,North America,2008,population_total,304361
Belize,BZ,BLZ,North America,2007,population_total,296100
Belize,BZ,BLZ,North America,2006,population_total,287878
Belize,BZ,BLZ,North America,2005,population_total,279731
Belize,BZ,BLZ,North America,2004,population_total,271688
Belize,BZ,BLZ,North America,2003,population_total,263780
Belize,BZ,BLZ,North America,2002,population_total,256009
Belize,BZ,BLZ,North America,2001,population_total,248379
Belize,BZ,BLZ,North America,2000,population_total,240799
Bermuda,BM,BMU,North America,2024,gdp_current_usd,8980200000
Bermuda,BM,BMU,North America,2023,gdp_current_usd,8579242000
Bermuda,BM,BMU,North America,2022,gdp_current_usd,7874381000
Bermuda,BM,BMU,North America,2021,gdp_current_usd,7290037000
Bermuda,BM,BMU,North America,2020,gdp_current_usd,6887364000
Bermuda,BM,BMU,North America,2019,gdp_current_usd,7423465000
Bermuda,BM,BMU,North America,2018,gdp_current_usd,7225977000
Bermuda,BM,BMU,North America,2017,gdp_current_usd,7142316000
Bermuda,BM,BMU,North America,2016,gdp_current_usd,6899911000
Bermuda,BM,BMU,North America,2015,gdp_current_usd,6654541000
Bermuda,BM,BMU,North America,2014,gdp_current_usd,6413988000
Bermuda,BM,BMU,North America,2013,gdp_current_usd,6465756000
Bermuda,BM,BMU,North America,2012,gdp_current_usd,6378188000
Bermuda,BM,BMU,North America,2011,gdp_current_usd,6312691000
Bermuda,BM,BMU,North America,2010,gdp_current_usd,6634526000
Bermuda,BM,BMU,North America,2009,gdp_current_usd,6656000000
Bermuda,BM,BMU,North America,2008,gdp_current_usd,6980000000
Bermuda,BM,BMU,North America,2007,gdp_current_usd,6767000000
Bermuda,BM,BMU,North America,2006,gdp_current_usd,6144000000
Bermuda,BM,BMU,North America,2005,gdp_current_usd,4868136000
Bermuda,BM,BMU,North America,2004,gdp_current_usd,4484703000
Bermuda,BM,BMU,North America,2003,gdp_current_usd,4186525000
Bermuda,BM,BMU,North America,2002,gdp_current_usd,3937228000
Bermuda,BM,BMU,North America,2001,gdp_current_usd,3680483000
Bermuda,BM,BMU,North America,2000,gdp_current_usd,3480219000
Bermuda,BM,BMU,North America,2024,gdp_per_capita_current_usd,138935
Bermuda,BM,BMU,North America,2023,gdp_per_capita_current_usd,132604
Bermuda,BM,BMU,North America,2022,gdp_per_capita_current_usd,121614
Bermuda,BM,BMU,North America,2021,gdp_per_capita_current_usd,112765
Bermuda,BM,BMU,North America,2020,gdp_per_capita_current_usd,106977
Bermuda,BM,BMU,North America,2019,gdp_per_capita_current_usd,115798
Bermuda,BM,BMU,North America,2018,gdp_per_capita_current_usd,113205
Bermuda,BM,BMU,North America,2017,gdp_per_capita_current_usd,112339
Bermuda,BM,BMU,North America,2016,gdp_per_capita_current_usd,108747
Bermuda,BM,BMU,North America,2015,gdp_per_capita_current_usd,104855
Bermuda,BM,BMU,North America,2014,gdp_per_capita_current_usd,100962
Bermuda,BM,BMU,North America,2013,gdp_per_capita_current_usd,101704
Bermuda,BM,BMU,North America,2012,gdp_per_capita_current_usd,100213
Bermuda,BM,BMU,North America,2011,gdp_per_capita_current_usd,99049
Bermuda,BM,BMU,North America,2010,gdp_per_capita_current_usd,104112
Bermuda,BM,BMU,North America,2009,gdp_per_capita_current_usd,104712
Bermuda,BM,BMU,North America,2008,gdp_per_capita_current_usd,110269
Bermuda,BM,BMU,North America,2007,gdp_per_capita_current_usd,107396
Bermuda,BM,BMU,North America,2006,gdp_per_capita_current_usd,97781
Bermuda,BM,BMU,North America,2005,gdp_per_capita_current_usd,77628
Bermuda,BM,BMU,North America,2004,gdp_per_capita_current_usd,71692
Bermuda,BM,BMU,North America,2003,gdp_per_capita_current_usd,67107
Bermuda,BM,BMU,North America,2002,gdp_per_capita_current_usd,63359
Bermuda,BM,BMU,North America,2001,gdp_per_capita_current_usd,59490
Bermuda,BM,BMU,North America,2000,gdp_per_capita_current_usd,56543
Bermuda,BM,BMU,North America,2024,population_total,64636
Bermuda,BM,BMU,North America,2023,population_total,64698
Bermuda,BM,BMU,North America,2022,population_total,64749
Bermuda,BM,BMU,North America,2021,population_total,64648
Bermuda,BM,BMU,North America,2020,population_total,64382
Bermuda,BM,BMU,North America,2019,population_total,64107
Bermuda,BM,BMU,North America,2018,population_total,63831
Bermuda,BM,BMU,North America,2017,population_total,63578
Bermuda,BM,BMU,North America,2016,population_total,63449
Bermuda,BM,BMU,North America,2015,population_total,63464
Bermuda,BM,BMU,North America,2014,population_total,63529
Bermuda,BM,BMU,North America,2013,population_total,63574
Bermuda,BM,BMU,North America,2012,population_total,63646
Bermuda,BM,BMU,North America,2011,population_total,63733
Bermuda,BM,BMU,North America,2010,population_total,63725
Bermuda,BM,BMU,North America,2009,population_total,63565
Bermuda,BM,BMU,North America,2008,population_total,63300
Bermuda,BM,BMU,North America,2007,population_total,63010
Bermuda,BM,BMU,North America,2006,population_total,62834
Bermuda,BM,BMU,North America,2005,population_total,62711
Bermuda,BM,BMU,North America,2004,population_total,62555
Bermuda,BM,BMU,North America,2003,population_total,62386
Bermuda,BM,BMU,North America,2002,population_total,62142
Bermuda,BM,BMU,North America,2001,population_total,61867
Bermuda,BM,BMU,North America,2000,population_total,61550
"Bolivia, Plurinational State of",BO,BOL,South America,2024,gdp_current_usd,49668296744
"Bolivia, Plurinational State of",BO,BOL,South America,2023,gdp_current_usd,45135398003
"Bolivia, Plurinational State of",BO,BOL,South America,2022,gdp_current_usd,44008282880
"Bolivia, Plurinational State of",BO,BOL,South America,2021,gdp_current_usd,40406111693
"Bolivia, Plurinational State of",BO,BOL,South America,2020,gdp_current_usd,36629843806
"Bolivia, Plurinational State of",BO,BOL,South America,2019,gdp_current_usd,40895322851
"Bolivia, Plurinational State of",BO,BOL,South America,2018,gdp_current_usd,40287647931
"Bolivia, Plurinational State of",BO,BOL,South America,2017,gdp_current_usd,37508642171
"Bolivia, Plurinational State of",BO,BOL,South America,2016,gdp_current_usd,33941126194
"Bolivia, Plurinational State of",BO,BOL,South America,2015,gdp_current_usd,33000198249
"Bolivia, Plurinational State of",BO,BOL,South America,2014,gdp_current_usd,32996188017
"Bolivia, Plurinational State of",BO,BOL,South America,2013,gdp_current_usd,30659338886
"Bolivia, Plurinational State of",BO,BOL,South America,2012,gdp_current_usd,27084497482
"Bolivia, Plurinational State of",BO,BOL,South America,2011,gdp_current_usd,23963164697
"Bolivia, Plurinational State of",BO,BOL,South America,2010,gdp_current_usd,19649723722
"Bolivia, Plurinational State of",BO,BOL,South America,2009,gdp_current_usd,17339992194
"Bolivia, Plurinational State of",BO,BOL,South America,2008,gdp_current_usd,16674276286
"Bolivia, Plurinational State of",BO,BOL,South America,2007,gdp_current_usd,13120108008
"Bolivia, Plurinational State of",BO,BOL,South America,2006,gdp_current_usd,11451844902
"Bolivia, Plurinational State of",BO,BOL,South America,2005,gdp_current_usd,9549122905
"Bolivia, Plurinational State of",BO,BOL,South America,2004,gdp_current_usd,8773451752
"Bolivia, Plurinational State of",BO,BOL,South America,2003,gdp_current_usd,8082399640
"Bolivia, Plurinational State of",BO,BOL,South America,2002,gdp_current_usd,7905485146
"Bolivia, Plurinational State of",BO,BOL,South America,2001,gdp_current_usd,8141516928
"Bolivia, Plurinational State of",BO,BOL,South America,2000,gdp_current_usd,8397855485
"Bolivia, Plurinational State of",BO,BOL,South America,2024,gdp_per_capita_current_usd,4001
"Bolivia, Plurinational State of",BO,BOL,South America,2023,gdp_per_capita_current_usd,3686
"Bolivia, Plurinational State of",BO,BOL,South America,2022,gdp_per_capita_current_usd,3644
"Bolivia, Plurinational State of",BO,BOL,South America,2021,gdp_per_capita_current_usd,3385
"Bolivia, Plurinational State of",BO,BOL,South America,2020,gdp_per_capita_current_usd,3100
"Bolivia, Plurinational State of",BO,BOL,South America,2019,gdp_per_capita_current_usd,3504
"Bolivia, Plurinational State of",BO,BOL,South America,2018,gdp_per_capita_current_usd,3501
"Bolivia, Plurinational State of",BO,BOL,South America,2017,gdp_per_capita_current_usd,3306
"Bolivia, Plurinational State of",BO,BOL,South America,2016,gdp_per_capita_current_usd,3036
"Bolivia, Plurinational State of",BO,BOL,South America,2015,gdp_per_capita_current_usd,2996
"Bolivia, Plurinational State of",BO,BOL,South America,2014,gdp_per_capita_current_usd,3041
"Bolivia, Plurinational State of",BO,BOL,South America,2013,gdp_per_capita_current_usd,2870
"Bolivia, Plurinational State of",BO,BOL,South America,2012,gdp_per_capita_current_usd,2576
"Bolivia, Plurinational State of",BO,BOL,South America,2011,gdp_per_capita_current_usd,2316
"Bolivia, Plurinational State of",BO,BOL,South America,2010,gdp_per_capita_current_usd,1930
"Bolivia, Plurinational State of",BO,BOL,South America,2009,gdp_per_capita_current_usd,1731
"Bolivia, Plurinational State of",BO,BOL,South America,2008,gdp_per_capita_current_usd,1693
"Bolivia, Plurinational State of",BO,BOL,South America,2007,gdp_per_capita_current_usd,1355
"Bolivia, Plurinational State of",BO,BOL,South America,2006,gdp_per_capita_current_usd,1203
"Bolivia, Plurinational State of",BO,BOL,South America,2005,gdp_per_capita_current_usd,1020
"Bolivia, Plurinational State of",BO,BOL,South America,2004,gdp_per_capita_current_usd,953
"Bolivia, Plurinational State of",BO,BOL,South America,2003,gdp_per_capita_current_usd,893
"Bolivia, Plurinational State of",BO,BOL,South America,2002,gdp_per_capita_current_usd,888
"Bolivia, Plurinational State of",BO,BOL,South America,2001,gdp_per_capita_current_usd,930
"Bolivia, Plurinational State of",BO,BOL,South America,2000,gdp_per_capita_current_usd,976
"Bolivia, Plurinational State of",BO,BOL,South America,2024,population_total,12413315
"Bolivia, Plurinational State of",BO,BOL,South America,2023,population_total,12244159
"Bolivia, Plurinational State of",BO,BOL,South America,2022,population_total,12077154
"Bolivia, Plurinational State of",BO,BOL,South America,2021,population_total,11937360
"Bolivia, Plurinational State of",BO,BOL,South America,2020,population_total,11816299
"Bolivia, Plurinational State of",BO,BOL,South America,2019,population_total,11671386
"Bolivia, Plurinational State of",BO,BOL,South America,2018,population_total,11508368
"Bolivia, Plurinational State of",BO,BOL,South America,2017,population_total,11344587
"Bolivia, Plurinational State of",BO,BOL,South America,2016,population_total,11180020
"Bolivia, Plurinational State of",BO,BOL,South America,2015,population_total,11014705
"Bolivia, Plurinational State of",BO,BOL,South America,2014,population_total,10848888
"Bolivia, Plurinational State of",BO,BOL,South America,2013,population_total,10682608
"Bolivia, Plurinational State of",BO,BOL,South America,2012,population_total,10515807
"Bolivia, Plurinational State of",BO,BOL,South America,2011,population_total,10348929
"Bolivia, Plurinational State of",BO,BOL,South America,2010,population_total,10182345
"Bolivia, Plurinational State of",BO,BOL,South America,2009,population_total,10016275
"Bolivia, Plurinational State of",BO,BOL,South America,2008,population_total,9850858
"Bolivia, Plurinational State of",BO,BOL,South America,2007,population_total,9685960
"Bolivia, Plurinational State of",BO,BOL,South America,2006,population_total,9521689
"Bolivia, Plurinational State of",BO,BOL,South America,2005,population_total,9360754
"Bolivia, Plurinational State of",BO,BOL,South America,2004,population_total,9204287
"Bolivia, Plurinational State of",BO,BOL,South America,2003,population_total,9050700
"Bolivia, Plurinational State of",BO,BOL,South America,2002,population_total,8900355
"Bolivia, Plurinational State of",BO,BOL,South America,2001,population_total,8752736
"Bolivia, Plurinational State of",BO,BOL,South America,2000,population_total,8606326
Brazil,BR,BRA,South America,2024,gdp_current_usd,2179412080829
Brazil,BR,BRA,South America,2023,gdp_current_usd,2191131765685
Brazil,BR,BRA,South America,2022,gdp_current_usd,1951923942083
Brazil,BR,BRA,South America,2021,gdp_current_usd,1670647398905
Brazil,BR,BRA,South America,2020,gdp_current_usd,1476107231310
Brazil,BR,BRA,South America,2019,gdp_current_usd,1873288205060
Brazil,BR,BRA,South America,2018,gdp_current_usd,1916933898011
Brazil,BR,BRA,South America,2017,gdp_current_usd,2063514977366
Brazil,BR,BRA,South America,2016,gdp_current_usd,1795693482853
Brazil,BR,BRA,South America,2015,gdp_current_usd,1802212206814
Brazil,BR,BRA,South America,2014,gdp_current_usd,2456043727199
Brazil,BR,BRA,South America,2013,gdp_current_usd,2472819535557
Brazil,BR,BRA,South America,2012,gdp_current_usd,2465227802807
Brazil,BR,BRA,South America,2011,gdp_current_usd,2616156223918
Brazil,BR,BRA,South America,2010,gdp_current_usd,2208837745101
Brazil,BR,BRA,South America,2009,gdp_current_usd,1666996438581
Brazil,BR,BRA,South America,2008,gdp_current_usd,1695855083498
Brazil,BR,BRA,South America,2007,gdp_current_usd,1397114486369
Brazil,BR,BRA,South America,2006,gdp_current_usd,1107626541435
Brazil,BR,BRA,South America,2005,gdp_current_usd,891633839894
Brazil,BR,BRA,South America,2004,gdp_current_usd,669289424806
Brazil,BR,BRA,South America,2003,gdp_current_usd,558233745652
Brazil,BR,BRA,South America,2002,gdp_current_usd,509795273807
Brazil,BR,BRA,South America,2001,gdp_current_usd,559983634799
Brazil,BR,BRA,South America,2000,gdp_current_usd,655448231984
Brazil,BR,BRA,South America,2024,gdp_per_capita_current_usd,10280
Brazil,BR,BRA,South America,2023,gdp_per_capita_current_usd,10378
Brazil,BR,BRA,South America,2022,gdp_per_capita_current_usd,9281
Brazil,BR,BRA,South America,2021,gdp_per_capita_current_usd,7973
Brazil,BR,BRA,South America,2020,gdp_per_capita_current_usd,7074
Brazil,BR,BRA,South America,2019,gdp_per_capita_current_usd,9030
Brazil,BR,BRA,South America,2018,gdp_per_capita_current_usd,9301
Brazil,BR,BRA,South America,2017,gdp_per_capita_current_usd,10081
Brazil,BR,BRA,South America,2016,gdp_per_capita_current_usd,8836
Brazil,BR,BRA,South America,2015,gdp_per_capita_current_usd,8936
Brazil,BR,BRA,South America,2014,gdp_per_capita_current_usd,12275
Brazil,BR,BRA,South America,2013,gdp_per_capita_current_usd,12459
Brazil,BR,BRA,South America,2012,gdp_per_capita_current_usd,12522
Brazil,BR,BRA,South America,2011,gdp_per_capita_current_usd,13397
Brazil,BR,BRA,South America,2010,gdp_per_capita_current_usd,11403
Brazil,BR,BRA,South America,2009,gdp_per_capita_current_usd,8679
Brazil,BR,BRA,South America,2008,gdp_per_capita_current_usd,8908
Brazil,BR,BRA,South America,2007,gdp_per_capita_current_usd,7410
Brazil,BR,BRA,South America,2006,gdp_per_capita_current_usd,5934
Brazil,BR,BRA,South America,2005,gdp_per_capita_current_usd,4828
Brazil,BR,BRA,South America,2004,gdp_per_capita_current_usd,3664
Brazil,BR,BRA,South America,2003,gdp_per_capita_current_usd,3091
Brazil,BR,BRA,South America,2002,gdp_per_capita_current_usd,2856
Brazil,BR,BRA,South America,2001,gdp_per_capita_current_usd,3176
Brazil,BR,BRA,South America,2000,gdp_per_capita_current_usd,3767
Brazil,BR,BRA,South America,2024,population_total,211998573
Brazil,BR,BRA,South America,2023,population_total,211140729
Brazil,BR,BRA,South America,2022,population_total,210306415
Brazil,BR,BRA,South America,2021,population_total,209550294
Brazil,BR,BRA,South America,2020,population_total,208660842
Brazil,BR,BRA,South America,2019,population_total,207455459
Brazil,BR,BRA,South America,2018,population_total,206107261
Brazil,BR,BRA,South America,2017,population_total,204703445
Brazil,BR,BRA,South America,2016,population_total,203218114
Brazil,BR,BRA,South America,2015,population_total,201675532
Brazil,BR,BRA,South America,2014,population_total,200085127
Brazil,BR,BRA,South America,2013,population_total,198478299
Brazil,BR,BRA,South America,2012,population_total,196876111
Brazil,BR,BRA,South America,2011,population_total,195284734
Brazil,BR,BRA,South America,2010,population_total,193701929
Brazil,BR,BRA,South America,2009,population_total,192079951
Brazil,BR,BRA,South America,2008,population_total,190367302
Brazil,BR,BRA,South America,2007,population_total,188552320
Brazil,BR,BRA,South America,2006,population_total,186653106
Brazil,BR,BRA,South America,2005,population_total,184688101
Brazil,BR,BRA,South America,2004,population_total,182675143
Brazil,BR,BRA,South America,2003,population_total,180622688
Brazil,BR,BRA,South America,2002,population_total,178503484
Brazil,BR,BRA,South America,2001,population_total,176301203
Brazil,BR,BRA,South America,2000,population_total,174018282
Barbados,BB,BRB,North America,2024,gdp_current_usd,7165000000
Barbados,BB,BRB,North America,2023,gdp_current_usd,6720733200
Barbados,BB,BRB,North America,2022,gdp_current_usd,6257303500
Barbados,BB,BRB,North America,2021,gdp_current_usd,5275242050
Barbados,BB,BRB,North America,2020,gdp_current_usd,5168344450
Barbados,BB,BRB,North America,2019,gdp_current_usd,5788288000
Barbados,BB,BRB,North America,2018,gdp_current_usd,5629916200
Barbados,BB,BRB,North America,2017,gdp_current_usd,5517340450
Barbados,BB,BRB,North America,2016,gdp_current_usd,5330761500
Barbados,BB,BRB,North America,2015,gdp_current_usd,5288057750
Barbados,BB,BRB,North America,2014,gdp_current_usd,5365976700
Barbados,BB,BRB,North America,2013,gdp_current_usd,5361158350
Barbados,BB,BRB,North America,2012,gdp_current_usd,5271257500
Barbados,BB,BRB,North America,2011,gdp_current_usd,5342183800
Barbados,BB,BRB,North America,2010,gdp_current_usd,5191188500
Barbados,BB,BRB,North America,2009,gdp_current_usd,4466809600
Barbados,BB,BRB,North America,2008,gdp_current_usd,4790410400
Barbados,BB,BRB,North America,2007,gdp_current_usd,4675767950
Barbados,BB,BRB,North America,2006,gdp_current_usd,4217323400
Barbados,BB,BRB,North America,2005,gdp_current_usd,3819500000
Barbados,BB,BRB,North America,2004,gdp_current_usd,3444500000
Barbados,BB,BRB,North America,2003,gdp_current_usd,3209500000
Barbados,BB,BRB,North America,2002,gdp_current_usd,3106500000
Barbados,BB,BRB,North America,2001,gdp_current_usd,3054500000
Barbados,BB,BRB,North America,2000,gdp_current_usd,3059500000
Barbados,BB,BRB,North America,2024,gdp_per_capita_current_usd,25366
Barbados,BB,BRB,North America,2023,gdp_per_capita_current_usd,23804
Barbados,BB,BRB,North America,2022,gdp_per_capita_current_usd,22164
Barbados,BB,BRB,North America,2021,gdp_per_capita_current_usd,18697
Barbados,BB,BRB,North America,2020,gdp_per_capita_current_usd,18347
Barbados,BB,BRB,North America,2019,gdp_per_capita_current_usd,20584
Barbados,BB,BRB,North America,2018,gdp_per_capita_current_usd,20056
Barbados,BB,BRB,North America,2017,gdp_per_capita_current_usd,19693
Barbados,BB,BRB,North America,2016,gdp_per_capita_current_usd,19066
Barbados,BB,BRB,North America,2015,gdp_per_capita_current_usd,18954
Barbados,BB,BRB,North America,2014,gdp_per_capita_current_usd,19278
Barbados,BB,BRB,North America,2013,gdp_per_capita_current_usd,19308
Barbados,BB,BRB,North America,2012,gdp_per_capita_current_usd,19034
Barbados,BB,BRB,North America,2011,gdp_per_capita_current_usd,19346
Barbados,BB,BRB,North America,2010,gdp_per_capita_current_usd,18860
Barbados,BB,BRB,North America,2009,gdp_per_capita_current_usd,16295
Barbados,BB,BRB,North America,2008,gdp_per_capita_current_usd,17566
Barbados,BB,BRB,North America,2007,gdp_per_capita_current_usd,17235
Barbados,BB,BRB,North America,2006,gdp_per_capita_current_usd,15620
Barbados,BB,BRB,North America,2005,gdp_per_capita_current_usd,14214
Barbados,BB,BRB,North America,2004,gdp_per_capita_current_usd,12886
Barbados,BB,BRB,North America,2003,gdp_per_capita_current_usd,12076
Barbados,BB,BRB,North America,2002,gdp_per_capita_current_usd,11760
Barbados,BB,BRB,North America,2001,gdp_per_capita_current_usd,11640
Barbados,BB,BRB,North America,2000,gdp_per_capita_current_usd,11675
Barbados,BB,BRB,North America,2024,population_total,282467
Barbados,BB,BRB,North America,2023,population_total,282336
Barbados,BB,BRB,North America,2022,population_total,282318
Barbados,BB,BRB,North America,2021,population_total,282147
Barbados,BB,BRB,North America,2020,population_total,281698
Barbados,BB,BRB,North America,2019,population_total,281207
Barbados,BB,BRB,North America,2018,population_total,280711
Barbados,BB,BRB,North America,2017,population_total,280171
Barbados,BB,BRB,North America,2016,population_total,279598
Barbados,BB,BRB,North America,2015,population_total,278990
Barbados,BB,BRB,North America,2014,population_total,278348
Barbados,BB,BRB,North America,2013,population_total,277665
Barbados,BB,BRB,North America,2012,population_total,276938
Barbados,BB,BRB,North America,2011,population_total,276139
Barbados,BB,BRB,North America,2010,population_total,275243
Barbados,BB,BRB,North America,2009,population_total,274123
Barbados,BB,BRB,North America,2008,population_total,272714
Barbados,BB,BRB,North America,2007,population_total,271288
Barbados,BB,BRB,North America,2006,population_total,270002
Barbados,BB,BRB,North America,2005,population_total,268706
Barbados,BB,BRB,North America,2004,population_total,267298
Barbados,BB,BRB,North America,2003,population_total,265776
Barbados,BB,BRB,North America,2002,population_total,264148
Barbados,BB,BRB,North America,2001,population_total,262425
Barbados,BB,BRB,North America,2000,population_total,262063
Brunei Darussalam,BN,BRN,Asia,2024,gdp_current_usd,15463134387
Brunei Darussalam,BN,BRN,Asia,2023,gdp_current_usd,15095084686
Brunei Darussalam,BN,BRN,Asia,2022,gdp_current_usd,16681536443
Brunei Darussalam,BN,BRN,Asia,2021,gdp_current_usd,14006496614
Brunei Darussalam,BN,BRN,Asia,2020,gdp_current_usd,12005799664
Brunei Darussalam,BN,BRN,Asia,2019,gdp_current_usd,13469235348
Brunei Darussalam,BN,BRN,Asia,2018,gdp_current_usd,13566908401
Brunei Darussalam,BN,BRN,Asia,2017,gdp_current_usd,12128168047
Brunei Darussalam,BN,BRN,Asia,2016,gdp_current_usd,11400266055
Brunei Darussalam,BN,BRN,Asia,2015,gdp_current_usd,12930296852
Brunei Darussalam,BN,BRN,Asia,2014,gdp_current_usd,17097797372
Brunei Darussalam,BN,BRN,Asia,2013,gdp_current_usd,18094148099
Brunei Darussalam,BN,BRN,Asia,2012,gdp_current_usd,19048443340
Brunei Darussalam,BN,BRN,Asia,2011,gdp_current_usd,18524791071
Brunei Darussalam,BN,BRN,Asia,2010,gdp_current_usd,13707121031
Brunei Darussalam,BN,BRN,Asia,2009,gdp_current_usd,11912904529
Brunei Darussalam,BN,BRN,Asia,2008,gdp_current_usd,15926456492
Brunei Darussalam,BN,BRN,Asia,2007,gdp_current_usd,13432029496
Brunei Darussalam,BN,BRN,Asia,2006,gdp_current_usd,12644616446
Brunei Darussalam,BN,BRN,Asia,2005,gdp_current_usd,10547202612
Brunei Darussalam,BN,BRN,Asia,2004,gdp_current_usd,8619178799
Brunei Darussalam,BN,BRN,Asia,2003,gdp_current_usd,7167725265
Brunei Darussalam,BN,BRN,Asia,2002,gdp_current_usd,6333082879
Brunei Darussalam,BN,BRN,Asia,2001,gdp_current_usd,6096155748
Brunei Darussalam,BN,BRN,Asia,2000,gdp_current_usd,6570999060
Brunei Darussalam,BN,BRN,Asia,2024,gdp_per_capita_current_usd,33418
Brunei Darussalam,BN,BRN,Asia,2023,gdp_per_capita_current_usd,32891
Brunei Darussalam,BN,BRN,Asia,2022,gdp_per_capita_current_usd,36633
Brunei Darussalam,BN,BRN,Asia,2021,gdp_per_capita_current_usd,31007
Brunei Darussalam,BN,BRN,Asia,2020,gdp_per_capita_current_usd,26834
Brunei Darussalam,BN,BRN,Asia,2019,gdp_per_capita_current_usd,30427
Brunei Darussalam,BN,BRN,Asia,2018,gdp_per_capita_current_usd,30988
Brunei Darussalam,BN,BRN,Asia,2017,gdp_per_capita_current_usd,28024
Brunei Darussalam,BN,BRN,Asia,2016,gdp_per_capita_current_usd,26663
Brunei Darussalam,BN,BRN,Asia,2015,gdp_per_capita_current_usd,30625
Brunei Darussalam,BN,BRN,Asia,2014,gdp_per_capita_current_usd,41027
Brunei Darussalam,BN,BRN,Asia,2013,gdp_per_capita_current_usd,44003
Brunei Darussalam,BN,BRN,Asia,2012,gdp_per_capita_current_usd,46969
Brunei Darussalam,BN,BRN,Asia,2011,gdp_per_capita_current_usd,46383
Brunei Darussalam,BN,BRN,Asia,2010,gdp_per_capita_current_usd,34938
Brunei Darussalam,BN,BRN,Asia,2009,gdp_per_capita_current_usd,30946
Brunei Darussalam,BN,BRN,Asia,2008,gdp_per_capita_current_usd,42157
Brunei Darussalam,BN,BRN,Asia,2007,gdp_per_capita_current_usd,36217
Brunei Darussalam,BN,BRN,Asia,2006,gdp_per_capita_current_usd,34675
Brunei Darussalam,BN,BRN,Asia,2005,gdp_per_capita_current_usd,29386
Brunei Darussalam,BN,BRN,Asia,2004,gdp_per_capita_current_usd,24423
Brunei Darussalam,BN,BRN,Asia,2003,gdp_per_capita_current_usd,20678
Brunei Darussalam,BN,BRN,Asia,2002,gdp_per_capita_current_usd,18621
Brunei Darussalam,BN,BRN,Asia,2001,gdp_per_capita_current_usd,18288
Brunei Darussalam,BN,BRN,Asia,2000,gdp_per_capita_current_usd,20130
Brunei Darussalam,BN,BRN,Asia,2024,population_total,462721
Brunei Darussalam,BN,BRN,Asia,2023,population_total,458949
Brunei Darussalam,BN,BRN,Asia,2022,population_total,455370
Brunei Darussalam,BN,BRN,Asia,2021,population_total,451721
Brunei Darussalam,BN,BRN,Asia,2020,population_total,447404
Brunei Darussalam,BN,BRN,Asia,2019,population_total,442680
Brunei Darussalam,BN,BRN,Asia,2018,population_total,437810
Brunei Darussalam,BN,BRN,Asia,2017,population_total,432772
Brunei Darussalam,BN,BRN,Asia,2016,population_total,427564
Brunei Darussalam,BN,BRN,Asia,2015,population_total,422212
Brunei Darussalam,BN,BRN,Asia,2014,population_total,416750
Brunei Darussalam,BN,BRN,Asia,2013,population_total,411202
Brunei Darussalam,BN,BRN,Asia,2012,population_total,405557
Brunei Darussalam,BN,BRN,Asia,2011,population_total,399389
Brunei Darussalam,BN,BRN,Asia,2010,population_total,392332
Brunei Darussalam,BN,BRN,Asia,2009,population_total,384952
Brunei Darussalam,BN,BRN,Asia,2008,population_total,377793
Brunei Darussalam,BN,BRN,Asia,2007,population_total,370873
Brunei Darussalam,BN,BRN,Asia,2006,population_total,364663
Brunei Darussalam,BN,BRN,Asia,2005,population_total,358916
Brunei Darussalam,BN,BRN,Asia,2004,population_total,352911
Brunei Darussalam,BN,BRN,Asia,2003,population_total,346637
Brunei Darussalam,BN,BRN,Asia,2002,population_total,340099
Brunei Darussalam,BN,BRN,Asia,2001,population_total,333345
Brunei Darussalam,BN,BRN,Asia,2000,population_total,326424
Bhutan,BT,BTN,Asia,2023,gdp_current_usd,3019253885
Bhutan,BT,BTN,Asia,2022,gdp_current_usd,2898227744
Bhutan,BT,BTN,Asia,2021,gdp_current_usd,2768802960
Bhutan,BT,BTN,Asia,2020,gdp_current_usd,2457604334
Bhutan,BT,BTN,Asia,2019,gdp_current_usd,2735683570
Bhutan,BT,BTN,Asia,2018,gdp_current_usd,2583335722
Bhutan,BT,BTN,Asia,2017,gdp_current_usd,2591358009
Bhutan,BT,BTN,Asia,2016,gdp_current_usd,2357504761
Bhutan,BT,BTN,Asia,2015,gdp_current_usd,2187815803
Bhutan,BT,BTN,Asia,2014,gdp_current_usd,2089079571
Bhutan,BT,BTN,Asia,2013,gdp_current_usd,1943696952
Bhutan,BT,BTN,Asia,2012,gdp_current_usd,1973387228
Bhutan,BT,BTN,Asia,2011,gdp_current_usd,1977728659
Bhutan,BT,BTN,Asia,2010,gdp_current_usd,1708880730
Bhutan,BT,BTN,Asia,2009,gdp_current_usd,1331343798
Bhutan,BT,BTN,Asia,2008,gdp_current_usd,1317517835
Bhutan,BT,BTN,Asia,2007,gdp_current_usd,1255767964
Bhutan,BT,BTN,Asia,2006,gdp_current_usd,942879879
Bhutan,BT,BTN,Asia,2005,gdp_current_usd,860391000
Bhutan,BT,BTN,Asia,2004,gdp_current_usd,735348490
Bhutan,BT,BTN,Asia,2003,gdp_current_usd,651935430
Bhutan,BT,BTN,Asia,2002,gdp_current_usd,559345264
Bhutan,BT,BTN,Asia,2001,gdp_current_usd,496110226
Bhutan,BT,BTN,Asia,2000,gdp_current_usd,460733418
Bhutan,BT,BTN,Asia,2023,gdp_per_capita_current_usd,3839
Bhutan,BT,BTN,Asia,2022,gdp_per_capita_current_usd,3711
Bhutan,BT,BTN,Asia,2021,gdp_per_capita_current_usd,3571
Bhutan,BT,BTN,Asia,2020,gdp_per_capita_current_usd,3192
Bhutan,BT,BTN,Asia,2019,gdp_per_capita_current_usd,3577
Bhutan,BT,BTN,Asia,2018,gdp_per_capita_current_usd,3400
Bhutan,BT,BTN,Asia,2017,gdp_per_capita_current_usd,3435
Bhutan,BT,BTN,Asia,2016,gdp_per_capita_current_usd,3152
Bhutan,BT,BTN,Asia,2015,gdp_per_capita_current_usd,2954
Bhutan,BT,BTN,Asia,2014,gdp_per_capita_current_usd,2849
Bhutan,BT,BTN,Asia,2013,gdp_per_capita_current_usd,2680
Bhutan,BT,BTN,Asia,2012,gdp_per_capita_current_usd,2751
Bhutan,BT,BTN,Asia,2011,gdp_per_capita_current_usd,2788
Bhutan,BT,BTN,Asia,2010,gdp_per_capita_current_usd,2436
Bhutan,BT,BTN,Asia,2009,gdp_per_capita_current_usd,1918
Bhutan,BT,BTN,Asia,2008,gdp_per_capita_current_usd,1920
Bhutan,BT,BTN,Asia,2007,gdp_per_capita_current_usd,1850
Bhutan,BT,BTN,Asia,2006,gdp_per_capita_current_usd,1406
Bhutan,BT,BTN,Asia,2005,gdp_per_capita_current_usd,1300
Bhutan,BT,BTN,Asia,2004,gdp_per_capita_current_usd,1130
Bhutan,BT,BTN,Asia,2003,gdp_per_capita_current_usd,1022
Bhutan,BT,BTN,Asia,2002,gdp_per_capita_current_usd,896
Bhutan,BT,BTN,Asia,2001,gdp_per_capita_current_usd,812
Bhutan,BT,BTN,Asia,2000,gdp_per_capita_current_usd,772
Bhutan,BT,BTN,Asia,2024,population_total,791524
Bhutan,BT,BTN,Asia,2023,population_total,786385
Bhutan,BT,BTN,Asia,2022,population_total,780914
Bhutan,BT,BTN,Asia,2021,population_total,775442
Bhutan,BT,BTN,Asia,2020,population_total,770006
Bhutan,BT,BTN,Asia,2019,population_total,764824
Bhutan,BT,BTN,Asia,2018,population_total,759759
Bhutan,BT,BTN,Asia,2017,population_total,754335
Bhutan,BT,BTN,Asia,2016,population_total,747866
Bhutan,BT,BTN,Asia,2015,population_total,740618
Bhutan,BT,BTN,Asia,2014,population_total,733139
Bhutan,BT,BTN,Asia,2013,population_total,725273
Bhutan,BT,BTN,Asia,2012,population_total,717279
Bhutan,BT,BTN,Asia,2011,population_total,709377
Bhutan,BT,BTN,Asia,2010,population_total,701632
Bhutan,BT,BTN,Asia,2009,population_total,693988
Bhutan,BT,BTN,Asia,2008,population_total,686351
Bhutan,BT,BTN,Asia,2007,population_total,678641
Bhutan,BT,BTN,Asia,2006,population_total,670799
Bhutan,BT,BTN,Asia,2005,population_total,661865
Bhutan,BT,BTN,Asia,2004,population_total,650544
Bhutan,BT,BTN,Asia,2003,population_total,637663
Bhutan,BT,BTN,Asia,2002,population_total,624409
Bhutan,BT,BTN,Asia,2001,population_total,610794
Bhutan,BT,BTN,Asia,2000,population_total,596863
Botswana,BW,BWA,Africa,2024,gdp_current_usd,19400774882
Botswana,BW,BWA,Africa,2023,gdp_current_usd,19411266967
Botswana,BW,BWA,Africa,2022,gdp_current_usd,20321150598
Botswana,BW,BWA,Africa,2021,gdp_current_usd,18750182235
Botswana,BW,BWA,Africa,2020,gdp_current_usd,14960251611
Botswana,BW,BWA,Africa,2019,gdp_current_usd,16725908149
Botswana,BW,BWA,Africa,2018,gdp_current_usd,17031943186
Botswana,BW,BWA,Africa,2017,gdp_current_usd,16105155857
Botswana,BW,BWA,Africa,2016,gdp_current_usd,15082637184
Botswana,BW,BWA,Africa,2015,gdp_current_usd,13530748845
Botswana,BW,BWA,Africa,2014,gdp_current_usd,15470088501
Botswana,BW,BWA,Africa,2013,gdp_current_usd,14271738933
Botswana,BW,BWA,Africa,2012,gdp_current_usd,13907464500
Botswana,BW,BWA,Africa,2011,gdp_current_usd,15110643612
Botswana,BW,BWA,Africa,2010,gdp_current_usd,12637273429
Botswana,BW,BWA,Africa,2009,gdp_current_usd,10118459242
Botswana,BW,BWA,Africa,2008,gdp_current_usd,10730829116
Botswana,BW,BWA,Africa,2007,gdp_current_usd,10567270656
Botswana,BW,BWA,Africa,2006,gdp_current_usd,9919158482
Botswana,BW,BWA,Africa,2005,gdp_current_usd,9918907108
Botswana,BW,BWA,Africa,2004,gdp_current_usd,8957467707
Botswana,BW,BWA,Africa,2003,gdp_current_usd,7511582173
Botswana,BW,BWA,Africa,2002,gdp_current_usd,5438863983
Botswana,BW,BWA,Africa,2001,gdp_current_usd,5489608300
Botswana,BW,BWA,Africa,2000,gdp_current_usd,5788329609
Botswana,BW,BWA,Africa,2024,gdp_per_capita_current_usd,7695
Botswana,BW,BWA,Africa,2023,gdp_per_capita_current_usd,7826
Botswana,BW,BWA,Africa,2022,gdp_per_capita_current_usd,8329
Botswana,BW,BWA,Africa,2021,gdp_per_capita_current_usd,7808
Botswana,BW,BWA,Africa,2020,gdp_per_capita_current_usd,6323
Botswana,BW,BWA,Africa,2019,gdp_per_capita_current_usd,7172
Botswana,BW,BWA,Africa,2018,gdp_per_capita_current_usd,7408
Botswana,BW,BWA,Africa,2017,gdp_per_capita_current_usd,7105
Botswana,BW,BWA,Africa,2016,gdp_per_capita_current_usd,6749
Botswana,BW,BWA,Africa,2015,gdp_per_capita_current_usd,6141
Botswana,BW,BWA,Africa,2014,gdp_per_capita_current_usd,7122
Botswana,BW,BWA,Africa,2013,gdp_per_capita_current_usd,6667
Botswana,BW,BWA,Africa,2012,gdp_per_capita_current_usd,6596
Botswana,BW,BWA,Africa,2011,gdp_per_capita_current_usd,7287
Botswana,BW,BWA,Africa,2010,gdp_per_capita_current_usd,6216
Botswana,BW,BWA,Africa,2009,gdp_per_capita_current_usd,5083
Botswana,BW,BWA,Africa,2008,gdp_per_capita_current_usd,5503
Botswana,BW,BWA,Africa,2007,gdp_per_capita_current_usd,5529
Botswana,BW,BWA,Africa,2006,gdp_per_capita_current_usd,5292
Botswana,BW,BWA,Africa,2005,gdp_per_capita_current_usd,5391
Botswana,BW,BWA,Africa,2004,gdp_per_capita_current_usd,4957
Botswana,BW,BWA,Africa,2003,gdp_per_capita_current_usd,4230
Botswana,BW,BWA,Africa,2002,gdp_per_capita_current_usd,3117
Botswana,BW,BWA,Africa,2001,gdp_per_capita_current_usd,3206
Botswana,BW,BWA,Africa,2000,gdp_per_capita_current_usd,3451
Botswana,BW,BWA,Africa,2024,population_total,2521139
Botswana,BW,BWA,Africa,2023,population_total,2480244
Botswana,BW,BWA,Africa,2022,population_total,2439892
Botswana,BW,BWA,Africa,2021,population_total,2401441
Botswana,BW,BWA,Africa,2020,population_total,2365894
Botswana,BW,BWA,Africa,2019,population_total,2332083
Botswana,BW,BWA,Africa,2018,population_total,2299141
Botswana,BW,BWA,Africa,2017,population_total,2266747
Botswana,BW,BWA,Africa,2016,population_total,2234776
Botswana,BW,BWA,Africa,2015,population_total,2203273
Botswana,BW,BWA,Africa,2014,population_total,2172044
Botswana,BW,BWA,Africa,2013,population_total,2140682
Botswana,BW,BWA,Africa,2012,population_total,2108617
Botswana,BW,BWA,Africa,2011,population_total,2073535
Botswana,BW,BWA,Africa,2010,population_total,2033111
Botswana,BW,BWA,Africa,2009,population_total,1990673
Botswana,BW,BWA,Africa,2008,population_total,1949970
Botswana,BW,BWA,Africa,2007,population_total,1911201
Botswana,BW,BWA,Africa,2006,population_total,1874516
Botswana,BW,BWA,Africa,2005,population_total,1839877
Botswana,BW,BWA,Africa,2004,population_total,1807146
Botswana,BW,BWA,Africa,2003,population_total,1775736
Botswana,BW,BWA,Africa,2002,population_total,1744763
Botswana,BW,BWA,Africa,2001,population_total,1712254
Botswana,BW,BWA,Africa,2000,population_total,1677382
Central African Republic,CF,CAF,Africa,2024,gdp_current_usd,2751544520
Central African Republic,CF,CAF,Africa,2023,gdp_current_usd,2555492086
Central African Republic,CF,CAF,Africa,2022,gdp_current_usd,2382618615
Central African Republic,CF,CAF,Africa,2021,gdp_current_usd,2516498412
Central African Republic,CF,CAF,Africa,2020,gdp_current_usd,2326720900
Central African Republic,CF,CAF,Africa,2019,gdp_current_usd,2221301351
Central African Republic,CF,CAF,Africa,2018,gdp_current_usd,2220979146
Central African Republic,CF,CAF,Africa,2017,gdp_current_usd,2072349973
Central African Republic,CF,CAF,Africa,2016,gdp_current_usd,1825018145
Central African Republic,CF,CAF,Africa,2015,gdp_current_usd,1695825714
Central African Republic,CF,CAF,Africa,2014,gdp_current_usd,1894813389
Central African Republic,CF,CAF,Africa,2013,gdp_current_usd,1691544110
Central African Republic,CF,CAF,Africa,2012,gdp_current_usd,2510126512
Central African Republic,CF,CAF,Africa,2011,gdp_current_usd,2437982705
Central African Republic,CF,CAF,Africa,2010,gdp_current_usd,2142591540
Central African Republic,CF,CAF,Africa,2009,gdp_current_usd,2067381665
Central African Republic,CF,CAF,Africa,2008,gdp_current_usd,1993407888
Central African Republic,CF,CAF,Africa,2007,gdp_current_usd,1699811295
Central African Republic,CF,CAF,Africa,2006,gdp_current_usd,1461859762
Central African Republic,CF,CAF,Africa,2005,gdp_current_usd,1337894379
Central African Republic,CF,CAF,Africa,2004,gdp_current_usd,1272360517
Central African Republic,CF,CAF,Africa,2003,gdp_current_usd,1142315523
Central African Republic,CF,CAF,Africa,2002,gdp_current_usd,996068145
Central African Republic,CF,CAF,Africa,2001,gdp_current_usd,932648605
Central African Republic,CF,CAF,Africa,2000,gdp_current_usd,916777283
Central African Republic,CF,CAF,Africa,2024,gdp_per_capita_current_usd,516
Central African Republic,CF,CAF,Africa,2023,gdp_per_capita_current_usd,496
Central African Republic,CF,CAF,Africa,2022,gdp_per_capita_current_usd,467
Central African Republic,CF,CAF,Africa,2021,gdp_per_capita_current_usd,492
Central African Republic,CF,CAF,Africa,2020,gdp_per_capita_current_usd,463
Central African Republic,CF,CAF,Africa,2019,gdp_per_capita_current_usd,449
Central African Republic,CF,CAF,Africa,2018,gdp_per_capita_current_usd,455
Central African Republic,CF,CAF,Africa,2017,gdp_per_capita_current_usd,432
Central African Republic,CF,CAF,Africa,2016,gdp_per_capita_current_usd,387
Central African Republic,CF,CAF,Africa,2015,gdp_per_capita_current_usd,366
Central African Republic,CF,CAF,Africa,2014,gdp_per_capita_current_usd,410
Central African Republic,CF,CAF,Africa,2013,gdp_per_capita_current_usd,364
Central African Republic,CF,CAF,Africa,2012,gdp_per_capita_current_usd,544
Central African Republic,CF,CAF,Africa,2011,gdp_per_capita_current_usd,534
Central African Republic,CF,CAF,Africa,2010,gdp_per_capita_current_usd,477
Central African Republic,CF,CAF,Africa,2009,gdp_per_capita_current_usd,456
Central African Republic,CF,CAF,Africa,2008,gdp_per_capita_current_usd,437
Central African Republic,CF,CAF,Africa,2007,gdp_per_capita_current_usd,381
Central African Republic,CF,CAF,Africa,2006,gdp_per_capita_current_usd,334
Central African Republic,CF,CAF,Africa,2005,gdp_per_capita_current_usd,312
Central African Republic,CF,CAF,Africa,2004,gdp_per_capita_current_usd,303
Central African Republic,CF,CAF,Africa,2003,gdp_per_capita_current_usd,278
Central African Republic,CF,CAF,Africa,2002,gdp_per_capita_current_usd,249
Central African Republic,CF,CAF,Africa,2001,gdp_per_capita_current_usd,238
Central African Republic,CF,CAF,Africa,2000,gdp_per_capita_current_usd,239
Central African Republic,CF,CAF,Africa,2024,population_total,5330690
Central African Republic,CF,CAF,Africa,2023,population_total,5152421
Central African Republic,CF,CAF,Africa,2022,population_total,5098039
Central African Republic,CF,CAF,Africa,2021,population_total,5112100
Central African Republic,CF,CAF,Africa,2020,population_total,5026628
Central African Republic,CF,CAF,Africa,2019,population_total,4944703
Central African Republic,CF,CAF,Africa,2018,population_total,4878657
Central African Republic,CF,CAF,Africa,2017,population_total,4793511
Central African Republic,CF,CAF,Africa,2016,population_total,4713663
Central African Republic,CF,CAF,Africa,2015,population_total,4629320
Central African Republic,CF,CAF,Africa,2014,population_total,4623182
Central African Republic,CF,CAF,Africa,2013,population_total,4642419
Central African Republic,CF,CAF,Africa,2012,population_total,4610848
Central African Republic,CF,CAF,Africa,2011,population_total,4565021
Central African Republic,CF,CAF,Africa,2010,population_total,4492995
Central African Republic,CF,CAF,Africa,2009,population_total,4529047
Central African Republic,CF,CAF,Africa,2008,population_total,4558984
Central African Republic,CF,CAF,Africa,2007,population_total,4462770
Central African Republic,CF,CAF,Africa,2006,population_total,4377579
Central African Republic,CF,CAF,Africa,2005,population_total,4288810
Central African Republic,CF,CAF,Africa,2004,population_total,4192826
Central African Republic,CF,CAF,Africa,2003,population_total,4103086
Central African Republic,CF,CAF,Africa,2002,population_total,4006077
Central African Republic,CF,CAF,Africa,2001,population_total,3919487
Central African Republic,CF,CAF,Africa,2000,population_total,3833416
Canada,CA,CAN,North America,2024,gdp_current_usd,2241253230970
Canada,CA,CAN,North America,2023,gdp_current_usd,2173339670064
Canada,CA,CAN,North America,2022,gdp_current_usd,2190411080134
Canada,CA,CAN,North America,2021,gdp_current_usd,2022378748423
Canada,CA,CAN,North America,2020,gdp_current_usd,1655684730000
Canada,CA,CAN,North America,2019,gdp_current_usd,1743725183673
Canada,CA,CAN,North America,2018,gdp_current_usd,1725329192783
Canada,CA,CAN,North America,2017,gdp_current_usd,1649265644244
Canada,CA,CAN,North America,2016,gdp_current_usd,1527994741907
Canada,CA,CAN,North America,2015,gdp_current_usd,1556508816217
Canada,CA,CAN,North America,2014,gdp_current_usd,1805749878440
Canada,CA,CAN,North America,2013,gdp_current_usd,1846597421835
Canada,CA,CAN,North America,2012,gdp_current_usd,1828366481522
Canada,CA,CAN,North America,2011,gdp_current_usd,1793326630175
Canada,CA,CAN,North America,2010,gdp_current_usd,1617343367486
Canada,CA,CAN,North America,2009,gdp_current_usd,1374625142157
Canada,CA,CAN,North America,2008,gdp_current_usd,1552989690722
Canada,CA,CAN,North America,2007,gdp_current_usd,1468820407783
Canada,CA,CAN,North America,2006,gdp_current_usd,1319264809591
Canada,CA,CAN,North America,2005,gdp_current_usd,1173108598779
Canada,CA,CAN,North America,2004,gdp_current_usd,1026690238278
Canada,CA,CAN,North America,2003,gdp_current_usd,895540646635
Canada,CA,CAN,North America,2002,gdp_current_usd,760649334098
Canada,CA,CAN,North America,2001,gdp_current_usd,738981792355
Canada,CA,CAN,North America,2000,gdp_current_usd,744773415932
Canada,CA,CAN,North America,2024,gdp_per_capita_current_usd,54283
Canada,CA,CAN,North America,2023,gdp_per_capita_current_usd,54220
Canada,CA,CAN,North America,2022,gdp_per_capita_current_usd,56257
Canada,CA,CAN,North America,2021,gdp_per_capita_current_usd,52887
Canada,CA,CAN,North America,2020,gdp_per_capita_current_usd,43538
Canada,CA,CAN,North America,2019,gdp_per_capita_current_usd,46353
Canada,CA,CAN,North America,2018,gdp_per_capita_current_usd,46539
Canada,CA,CAN,North America,2017,gdp_per_capita_current_usd,45130
Canada,CA,CAN,North America,2016,gdp_per_capita_current_usd,42314
Canada,CA,CAN,North America,2015,gdp_per_capita_current_usd,43594
Canada,CA,CAN,North America,2014,gdp_per_capita_current_usd,50961
Canada,CA,CAN,North America,2013,gdp_per_capita_current_usd,52638
Canada,CA,CAN,North America,2012,gdp_per_capita_current_usd,52670
Canada,CA,CAN,North America,2011,gdp_per_capita_current_usd,52224
Canada,CA,CAN,North America,2010,gdp_per_capita_current_usd,47561
Canada,CA,CAN,North America,2009,gdp_per_capita_current_usd,40875
Canada,CA,CAN,North America,2008,gdp_per_capita_current_usd,46710
Canada,CA,CAN,North America,2007,gdp_per_capita_current_usd,44660
Canada,CA,CAN,North America,2006,gdp_per_capita_current_usd,40504
Canada,CA,CAN,North America,2005,gdp_per_capita_current_usd,36384
Canada,CA,CAN,North America,2004,gdp_per_capita_current_usd,32146
Canada,CA,CAN,North America,2003,gdp_per_capita_current_usd,28302
Canada,CA,CAN,North America,2002,gdp_per_capita_current_usd,24256
Canada,CA,CAN,North America,2001,gdp_per_capita_current_usd,23822
Canada,CA,CAN,North America,2000,gdp_per_capita_current_usd,24271
Canada,CA,CAN,North America,2024,population_total,41288599
Canada,CA,CAN,North America,2023,population_total,40083484
Canada,CA,CAN,North America,2022,population_total,38935934
Canada,CA,CAN,North America,2021,population_total,38239864
Canada,CA,CAN,North America,2020,population_total,38028638
Canada,CA,CAN,North America,2019,population_total,37618495
Canada,CA,CAN,North America,2018,population_total,37072620
Canada,CA,CAN,North America,2017,population_total,36545075
Canada,CA,CAN,North America,2016,population_total,36110803
Canada,CA,CAN,North America,2015,population_total,35704498
Canada,CA,CAN,North America,2014,population_total,35434066
Canada,CA,CAN,North America,2013,population_total,35080992
Canada,CA,CAN,North America,2012,population_total,34713395
Canada,CA,CAN,North America,2011,population_total,34339221
Canada,CA,CAN,North America,2010,population_total,34005902
Canada,CA,CAN,North America,2009,population_total,33630069
Canada,CA,CAN,North America,2008,population_total,33247298
Canada,CA,CAN,North America,2007,population_total,32888886
Canada,CA,CAN,North America,2006,population_total,32571193
Canada,CA,CAN,North America,2005,population_total,32242732
Canada,CA,CAN,North America,2004,population_total,31938807
Canada,CA,CAN,North America,2003,population_total,31642461
Canada,CA,CAN,North America,2002,population_total,31359199
Canada,CA,CAN,North America,2001,population_total,31020855
Canada,CA,CAN,North America,2000,population_total,30685730
Switzerland,CH,CHE,Europe,2024,gdp_current_usd,936564198049
Switzerland,CH,CHE,Europe,2023,gdp_current_usd,894424821645
Switzerland,CH,CHE,Europe,2022,gdp_current_usd,828508926958
Switzerland,CH,CHE,Europe,2021,gdp_current_usd,815309330987
Switzerland,CH,CHE,Europe,2020,gdp_current_usd,741999406006
Switzerland,CH,CHE,Europe,2019,gdp_current_usd,721369112727
Switzerland,CH,CHE,Europe,2018,gdp_current_usd,725568717468
Switzerland,CH,CHE,Europe,2017,gdp_current_usd,695200834102
Switzerland,CH,CHE,Europe,2016,gdp_current_usd,687895460903
Switzerland,CH,CHE,Europe,2015,gdp_current_usd,694118186380
Switzerland,CH,CHE,Europe,2014,gdp_current_usd,726537809430
Switzerland,CH,CHE,Europe,2013,gdp_current_usd,706234937371
Switzerland,CH,CHE,Europe,2012,gdp_current_usd,686420221558
Switzerland,CH,CHE,Europe,2011,gdp_current_usd,715888126682
Switzerland,CH,CHE,Europe,2010,gdp_current_usd,598851027948
Switzerland,CH,CHE,Europe,2009,gdp_current_usd,554212916092
Switzerland,CH,CHE,Europe,2008,gdp_current_usd,567267767519
Switzerland,CH,CHE,Europe,2007,gdp_current_usd,490740715595
Switzerland,CH,CHE,Europe,2006,gdp_current_usd,441634672197
Switzerland,CH,CHE,Europe,2005,gdp_current_usd,418284865885
Switzerland,CH,CHE,Europe,2004,gdp_current_usd,403912891033
Switzerland,CH,CHE,Europe,2003,gdp_current_usd,362075086508
Switzerland,CH,CHE,Europe,2002,gdp_current_usd,309301422430
Switzerland,CH,CHE,Europe,2001,gdp_current_usd,286582672434
Switzerland,CH,CHE,Europe,2000,gdp_current_usd,279216033870
Switzerland,CH,CHE,Europe,2024,gdp_per_capita_current_usd,103670
Switzerland,CH,CHE,Europe,2023,gdp_per_capita_current_usd,100632
Switzerland,CH,CHE,Europe,2022,gdp_per_capita_current_usd,94395
Switzerland,CH,CHE,Europe,2021,gdp_per_capita_current_usd,93665
Switzerland,CH,CHE,Europe,2020,gdp_per_capita_current_usd,85898
Switzerland,CH,CHE,Europe,2019,gdp_per_capita_current_usd,84122
Switzerland,CH,CHE,Europe,2018,gdp_per_capita_current_usd,85217
Switzerland,CH,CHE,Europe,2017,gdp_per_capita_current_usd,82254
Switzerland,CH,CHE,Europe,2016,gdp_per_capita_current_usd,82153
Switzerland,CH,CHE,Europe,2015,gdp_per_capita_current_usd,83806
Switzerland,CH,CHE,Europe,2014,gdp_per_capita_current_usd,88725
Switzerland,CH,CHE,Europe,2013,gdp_per_capita_current_usd,87304
Switzerland,CH,CHE,Europe,2012,gdp_per_capita_current_usd,85836
Switzerland,CH,CHE,Europe,2011,gdp_per_capita_current_usd,90477
Switzerland,CH,CHE,Europe,2010,gdp_per_capita_current_usd,76531
Switzerland,CH,CHE,Europe,2009,gdp_per_capita_current_usd,71568
Switzerland,CH,CHE,Europe,2008,gdp_per_capita_current_usd,74175
Switzerland,CH,CHE,Europe,2007,gdp_per_capita_current_usd,64989
Switzerland,CH,CHE,Europe,2006,gdp_per_capita_current_usd,59011
Switzerland,CH,CHE,Europe,2005,gdp_per_capita_current_usd,56243
Switzerland,CH,CHE,Europe,2004,gdp_per_capita_current_usd,54659
Switzerland,CH,CHE,Europe,2003,gdp_per_capita_current_usd,49336
Switzerland,CH,CHE,Europe,2002,gdp_per_capita_current_usd,42459
Switzerland,CH,CHE,Europe,2001,gdp_per_capita_current_usd,39639
Switzerland,CH,CHE,Europe,2000,gdp_per_capita_current_usd,38865
Switzerland,CH,CHE,Europe,2024,population_total,9034102
Switzerland,CH,CHE,Europe,2023,population_total,8888093
Switzerland,CH,CHE,Europe,2022,population_total,8777088
Switzerland,CH,CHE,Europe,2021,population_total,8704546
Switzerland,CH,CHE,Europe,2020,population_total,8638167
Switzerland,CH,CHE,Europe,2019,population_total,8575280
Switzerland,CH,CHE,Europe,2018,population_total,8514329
Switzerland,CH,CHE,Europe,2017,population_total,8451840
Switzerland,CH,CHE,Europe,2016,population_total,8373338
Switzerland,CH,CHE,Europe,2015,population_total,8282396
Switzerland,CH,CHE,Europe,2014,population_total,8188649
Switzerland,CH,CHE,Europe,2013,population_total,8089346
Switzerland,CH,CHE,Europe,2012,population_total,7996861
Switzerland,CH,CHE,Europe,2011,population_total,7912398
Switzerland,CH,CHE,Europe,2010,population_total,7824909
Switzerland,CH,CHE,Europe,2009,population_total,7743831
Switzerland,CH,CHE,Europe,2008,population_total,7647675
Switzerland,CH,CHE,Europe,2007,population_total,7551117
Switzerland,CH,CHE,Europe,2006,population_total,7483934
Switzerland,CH,CHE,Europe,2005,population_total,7437115
Switzerland,CH,CHE,Europe,2004,population_total,7389625
Switzerland,CH,CHE,Europe,2003,population_total,7339001
Switzerland,CH,CHE,Europe,2002,population_total,7284753
Switzerland,CH,CHE,Europe,2001,population_total,7229854
Switzerland,CH,CHE,Europe,2000,population_total,7184250
Chile,CL,CHL,South America,2024,gdp_current_usd,330267137372
Chile,CL,CHL,South America,2023,gdp_current_usd,335518054098
Chile,CL,CHL,South America,2022,gdp_current_usd,301226575540
Chile,CL,CHL,South America,2021,gdp_current_usd,315325547162
Chile,CL,CHL,South America,2020,gdp_current_usd,254042159309
Chile,CL,CHL,South America,2019,gdp_current_usd,278285058719
Chile,CL,CHL,South America,2018,gdp_current_usd,295857562992
Chile,CL,CHL,South America,2017,gdp_current_usd,276154259981
Chile,CL,CHL,South America,2016,gdp_current_usd,249344863928
Chile,CL,CHL,South America,2015,gdp_current_usd,242450355831
Chile,CL,CHL,South America,2014,gdp_current_usd,259560978224
Chile,CL,CHL,South America,2013,gdp_current_usd,277395018842
Chile,CL,CHL,South America,2012,gdp_current_usd,267024782487
Chile,CL,CHL,South America,2011,gdp_current_usd,251382573894
Chile,CL,CHL,South America,2010,gdp_current_usd,217051209239
Chile,CL,CHL,South America,2009,gdp_current_usd,171777900624
Chile,CL,CHL,South America,2008,gdp_current_usd,179894594475
Chile,CL,CHL,South America,2007,gdp_current_usd,172491076034
Chile,CL,CHL,South America,2006,gdp_current_usd,153843518171
Chile,CL,CHL,South America,2005,gdp_current_usd,122294145163
Chile,CL,CHL,South America,2004,gdp_current_usd,99075985774
Chile,CL,CHL,South America,2003,gdp_current_usd,76492579644
Chile,CL,CHL,South America,2002,gdp_current_usd,70264045939
Chile,CL,CHL,South America,2001,gdp_current_usd,71574739561
Chile,CL,CHL,South America,2000,gdp_current_usd,78339750721
Chile,CL,CHL,South America,2024,gdp_per_capita_current_usd,16710
Chile,CL,CHL,South America,2023,gdp_per_capita_current_usd,17067
Chile,CL,CHL,South America,2022,gdp_per_capita_current_usd,15406
Chile,CL,CHL,South America,2021,gdp_per_capita_current_usd,16207
Chile,CL,CHL,South America,2020,gdp_per_capita_current_usd,13115
Chile,CL,CHL,South America,2019,gdp_per_capita_current_usd,14496
Chile,CL,CHL,South America,2018,gdp_per_capita_current_usd,15659
Chile,CL,CHL,South America,2017,gdp_per_capita_current_usd,14880
Chile,CL,CHL,South America,2016,gdp_per_capita_current_usd,13650
Chile,CL,CHL,South America,2015,gdp_per_capita_current_usd,13434
Chile,CL,CHL,South America,2014,gdp_per_capita_current_usd,14530
Chile,CL,CHL,South America,2013,gdp_per_capita_current_usd,15684
Chile,CL,CHL,South America,2012,gdp_per_capita_current_usd,15242
Chile,CL,CHL,South America,2011,gdp_per_capita_current_usd,14487
Chile,CL,CHL,South America,2010,gdp_per_capita_current_usd,12633
Chile,CL,CHL,South America,2009,gdp_per_capita_current_usd,10099
Chile,CL,CHL,South America,2008,gdp_per_capita_current_usd,10683
Chile,CL,CHL,South America,2007,gdp_per_capita_current_usd,10346
Chile,CL,CHL,South America,2006,gdp_per_capita_current_usd,9319
Chile,CL,CHL,South America,2005,gdp_per_capita_current_usd,7480
Chile,CL,CHL,South America,2004,gdp_per_capita_current_usd,6121
Chile,CL,CHL,South America,2003,gdp_per_capita_current_usd,4773
Chile,CL,CHL,South America,2002,gdp_per_capita_current_usd,4431
Chile,CL,CHL,South America,2001,gdp_per_capita_current_usd,4564
Chile,CL,CHL,South America,2000,gdp_per_capita_current_usd,5053
Chile,CL,CHL,South America,2024,population_total,19764771
Chile,CL,CHL,South America,2023,population_total,19658835
Chile,CL,CHL,South America,2022,population_total,19553036
Chile,CL,CHL,South America,2021,population_total,19456334
Chile,CL,CHL,South America,2020,population_total,19370624
Chile,CL,CHL,South America,2019,population_total,19197744
Chile,CL,CHL,South America,2018,population_total,18893191
Chile,CL,CHL,South America,2017,population_total,18558868
Chile,CL,CHL,South America,2016,population_total,18267221
Chile,CL,CHL,South America,2015,population_total,18047625
Chile,CL,CHL,South America,2014,population_total,17864195
Chile,CL,CHL,South America,2013,population_total,17687006
Chile,CL,CHL,South America,2012,population_total,17519119
Chile,CL,CHL,South America,2011,population_total,17351816
Chile,CL,CHL,South America,2010,population_total,17181464
Chile,CL,CHL,South America,2009,population_total,17009731
Chile,CL,CHL,South America,2008,population_total,16838988
Chile,CL,CHL,South America,2007,population_total,16671581
Chile,CL,CHL,South America,2006,population_total,16509195
Chile,CL,CHL,South America,2005,population_total,16348778
Chile,CL,CHL,South America,2004,population_total,16187322
Chile,CL,CHL,South America,2003,population_total,16024752
Chile,CL,CHL,South America,2002,population_total,15857925
Chile,CL,CHL,South America,2001,population_total,15683849
Chile,CL,CHL,South America,2000,population_total,15503635
China,CN,CHN,Asia,2024,gdp_current_usd,18743803170827
China,CN,CHN,Asia,2023,gdp_current_usd,18270356654533
China,CN,CHN,Asia,2022,gdp_current_usd,18316765021690
China,CN,CHN,Asia,2021,gdp_current_usd,18201698719564
China,CN,CHN,Asia,2020,gdp_current_usd,14996414166715
China,CN,CHN,Asia,2019,gdp_current_usd,14560167101283
China,CN,CHN,Asia,2018,gdp_current_usd,14147765772964
China,CN,CHN,Asia,2017,gdp_current_usd,12537559062283
China,CN,CHN,Asia,2016,gdp_current_usd,11456024084962
China,CN,CHN,Asia,2015,gdp_current_usd,11280814787469
China,CN,CHN,Asia,2014,gdp_current_usd,10674533168257
China,CN,CHN,Asia,2013,gdp_current_usd,9743124247267
China,CN,CHN,Asia,2012,gdp_current_usd,8673664713189
China,CN,CHN,Asia,2011,gdp_current_usd,7671757207851
China,CN,CHN,Asia,2010,gdp_current_usd,6192564874453
China,CN,CHN,Asia,2009,gdp_current_usd,5189577094998
China,CN,CHN,Asia,2008,gdp_current_usd,4667346414522
China,CN,CHN,Asia,2007,gdp_current_usd,3604055822572
China,CN,CHN,Asia,2006,gdp_current_usd,2791498472804
China,CN,CHN,Asia,2005,gdp_current_usd,2317551298052
China,CN,CHN,Asia,2004,gdp_current_usd,1984196551300
China,CN,CHN,Asia,2003,gdp_current_usd,1683903309844
China,CN,CHN,Asia,2002,gdp_current_usd,1489821682051
China,CN,CHN,Asia,2001,gdp_current_usd,1355036590252
China,CN,CHN,Asia,2000,gdp_current_usd,1223754919971
China,CN,CHN,Asia,2024,gdp_per_capita_current_usd,13303
China,CN,CHN,Asia,2023,gdp_per_capita_current_usd,12951
China,CN,CHN,Asia,2022,gdp_per_capita_current_usd,12971
China,CN,CHN,Asia,2021,gdp_per_capita_current_usd,12887
China,CN,CHN,Asia,2020,gdp_per_capita_current_usd,10627
China,CN,CHN,Asia,2019,gdp_per_capita_current_usd,10343
China,CN,CHN,Asia,2018,gdp_per_capita_current_usd,10086
China,CN,CHN,Asia,2017,gdp_per_capita_current_usd,8980
China,CN,CHN,Asia,2016,gdp_per_capita_current_usd,8255
China,CN,CHN,Asia,2015,gdp_per_capita_current_usd,8175
China,CN,CHN,Asia,2014,gdp_per_capita_current_usd,7781
China,CN,CHN,Asia,2013,gdp_per_capita_current_usd,7147
China,CN,CHN,Asia,2012,gdp_per_capita_current_usd,6405
China,CN,CHN,Asia,2011,gdp_per_capita_current_usd,5704
China,CN,CHN,Asia,2010,gdp_per_capita_current_usd,4629
China,CN,CHN,Asia,2009,gdp_per_capita_current_usd,3898
China,CN,CHN,Asia,2008,gdp_per_capita_current_usd,3523
China,CN,CHN,Asia,2007,gdp_per_capita_current_usd,2735
China,CN,CHN,Asia,2006,gdp_per_capita_current_usd,2129
China,CN,CHN,Asia,2005,gdp_per_capita_current_usd,1778
China,CN,CHN,Asia,2004,gdp_per_capita_current_usd,1531
China,CN,CHN,Asia,2003,gdp_per_capita_current_usd,1307
China,CN,CHN,Asia,2002,gdp_per_capita_current_usd,1164
China,CN,CHN,Asia,2001,gdp_per_capita_current_usd,1065
China,CN,CHN,Asia,2000,gdp_per_capita_current_usd,969
China,CN,CHN,Asia,2024,population_total,1408975000
China,CN,CHN,Asia,2023,population_total,1410710000
China,CN,CHN,Asia,2022,population_total,1412175000
China,CN,CHN,Asia,2021,population_total,1412360000
China,CN,CHN,Asia,2020,population_total,1411100000
China,CN,CHN,Asia,2019,population_total,1407745000
China,CN,CHN,Asia,2018,population_total,1402760000
China,CN,CHN,Asia,2017,population_total,1396215000
China,CN,CHN,Asia,2016,population_total,1387790000
China,CN,CHN,Asia,2015,population_total,1379860000
China,CN,CHN,Asia,2014,population_total,1371860000
China,CN,CHN,Asia,2013,population_total,1363240000
China,CN,CHN,Asia,2012,population_total,1354190000
China,CN,CHN,Asia,2011,population_total,1345035000
China,CN,CHN,Asia,2010,population_total,1337705000
China,CN,CHN,Asia,2009,population_total,1331260000
China,CN,CHN,Asia,2008,population_total,1324655000
China,CN,CHN,Asia,2007,population_total,1317885000
China,CN,CHN,Asia,2006,population_total,1311020000
China,CN,CHN,Asia,2005,population_total,1303720000
China,CN,CHN,Asia,2004,population_total,1296075000
China,CN,CHN,Asia,2003,population_total,1288400000
China,CN,CHN,Asia,2002,population_total,1280400000
China,CN,CHN,Asia,2001,population_total,1271850000
China,CN,CHN,Asia,2000,population_total,1262645000
Côte d'Ivoire,CI,CIV,Africa,2024,gdp_current_usd,86538413923
Côte d'Ivoire,CI,CIV,Africa,2023,gdp_current_usd,79618056324
Côte d'Ivoire,CI,CIV,Africa,2022,gdp_current_usd,70922824824
Côte d'Ivoire,CI,CIV,Africa,2021,gdp_current_usd,72794636649
Côte d'Ivoire,CI,CIV,Africa,2020,gdp_current_usd,63027852805
Côte d'Ivoire,CI,CIV,Africa,2019,gdp_current_usd,60382894697
Côte d'Ivoire,CI,CIV,Africa,2018,gdp_current_usd,58522477787
Côte d'Ivoire,CI,CIV,Africa,2017,gdp_current_usd,52512343997
Côte d'Ivoire,CI,CIV,Africa,2016,gdp_current_usd,48407761037
Côte d'Ivoire,CI,CIV,Africa,2015,gdp_current_usd,45815005169
Côte d'Ivoire,CI,CIV,Africa,2014,gdp_current_usd,48843005614
Côte d'Ivoire,CI,CIV,Africa,2013,gdp_current_usd,42760235485
Côte d'Ivoire,CI,CIV,Africa,2012,gdp_current_usd,36302302877
Côte d'Ivoire,CI,CIV,Africa,2011,gdp_current_usd,36693710801
Côte d'Ivoire,CI,CIV,Africa,2010,gdp_current_usd,34936307980
Côte d'Ivoire,CI,CIV,Africa,2009,gdp_current_usd,33886813250
Côte d'Ivoire,CI,CIV,Africa,2008,gdp_current_usd,34078240293
Côte d'Ivoire,CI,CIV,Africa,2007,gdp_current_usd,28760090953
Côte d'Ivoire,CI,CIV,Africa,2006,gdp_current_usd,25281413263
Côte d'Ivoire,CI,CIV,Africa,2005,gdp_current_usd,24036918703
Côte d'Ivoire,CI,CIV,Africa,2004,gdp_current_usd,23510575681
Côte d'Ivoire,CI,CIV,Africa,2003,gdp_current_usd,21251754340
Côte d'Ivoire,CI,CIV,Africa,2002,gdp_current_usd,18054383321
Côte d'Ivoire,CI,CIV,Africa,2001,gdp_current_usd,16810537044
Côte d'Ivoire,CI,CIV,Africa,2000,gdp_current_usd,16577533892
Côte d'Ivoire,CI,CIV,Africa,2024,gdp_per_capita_current_usd,2710
Côte d'Ivoire,CI,CIV,Africa,2023,gdp_per_capita_current_usd,2555
Côte d'Ivoire,CI,CIV,Africa,2022,gdp_per_capita_current_usd,2333
Côte d'Ivoire,CI,CIV,Africa,2021,gdp_per_capita_current_usd,2456
Côte d'Ivoire,CI,CIV,Africa,2020,gdp_per_capita_current_usd,2180
Côte d'Ivoire,CI,CIV,Africa,2019,gdp_per_capita_current_usd,2142
Côte d'Ivoire,CI,CIV,Africa,2018,gdp_per_capita_current_usd,2131
Côte d'Ivoire,CI,CIV,Africa,2017,gdp_per_capita_current_usd,1964
Côte d'Ivoire,CI,CIV,Africa,2016,gdp_per_capita_current_usd,1863
Côte d'Ivoire,CI,CIV,Africa,2015,gdp_per_capita_current_usd,1815
Côte d'Ivoire,CI,CIV,Africa,2014,gdp_per_capita_current_usd,1991
Côte d'Ivoire,CI,CIV,Africa,2013,gdp_per_capita_current_usd,1786
Côte d'Ivoire,CI,CIV,Africa,2012,gdp_per_capita_current_usd,1547
Côte d'Ivoire,CI,CIV,Africa,2011,gdp_per_capita_current_usd,1597
Côte d'Ivoire,CI,CIV,Africa,2010,gdp_per_capita_current_usd,1554
Côte d'Ivoire,CI,CIV,Africa,2009,gdp_per_capita_current_usd,1540
Côte d'Ivoire,CI,CIV,Africa,2008,gdp_per_capita_current_usd,1584
Côte d'Ivoire,CI,CIV,Africa,2007,gdp_per_capita_current_usd,1368
Côte d'Ivoire,CI,CIV,Africa,2006,gdp_per_capita_current_usd,1230
Côte d'Ivoire,CI,CIV,Africa,2005,gdp_per_capita_current_usd,1198
Côte d'Ivoire,CI,CIV,Africa,2004,gdp_per_capita_current_usd,1200
Côte d'Ivoire,CI,CIV,Africa,2003,gdp_per_capita_current_usd,1111
Côte d'Ivoire,CI,CIV,Africa,2002,gdp_per_capita_current_usd,968
Côte d'Ivoire,CI,CIV,Africa,2001,gdp_per_capita_current_usd,925
Côte d'Ivoire,CI,CIV,Africa,2000,gdp_per_capita_current_usd,937
Côte d'Ivoire,CI,CIV,Africa,2024,population_total,31934230
Côte d'Ivoire,CI,CIV,Africa,2023,population_total,31165654
Côte d'Ivoire,CI,CIV,Africa,2022,population_total,30395002
Côte d'Ivoire,CI,CIV,Africa,2021,population_total,29639736
Côte d'Ivoire,CI,CIV,Africa,2020,population_total,28915449
Côte d'Ivoire,CI,CIV,Africa,2019,population_total,28193009
Côte d'Ivoire,CI,CIV,Africa,2018,population_total,27464173
Côte d'Ivoire,CI,CIV,Africa,2017,population_total,26733372
Côte d'Ivoire,CI,CIV,Africa,2016,population_total,25989405
Côte d'Ivoire,CI,CIV,Africa,2015,population_total,25246342
Côte d'Ivoire,CI,CIV,Africa,2014,population_total,24527395
Côte d'Ivoire,CI,CIV,Africa,2013,population_total,23939775
Côte d'Ivoire,CI,CIV,Africa,2012,population_total,23467078
Côte d'Ivoire,CI,CIV,Africa,2011,population_total,22982000
Côte d'Ivoire,CI,CIV,Africa,2010,population_total,22488065
Côte d'Ivoire,CI,CIV,Africa,2009,population_total,21997940
Côte d'Ivoire,CI,CIV,Africa,2008,population_total,21514439
Côte d'Ivoire,CI,CIV,Africa,2007,population_total,21030558
Côte d'Ivoire,CI,CIV,Africa,2006,population_total,20546802
Côte d'Ivoire,CI,CIV,Africa,2005,population_total,20068458
Côte d'Ivoire,CI,CIV,Africa,2004,population_total,19595000
Côte d'Ivoire,CI,CIV,Africa,2003,population_total,19125542
Côte d'Ivoire,CI,CIV,Africa,2002,population_total,18654771
Côte d'Ivoire,CI,CIV,Africa,2001,population_total,18178913
Côte d'Ivoire,CI,CIV,Africa,2000,population_total,17699004
Cameroon,CM,CMR,Africa,2024,gdp_current_usd,51326764685
Cameroon,CM,CMR,Africa,2023,gdp_current_usd,49279410983
Cameroon,CM,CMR,Africa,2022,gdp_current_usd,44347206073
Cameroon,CM,CMR,Africa,2021,gdp_current_usd,45011937347
Cameroon,CM,CMR,Africa,2020,gdp_current_usd,40773241177
Cameroon,CM,CMR,Africa,2019,gdp_current_usd,39667757528
Cameroon,CM,CMR,Africa,2018,gdp_current_usd,39955552190
Cameroon,CM,CMR,Africa,2017,gdp_current_usd,36098547033
Cameroon,CM,CMR,Africa,2016,gdp_current_usd,33814337044
Cameroon,CM,CMR,Africa,2015,gdp_current_usd,32210233020
Cameroon,CM,CMR,Africa,2014,gdp_current_usd,36386544706
Cameroon,CM,CMR,Africa,2013,gdp_current_usd,33728621180
Cameroon,CM,CMR,Africa,2012,gdp_current_usd,30155062329
Cameroon,CM,CMR,Africa,2011,gdp_current_usd,30630910495
Cameroon,CM,CMR,Africa,2010,gdp_current_usd,27507501821
Cameroon,CM,CMR,Africa,2009,gdp_current_usd,27932970317
Cameroon,CM,CMR,Africa,2008,gdp_current_usd,27715142033
Cameroon,CM,CMR,Africa,2007,gdp_current_usd,23928250433
Cameroon,CM,CMR,Africa,2006,gdp_current_usd,20910512975
Cameroon,CM,CMR,Africa,2005,gdp_current_usd,19509852207
Cameroon,CM,CMR,Africa,2004,gdp_current_usd,18826214136
Cameroon,CM,CMR,Africa,2003,gdp_current_usd,15970315035
Cameroon,CM,CMR,Africa,2002,gdp_current_usd,12417251350
Cameroon,CM,CMR,Africa,2001,gdp_current_usd,10953485349
Cameroon,CM,CMR,Africa,2000,gdp_current_usd,10566579295
Cameroon,CM,CMR,Africa,2024,gdp_per_capita_current_usd,1762
Cameroon,CM,CMR,Africa,2023,gdp_per_capita_current_usd,1737
Cameroon,CM,CMR,Africa,2022,gdp_per_capita_current_usd,1605
Cameroon,CM,CMR,Africa,2021,gdp_per_capita_current_usd,1672
Cameroon,CM,CMR,Africa,2020,gdp_per_capita_current_usd,1556
Cameroon,CM,CMR,Africa,2019,gdp_per_capita_current_usd,1555
Cameroon,CM,CMR,Africa,2018,gdp_per_capita_current_usd,1611
Cameroon,CM,CMR,Africa,2017,gdp_per_capita_current_usd,1496
Cameroon,CM,CMR,Africa,2016,gdp_per_capita_current_usd,1442
Cameroon,CM,CMR,Africa,2015,gdp_per_capita_current_usd,1415
Cameroon,CM,CMR,Africa,2014,gdp_per_capita_current_usd,1649
Cameroon,CM,CMR,Africa,2013,gdp_per_capita_current_usd,1576
Cameroon,CM,CMR,Africa,2012,gdp_per_capita_current_usd,1449
Cameroon,CM,CMR,Africa,2011,gdp_per_capita_current_usd,1514
Cameroon,CM,CMR,Africa,2010,gdp_per_capita_current_usd,1399
Cameroon,CM,CMR,Africa,2009,gdp_per_capita_current_usd,1461
Cameroon,CM,CMR,Africa,2008,gdp_per_capita_current_usd,1492
Cameroon,CM,CMR,Africa,2007,gdp_per_capita_current_usd,1326
Cameroon,CM,CMR,Africa,2006,gdp_per_capita_current_usd,1191
Cameroon,CM,CMR,Africa,2005,gdp_per_capita_current_usd,1143
Cameroon,CM,CMR,Africa,2004,gdp_per_capita_current_usd,1133
Cameroon,CM,CMR,Africa,2003,gdp_per_capita_current_usd,988
Cameroon,CM,CMR,Africa,2002,gdp_per_capita_current_usd,790
Cameroon,CM,CMR,Africa,2001,gdp_per_capita_current_usd,715
Cameroon,CM,CMR,Africa,2000,gdp_per_capita_current_usd,709
Cameroon,CM,CMR,Africa,2024,population_total,29123744
Cameroon,CM,CMR,Africa,2023,population_total,28372687
Cameroon,CM,CMR,Africa,2022,population_total,27632771
Cameroon,CM,CMR,Africa,2021,population_total,26915758
Cameroon,CM,CMR,Africa,2020,population_total,26210558
Cameroon,CM,CMR,Africa,2019,population_total,25506095
Cameroon,CM,CMR,Africa,2018,population_total,24806383
Cameroon,CM,CMR,Africa,2017,population_total,24128601
Cameroon,CM,CMR,Africa,2016,population_total,23454161
Cameroon,CM,CMR,Africa,2015,population_total,22763414
Cameroon,CM,CMR,Africa,2014,population_total,22059893
Cameroon,CM,CMR,Africa,2013,population_total,21402376
Cameroon,CM,CMR,Africa,2012,population_total,20809529
Cameroon,CM,CMR,Africa,2011,population_total,20232304
Cameroon,CM,CMR,Africa,2010,population_total,19668066
Cameroon,CM,CMR,Africa,2009,population_total,19113974
Cameroon,CM,CMR,Africa,2008,population_total,18574056
Cameroon,CM,CMR,Africa,2007,population_total,18049896
Cameroon,CM,CMR,Africa,2006,population_total,17550407
Cameroon,CM,CMR,Africa,2005,population_total,17074594
Cameroon,CM,CMR,Africa,2004,population_total,16610487
Cameroon,CM,CMR,Africa,2003,population_total,16160340
Cameroon,CM,CMR,Africa,2002,population_total,15725528
Cameroon,CM,CMR,Africa,2001,population_total,15309490
Cameroon,CM,CMR,Africa,2000,population_total,14912631
"Congo, The Democratic Republic of the",CD,COD,Africa,2024,gdp_current_usd,70749355652
"Congo, The Democratic Republic of the",CD,COD,Africa,2023,gdp_current_usd,67006756666
"Congo, The Democratic Republic of the",CD,COD,Africa,2022,gdp_current_usd,65801547756
"Congo, The Democratic Republic of the",CD,COD,Africa,2021,gdp_current_usd,55328482784
"Congo, The Democratic Republic of the",CD,COD,Africa,2020,gdp_current_usd,48716961860
"Congo, The Democratic Republic of the",CD,COD,Africa,2019,gdp_current_usd,51775829877
"Congo, The Democratic Republic of the",CD,COD,Africa,2018,gdp_current_usd,47568210010
"Congo, The Democratic Republic of the",CD,COD,Africa,2017,gdp_current_usd,38019264795
"Congo, The Democratic Republic of the",CD,COD,Africa,2016,gdp_current_usd,37134801555
"Congo, The Democratic Republic of the",CD,COD,Africa,2015,gdp_current_usd,37917706497
"Congo, The Democratic Republic of the",CD,COD,Africa,2014,gdp_current_usd,35909040926
"Congo, The Democratic Republic of the",CD,COD,Africa,2013,gdp_current_usd,32679745048
"Congo, The Democratic Republic of the",CD,COD,Africa,2012,gdp_current_usd,29306235285
"Congo, The Democratic Republic of the",CD,COD,Africa,2011,gdp_current_usd,25839749199
"Congo, The Democratic Republic of the",CD,COD,Africa,2010,gdp_current_usd,21565721045
"Congo, The Democratic Republic of the",CD,COD,Africa,2009,gdp_current_usd,18648372553
"Congo, The Democratic Republic of the",CD,COD,Africa,2008,gdp_current_usd,19788515590
"Congo, The Democratic Republic of the",CD,COD,Africa,2007,gdp_current_usd,16737071816
"Congo, The Democratic Republic of the",CD,COD,Africa,2006,gdp_current_usd,14451901696
"Congo, The Democratic Republic of the",CD,COD,Africa,2005,gdp_current_usd,11964484466
"Congo, The Democratic Republic of the",CD,COD,Africa,2004,gdp_current_usd,10297483481
"Congo, The Democratic Republic of the",CD,COD,Africa,2003,gdp_current_usd,8937567060
"Congo, The Democratic Republic of the",CD,COD,Africa,2002,gdp_current_usd,8728038525
"Congo, The Democratic Republic of the",CD,COD,Africa,2001,gdp_current_usd,7438189100
"Congo, The Democratic Republic of the",CD,COD,Africa,2000,gdp_current_usd,19088046306
"Congo, The Democratic Republic of the",CD,COD,Africa,2024,gdp_per_capita_current_usd,647
"Congo, The Democratic Republic of the",CD,COD,Africa,2023,gdp_per_capita_current_usd,633
"Congo, The Democratic Republic of the",CD,COD,Africa,2022,gdp_per_capita_current_usd,643
"Congo, The Democratic Republic of the",CD,COD,Africa,2021,gdp_per_capita_current_usd,558
"Congo, The Democratic Republic of the",CD,COD,Africa,2020,gdp_per_capita_current_usd,508
"Congo, The Democratic Republic of the",CD,COD,Africa,2019,gdp_per_capita_current_usd,557
"Congo, The Democratic Republic of the",CD,COD,Africa,2018,gdp_per_capita_current_usd,528
"Congo, The Democratic Republic of the",CD,COD,Africa,2017,gdp_per_capita_current_usd,437
"Congo, The Democratic Republic of the",CD,COD,Africa,2016,gdp_per_capita_current_usd,442
"Congo, The Democratic Republic of the",CD,COD,Africa,2015,gdp_per_capita_current_usd,468
"Congo, The Democratic Republic of the",CD,COD,Africa,2014,gdp_per_capita_current_usd,458
"Congo, The Democratic Republic of the",CD,COD,Africa,2013,gdp_per_capita_current_usd,431
"Congo, The Democratic Republic of the",CD,COD,Africa,2012,gdp_per_capita_current_usd,400
"Congo, The Democratic Republic of the",CD,COD,Africa,2011,gdp_per_capita_current_usd,365
"Congo, The Democratic Republic of the",CD,COD,Africa,2010,gdp_per_capita_current_usd,315
"Congo, The Democratic Republic of the",CD,COD,Africa,2009,gdp_per_capita_current_usd,281
"Congo, The Democratic Republic of the",CD,COD,Africa,2008,gdp_per_capita_current_usd,307
"Congo, The Democratic Republic of the",CD,COD,Africa,2007,gdp_per_capita_current_usd,268
"Congo, The Democratic Republic of the",CD,COD,Africa,2006,gdp_per_capita_current_usd,238
"Congo, The Democratic Republic of the",CD,COD,Africa,2005,gdp_per_capita_current_usd,204
"Congo, The Democratic Republic of the",CD,COD,Africa,2004,gdp_per_capita_current_usd,181
"Congo, The Democratic Republic of the",CD,COD,Africa,2003,gdp_per_capita_current_usd,161
"Congo, The Democratic Republic of the",CD,COD,Africa,2002,gdp_per_capita_current_usd,162
"Congo, The Democratic Republic of the",CD,COD,Africa,2001,gdp_per_capita_current_usd,143
"Congo, The Democratic Republic of the",CD,COD,Africa,2000,gdp_per_capita_current_usd,378
"Congo, The Democratic Republic of the",CD,COD,Africa,2024,population_total,109276265
"Congo, The Democratic Republic of the",CD,COD,Africa,2023,population_total,105789731
"Congo, The Democratic Republic of the",CD,COD,Africa,2022,population_total,102396968
"Congo, The Democratic Republic of the",CD,COD,Africa,2021,population_total,99148932
"Congo, The Democratic Republic of the",CD,COD,Africa,2020,population_total,95989998
"Congo, The Democratic Republic of the",CD,COD,Africa,2019,population_total,92947442
"Congo, The Democratic Republic of the",CD,COD,Africa,2018,population_total,90047644
"Congo, The Democratic Republic of the",CD,COD,Africa,2017,population_total,87083398
"Congo, The Democratic Republic of the",CD,COD,Africa,2016,population_total,83956415
"Congo, The Democratic Republic of the",CD,COD,Africa,2015,population_total,81035531
"Congo, The Democratic Republic of the",CD,COD,Africa,2014,population_total,78403242
"Congo, The Democratic Republic of the",CD,COD,Africa,2013,population_total,75789395
"Congo, The Democratic Republic of the",CD,COD,Africa,2012,population_total,73254618
"Congo, The Democratic Republic of the",CD,COD,Africa,2011,population_total,70849311
"Congo, The Democratic Republic of the",CD,COD,Africa,2010,population_total,68563038
"Congo, The Democratic Republic of the",CD,COD,Africa,2009,population_total,66412044
"Congo, The Democratic Republic of the",CD,COD,Africa,2008,population_total,64390664
"Congo, The Democratic Republic of the",CD,COD,Africa,2007,population_total,62477752
"Congo, The Democratic Republic of the",CD,COD,Africa,2006,population_total,60615908
"Congo, The Democratic Republic of the",CD,COD,Africa,2005,population_total,58775724
"Congo, The Democratic Republic of the",CD,COD,Africa,2004,population_total,56997741
"Congo, The Democratic Republic of the",CD,COD,Africa,2003,population_total,55343867
"Congo, The Democratic Republic of the",CD,COD,Africa,2002,population_total,53750524
"Congo, The Democratic Republic of the",CD,COD,Africa,2001,population_total,52132646
"Congo, The Democratic Republic of the",CD,COD,Africa,2000,population_total,50507442
Congo,CG,COG,Africa,2024,gdp_current_usd,15719985776
Congo,CG,COG,Africa,2023,gdp_current_usd,15321055818
Congo,CG,COG,Africa,2022,gdp_current_usd,15817030157
Congo,CG,COG,Africa,2021,gdp_current_usd,14825690211
Congo,CG,COG,Africa,2020,gdp_current_usd,11468687464
Congo,CG,COG,Africa,2019,gdp_current_usd,13976637780
Congo,CG,COG,Africa,2018,gdp_current_usd,14773900289
Congo,CG,COG,Africa,2017,gdp_current_usd,11834473039
Congo,CG,COG,Africa,2016,gdp_current_usd,10931328151
Congo,CG,COG,Africa,2015,gdp_current_usd,12434793867
Congo,CG,COG,Africa,2014,gdp_current_usd,17919321078
Congo,CG,COG,Africa,2013,gdp_current_usd,17958720699
Congo,CG,COG,Africa,2012,gdp_current_usd,17692911296
Congo,CG,COG,Africa,2011,gdp_current_usd,15655383577
Congo,CG,COG,Africa,2010,gdp_current_usd,13148396212
Congo,CG,COG,Africa,2009,gdp_current_usd,9723299915
Congo,CG,COG,Africa,2008,gdp_current_usd,11649857673
Congo,CG,COG,Africa,2007,gdp_current_usd,8782703437
Congo,CG,COG,Africa,2006,gdp_current_usd,8072305029
Congo,CG,COG,Africa,2005,gdp_current_usd,6650001680
Congo,CG,COG,Africa,2004,gdp_current_usd,4656974940
Congo,CG,COG,Africa,2003,gdp_current_usd,3503723088
Congo,CG,COG,Africa,2002,gdp_current_usd,3034250924
Congo,CG,COG,Africa,2001,gdp_current_usd,2796704604
Congo,CG,COG,Africa,2000,gdp_current_usd,3227927698
Congo,CG,COG,Africa,2024,gdp_per_capita_current_usd,2482
Congo,CG,COG,Africa,2023,gdp_per_capita_current_usd,2478
Congo,CG,COG,Africa,2022,gdp_per_capita_current_usd,2621
Congo,CG,COG,Africa,2021,gdp_per_capita_current_usd,2516
Congo,CG,COG,Africa,2020,gdp_per_capita_current_usd,1994
Congo,CG,COG,Africa,2019,gdp_per_capita_current_usd,2488
Congo,CG,COG,Africa,2018,gdp_per_capita_current_usd,2694
Congo,CG,COG,Africa,2017,gdp_per_capita_current_usd,2212
Congo,CG,COG,Africa,2016,gdp_per_capita_current_usd,2093
Congo,CG,COG,Africa,2015,gdp_per_capita_current_usd,2439
Congo,CG,COG,Africa,2014,gdp_per_capita_current_usd,3601
Congo,CG,COG,Africa,2013,gdp_per_capita_current_usd,3697
Congo,CG,COG,Africa,2012,gdp_per_capita_current_usd,3732
Congo,CG,COG,Africa,2011,gdp_per_capita_current_usd,3396
Congo,CG,COG,Africa,2010,gdp_per_capita_current_usd,2947
Congo,CG,COG,Africa,2009,gdp_per_capita_current_usd,2271
Congo,CG,COG,Africa,2008,gdp_per_capita_current_usd,2832
Congo,CG,COG,Africa,2007,gdp_per_capita_current_usd,2206
Congo,CG,COG,Africa,2006,gdp_per_capita_current_usd,2104
Congo,CG,COG,Africa,2005,gdp_per_capita_current_usd,1799
Congo,CG,COG,Africa,2004,gdp_per_capita_current_usd,1306
Congo,CG,COG,Africa,2003,gdp_per_capita_current_usd,1017
Congo,CG,COG,Africa,2002,gdp_per_capita_current_usd,906
Congo,CG,COG,Africa,2001,gdp_per_capita_current_usd,855
Congo,CG,COG,Africa,2000,gdp_per_capita_current_usd,1024
Congo,CG,COG,Africa,2024,population_total,6332961
Congo,CG,COG,Africa,2023,population_total,6182885
Congo,CG,COG,Africa,2022,population_total,6035104
Congo,CG,COG,Africa,2021,population_total,5892183
Congo,CG,COG,Africa,2020,population_total,5752791
Congo,CG,COG,Africa,2019,population_total,5616661
Congo,CG,COG,Africa,2018,population_total,5483118
Congo,CG,COG,Africa,2017,population_total,5351011
Congo,CG,COG,Africa,2016,population_total,5222536
Congo,CG,COG,Africa,2015,population_total,5097581
Congo,CG,COG,Africa,2014,population_total,4975880
Congo,CG,COG,Africa,2013,population_total,4857099
Congo,CG,COG,Africa,2012,population_total,4740450
Congo,CG,COG,Africa,2011,population_total,4609724
Congo,CG,COG,Africa,2010,population_total,4462290
Congo,CG,COG,Africa,2009,population_total,4281219
Congo,CG,COG,Africa,2008,population_total,4113517
Congo,CG,COG,Africa,2007,population_total,3980430
Congo,CG,COG,Africa,2006,population_total,3837409
Congo,CG,COG,Africa,2005,population_total,3696393
Congo,CG,COG,Africa,2004,population_total,3565554
Congo,CG,COG,Africa,2003,population_total,3445753
Congo,CG,COG,Africa,2002,population_total,3350771
Congo,CG,COG,Africa,2001,population_total,3272537
Congo,CG,COG,Africa,2000,population_total,3151345
Colombia,CO,COL,South America,2024,gdp_current_usd,418542042920
Colombia,CO,COL,South America,2023,gdp_current_usd,366291836138
Colombia,CO,COL,South America,2022,gdp_current_usd,345632492851
Colombia,CO,COL,South America,2021,gdp_current_usd,318524633225
Colombia,CO,COL,South America,2020,gdp_current_usd,270348342541
Colombia,CO,COL,South America,2019,gdp_current_usd,323031701193
Colombia,CO,COL,South America,2018,gdp_current_usd,334198218098
Colombia,CO,COL,South America,2017,gdp_current_usd,311866875157
Colombia,CO,COL,South America,2016,gdp_current_usd,282720100286
Colombia,CO,COL,South America,2015,gdp_current_usd,293492370193
Colombia,CO,COL,South America,2014,gdp_current_usd,381240864422
Colombia,CO,COL,South America,2013,gdp_current_usd,382093697078
Colombia,CO,COL,South America,2012,gdp_current_usd,370691143018
Colombia,CO,COL,South America,2011,gdp_current_usd,334966134805
Colombia,CO,COL,South America,2010,gdp_current_usd,286498534095
Colombia,CO,COL,South America,2009,gdp_current_usd,232468663110
Colombia,CO,COL,South America,2008,gdp_current_usd,242504150473
Colombia,CO,COL,South America,2007,gdp_current_usd,206229540926
Colombia,CO,COL,South America,2006,gdp_current_usd,161792958905
Colombia,CO,COL,South America,2005,gdp_current_usd,145600529606
Colombia,CO,COL,South America,2004,gdp_current_usd,117092416666
Colombia,CO,COL,South America,2003,gdp_current_usd,94644969157
Colombia,CO,COL,South America,2002,gdp_current_usd,97945812803
Colombia,CO,COL,South America,2001,gdp_current_usd,98200641203
Colombia,CO,COL,South America,2000,gdp_current_usd,99875074951
Colombia,CO,COL,South America,2024,gdp_per_capita_current_usd,7914
Colombia,CO,COL,South America,2023,gdp_per_capita_current_usd,7001
Colombia,CO,COL,South America,2022,gdp_per_capita_current_usd,6680
Colombia,CO,COL,South America,2021,gdp_per_capita_current_usd,6223
Colombia,CO,COL,South America,2020,gdp_per_capita_current_usd,5340
Colombia,CO,COL,South America,2019,gdp_per_capita_current_usd,6473
Colombia,CO,COL,South America,2018,gdp_per_capita_current_usd,6817
Colombia,CO,COL,South America,2017,gdp_per_capita_current_usd,6480
Colombia,CO,COL,South America,2016,gdp_per_capita_current_usd,5960
Colombia,CO,COL,South America,2015,gdp_per_capita_current_usd,6249
Colombia,CO,COL,South America,2014,gdp_per_capita_current_usd,8187
Colombia,CO,COL,South America,2013,gdp_per_capita_current_usd,8279
Colombia,CO,COL,South America,2012,gdp_per_capita_current_usd,8109
Colombia,CO,COL,South America,2011,gdp_per_capita_current_usd,7401
Colombia,CO,COL,South America,2010,gdp_per_capita_current_usd,6398
Colombia,CO,COL,South America,2009,gdp_per_capita_current_usd,5251
Colombia,CO,COL,South America,2008,gdp_per_capita_current_usd,5542
Colombia,CO,COL,South America,2007,gdp_per_capita_current_usd,4770
Colombia,CO,COL,South America,2006,gdp_per_capita_current_usd,3790
Colombia,CO,COL,South America,2005,gdp_per_capita_current_usd,3456
Colombia,CO,COL,South America,2004,gdp_per_capita_current_usd,2819
Colombia,CO,COL,South America,2003,gdp_per_capita_current_usd,2312
Colombia,CO,COL,South America,2002,gdp_per_capita_current_usd,2429
Colombia,CO,COL,South America,2001,gdp_per_capita_current_usd,2473
Colombia,CO,COL,South America,2000,gdp_per_capita_current_usd,2555
Colombia,CO,COL,South America,2024,population_total,52886363
Colombia,CO,COL,South America,2023,population_total,52321152
Colombia,CO,COL,South America,2022,population_total,51737944
Colombia,CO,COL,South America,2021,population_total,51188173
Colombia,CO,COL,South America,2020,population_total,50629997
Colombia,CO,COL,South America,2019,population_total,49907985
Colombia,CO,COL,South America,2018,population_total,49024465
Colombia,CO,COL,South America,2017,population_total,48131078
Colombia,CO,COL,South America,2016,population_total,47437512
Colombia,CO,COL,South America,2015,population_total,46969940
Colombia,CO,COL,South America,2014,population_total,46565429
Colombia,CO,COL,South America,2013,population_total,46151584
Colombia,CO,COL,South America,2012,population_total,45715810
Colombia,CO,COL,South America,2011,population_total,45259614
Colombia,CO,COL,South America,2010,population_total,44777319
Colombia,CO,COL,South America,2009,population_total,44271541
Colombia,CO,COL,South America,2008,population_total,43758808
Colombia,CO,COL,South America,2007,population_total,43235374
Colombia,CO,COL,South America,2006,population_total,42691084
Colombia,CO,COL,South America,2005,population_total,42128977
Colombia,CO,COL,South America,2004,population_total,41543171
Colombia,CO,COL,South America,2003,population_total,40937429
Colombia,CO,COL,South America,2002,population_total,40324680
Colombia,CO,COL,South America,2001,population_total,39709262
Colombia,CO,COL,South America,2000,population_total,39089934
Comoros,KM,COM,Africa,2024,gdp_current_usd,1546164420
Comoros,KM,COM,Africa,2023,gdp_current_usd,1430523436
Comoros,KM,COM,Africa,2022,gdp_current_usd,1279542248
Comoros,KM,COM,Africa,2021,gdp_current_usd,1299039312
Comoros,KM,COM,Africa,2020,gdp_current_usd,1225039196
Comoros,KM,COM,Africa,2019,gdp_current_usd,1195019531
Comoros,KM,COM,Africa,2018,gdp_current_usd,1188797450
Comoros,KM,COM,Africa,2017,gdp_current_usd,1077439756
Comoros,KM,COM,Africa,2016,gdp_current_usd,1012835493
Comoros,KM,COM,Africa,2015,gdp_current_usd,966029600
Comoros,KM,COM,Africa,2014,gdp_current_usd,1149587624
Comoros,KM,COM,Africa,2013,gdp_current_usd,1116223107
Comoros,KM,COM,Africa,2012,gdp_current_usd,1015842907
Comoros,KM,COM,Africa,2011,gdp_current_usd,1023087476
Comoros,KM,COM,Africa,2010,gdp_current_usd,907979446
Comoros,KM,COM,Africa,2009,gdp_current_usd,905341173
Comoros,KM,COM,Africa,2008,gdp_current_usd,915659108
Comoros,KM,COM,Africa,2007,gdp_current_usd,795673153
Comoros,KM,COM,Africa,2006,gdp_current_usd,698431794
Comoros,KM,COM,Africa,2005,gdp_current_usd,653845169
Comoros,KM,COM,Africa,2004,gdp_current_usd,633706111
Comoros,KM,COM,Africa,2003,gdp_current_usd,546885223
Comoros,KM,COM,Africa,2002,gdp_current_usd,425964681
Comoros,KM,COM,Africa,2001,gdp_current_usd,378512024
Comoros,KM,COM,Africa,2000,gdp_current_usd,351136580
Comoros,KM,COM,Africa,2024,gdp_per_capita_current_usd,1784
Comoros,KM,COM,Africa,2023,gdp_per_capita_current_usd,1682
Comoros,KM,COM,Africa,2022,gdp_per_capita_current_usd,1534
Comoros,KM,COM,Africa,2021,gdp_per_capita_current_usd,1588
Comoros,KM,COM,Africa,2020,gdp_per_capita_current_usd,1527
Comoros,KM,COM,Africa,2019,gdp_per_capita_current_usd,1519
Comoros,KM,COM,Africa,2018,gdp_per_capita_current_usd,1541
Comoros,KM,COM,Africa,2017,gdp_per_capita_current_usd,1424
Comoros,KM,COM,Africa,2016,gdp_per_capita_current_usd,1365
Comoros,KM,COM,Africa,2015,gdp_per_capita_current_usd,1329
Comoros,KM,COM,Africa,2014,gdp_per_capita_current_usd,1616
Comoros,KM,COM,Africa,2013,gdp_per_capita_current_usd,1603
Comoros,KM,COM,Africa,2012,gdp_per_capita_current_usd,1490
Comoros,KM,COM,Africa,2011,gdp_per_capita_current_usd,1531
Comoros,KM,COM,Africa,2010,gdp_per_capita_current_usd,1387
Comoros,KM,COM,Africa,2009,gdp_per_capita_current_usd,1410
Comoros,KM,COM,Africa,2008,gdp_per_capita_current_usd,1455
Comoros,KM,COM,Africa,2007,gdp_per_capita_current_usd,1290
Comoros,KM,COM,Africa,2006,gdp_per_capita_current_usd,1155
Comoros,KM,COM,Africa,2005,gdp_per_capita_current_usd,1103
Comoros,KM,COM,Africa,2004,gdp_per_capita_current_usd,1091
Comoros,KM,COM,Africa,2003,gdp_per_capita_current_usd,960
Comoros,KM,COM,Africa,2002,gdp_per_capita_current_usd,762
Comoros,KM,COM,Africa,2001,gdp_per_capita_current_usd,692
Comoros,KM,COM,Africa,2000,gdp_per_capita_current_usd,655
Comoros,KM,COM,Africa,2024,population_total,866628
Comoros,KM,COM,Africa,2023,population_total,850387
Comoros,KM,COM,Africa,2022,population_total,834188
Comoros,KM,COM,Africa,2021,population_total,818174
Comoros,KM,COM,Africa,2020,population_total,802163
Comoros,KM,COM,Africa,2019,population_total,786578
Comoros,KM,COM,Africa,2018,population_total,771590
Comoros,KM,COM,Africa,2017,population_total,756669
Comoros,KM,COM,Africa,2016,population_total,741741
Comoros,KM,COM,Africa,2015,population_total,726682
Comoros,KM,COM,Africa,2014,population_total,711503
Comoros,KM,COM,Africa,2013,population_total,696192
Comoros,KM,COM,Africa,2012,population_total,681630
Comoros,KM,COM,Africa,2011,population_total,668056
Comoros,KM,COM,Africa,2010,population_total,654836
Comoros,KM,COM,Africa,2009,population_total,641947
Comoros,KM,COM,Africa,2008,population_total,629307
Comoros,KM,COM,Africa,2007,population_total,616927
Comoros,KM,COM,Africa,2006,population_total,604753
Comoros,KM,COM,Africa,2005,population_total,592677
Comoros,KM,COM,Africa,2004,population_total,580704
Comoros,KM,COM,Africa,2003,population_total,569798
Comoros,KM,COM,Africa,2002,population_total,558923
Comoros,KM,COM,Africa,2001,population_total,547220
Comoros,KM,COM,Africa,2000,population_total,536080
Cabo Verde,CV,CPV,Africa,2024,gdp_current_usd,2767599017
Cabo Verde,CV,CPV,Africa,2023,gdp_current_usd,2539203429
Cabo Verde,CV,CPV,Africa,2022,gdp_current_usd,2247003344
Cabo Verde,CV,CPV,Africa,2021,gdp_current_usd,2051842619
Cabo Verde,CV,CPV,Africa,2020,gdp_current_usd,1821565614
Cabo Verde,CV,CPV,Africa,2019,gdp_current_usd,2252177124
Cabo Verde,CV,CPV,Africa,2018,gdp_current_usd,2205099507
Cabo Verde,CV,CPV,Africa,2017,gdp_current_usd,1996741540
Cabo Verde,CV,CPV,Africa,2016,gdp_current_usd,1849789986
Cabo Verde,CV,CPV,Africa,2015,gdp_current_usd,1749857620
Cabo Verde,CV,CPV,Africa,2014,gdp_current_usd,2041930125
Cabo Verde,CV,CPV,Africa,2013,gdp_current_usd,2028910915
Cabo Verde,CV,CPV,Africa,2012,gdp_current_usd,1913081210
Cabo Verde,CV,CPV,Africa,2011,gdp_current_usd,2046817987
Cabo Verde,CV,CPV,Africa,2010,gdp_current_usd,1824751468
Cabo Verde,CV,CPV,Africa,2009,gdp_current_usd,1852334575
Cabo Verde,CV,CPV,Africa,2008,gdp_current_usd,1959620648
Cabo Verde,CV,CPV,Africa,2007,gdp_current_usd,1649621739
Cabo Verde,CV,CPV,Africa,2006,gdp_current_usd,1107571458
Cabo Verde,CV,CPV,Africa,2005,gdp_current_usd,972241677
Cabo Verde,CV,CPV,Africa,2004,gdp_current_usd,924940012
Cabo Verde,CV,CPV,Africa,2003,gdp_current_usd,813260469
Cabo Verde,CV,CPV,Africa,2002,gdp_current_usd,620507387
Cabo Verde,CV,CPV,Africa,2001,gdp_current_usd,563090490
Cabo Verde,CV,CPV,Africa,2000,gdp_current_usd,539227278
Cabo Verde,CV,CPV,Africa,2024,gdp_per_capita_current_usd,5273
Cabo Verde,CV,CPV,Africa,2023,gdp_per_capita_current_usd,4861
Cabo Verde,CV,CPV,Africa,2022,gdp_per_capita_current_usd,4323
Cabo Verde,CV,CPV,Africa,2021,gdp_per_capita_current_usd,3971
Cabo Verde,CV,CPV,Africa,2020,gdp_per_capita_current_usd,3539
Cabo Verde,CV,CPV,Africa,2019,gdp_per_capita_current_usd,4381
Cabo Verde,CV,CPV,Africa,2018,gdp_per_capita_current_usd,4295
Cabo Verde,CV,CPV,Africa,2017,gdp_per_capita_current_usd,3893
Cabo Verde,CV,CPV,Africa,2016,gdp_per_capita_current_usd,3609
Cabo Verde,CV,CPV,Africa,2015,gdp_per_capita_current_usd,3415
Cabo Verde,CV,CPV,Africa,2014,gdp_per_capita_current_usd,3986
Cabo Verde,CV,CPV,Africa,2013,gdp_per_capita_current_usd,3961
Cabo Verde,CV,CPV,Africa,2012,gdp_per_capita_current_usd,3737
Cabo Verde,CV,CPV,Africa,2011,gdp_per_capita_current_usd,4002
Cabo Verde,CV,CPV,Africa,2010,gdp_per_capita_current_usd,3579
Cabo Verde,CV,CPV,Africa,2009,gdp_per_capita_current_usd,3660
Cabo Verde,CV,CPV,Africa,2008,gdp_per_capita_current_usd,3909
Cabo Verde,CV,CPV,Africa,2007,gdp_per_capita_current_usd,3325
Cabo Verde,CV,CPV,Africa,2006,gdp_per_capita_current_usd,2257
Cabo Verde,CV,CPV,Africa,2005,gdp_per_capita_current_usd,2004
Cabo Verde,CV,CPV,Africa,2004,gdp_per_capita_current_usd,1929
Cabo Verde,CV,CPV,Africa,2003,gdp_per_capita_current_usd,1718
Cabo Verde,CV,CPV,Africa,2002,gdp_per_capita_current_usd,1329
Cabo Verde,CV,CPV,Africa,2001,gdp_per_capita_current_usd,1223
Cabo Verde,CV,CPV,Africa,2000,gdp_per_capita_current_usd,1190
Cabo Verde,CV,CPV,Africa,2024,population_total,524877
Cabo Verde,CV,CPV,Africa,2023,population_total,522331
Cabo Verde,CV,CPV,Africa,2022,population_total,519741
Cabo Verde,CV,CPV,Africa,2021,population_total,516649
Cabo Verde,CV,CPV,Africa,2020,population_total,514679
Cabo Verde,CV,CPV,Africa,2019,population_total,514104
Cabo Verde,CV,CPV,Africa,2018,population_total,513415
Cabo Verde,CV,CPV,Africa,2017,population_total,512893
Cabo Verde,CV,CPV,Africa,2016,population_total,512554
Cabo Verde,CV,CPV,Africa,2015,population_total,512394
Cabo Verde,CV,CPV,Africa,2014,population_total,512326
Cabo Verde,CV,CPV,Africa,2013,population_total,512225
Cabo Verde,CV,CPV,Africa,2012,population_total,511955
Cabo Verde,CV,CPV,Africa,2011,population_total,511447
Cabo Verde,CV,CPV,Africa,2010,population_total,509784
Cabo Verde,CV,CPV,Africa,2009,population_total,506141
Cabo Verde,CV,CPV,Africa,2008,population_total,501355
Cabo Verde,CV,CPV,Africa,2007,population_total,496190
Cabo Verde,CV,CPV,Africa,2006,population_total,490728
Cabo Verde,CV,CPV,Africa,2005,population_total,485115
Cabo Verde,CV,CPV,Africa,2004,population_total,479370
Cabo Verde,CV,CPV,Africa,2003,population_total,473383
Cabo Verde,CV,CPV,Africa,2002,population_total,467046
Cabo Verde,CV,CPV,Africa,2001,population_total,460293
Cabo Verde,CV,CPV,Africa,2000,population_total,453317
Costa Rica,CR,CRI,North America,2024,gdp_current_usd,95350423177
Costa Rica,CR,CRI,North America,2023,gdp_current_usd,86497941439
Costa Rica,CR,CRI,North America,2022,gdp_current_usd,69243626029
Costa Rica,CR,CRI,North America,2021,gdp_current_usd,64960725734
Costa Rica,CR,CRI,North America,2020,gdp_current_usd,62395610760
Costa Rica,CR,CRI,North America,2019,gdp_current_usd,64417670521
Costa Rica,CR,CRI,North America,2018,gdp_current_usd,62420164992
Costa Rica,CR,CRI,North America,2017,gdp_current_usd,60516044657
Costa Rica,CR,CRI,North America,2016,gdp_current_usd,58847019610
Costa Rica,CR,CRI,North America,2015,gdp_current_usd,56441920821
Costa Rica,CR,CRI,North America,2014,gdp_current_usd,52016408854
Costa Rica,CR,CRI,North America,2013,gdp_current_usd,50949668842
Costa Rica,CR,CRI,North America,2012,gdp_current_usd,47231655432
Costa Rica,CR,CRI,North America,2011,gdp_current_usd,42762613699
Costa Rica,CR,CRI,North America,2010,gdp_current_usd,37658616952
Costa Rica,CR,CRI,North America,2009,gdp_current_usd,30745714313
Costa Rica,CR,CRI,North America,2008,gdp_current_usd,30801745700
Costa Rica,CR,CRI,North America,2007,gdp_current_usd,26884700709
Costa Rica,CR,CRI,North America,2006,gdp_current_usd,22715540324
Costa Rica,CR,CRI,North America,2005,gdp_current_usd,20040642477
Costa Rica,CR,CRI,North America,2004,gdp_current_usd,18610594846
Costa Rica,CR,CRI,North America,2003,gdp_current_usd,17271760507
Costa Rica,CR,CRI,North America,2002,gdp_current_usd,16578820687
Costa Rica,CR,CRI,North America,2001,gdp_current_usd,15976174337
Costa Rica,CR,CRI,North America,2000,gdp_current_usd,15013629662
Costa Rica,CR,CRI,North America,2024,gdp_per_capita_current_usd,18587
Costa Rica,CR,CRI,North America,2023,gdp_per_capita_current_usd,16942
Costa Rica,CR,CRI,North America,2022,gdp_per_capita_current_usd,13626
Costa Rica,CR,CRI,North America,2021,gdp_per_capita_current_usd,12838
Costa Rica,CR,CRI,North America,2020,gdp_per_capita_current_usd,12394
Costa Rica,CR,CRI,North America,2019,gdp_per_capita_current_usd,12885
Costa Rica,CR,CRI,North America,2018,gdp_per_capita_current_usd,12590
Costa Rica,CR,CRI,North America,2017,gdp_per_capita_current_usd,12317
Costa Rica,CR,CRI,North America,2016,gdp_per_capita_current_usd,12091
Costa Rica,CR,CRI,North America,2015,gdp_per_capita_current_usd,11715
Costa Rica,CR,CRI,North America,2014,gdp_per_capita_current_usd,10911
Costa Rica,CR,CRI,North America,2013,gdp_per_capita_current_usd,10803
Costa Rica,CR,CRI,North America,2012,gdp_per_capita_current_usd,10127
Costa Rica,CR,CRI,North America,2011,gdp_per_capita_current_usd,9276
Costa Rica,CR,CRI,North America,2010,gdp_per_capita_current_usd,8266
Costa Rica,CR,CRI,North America,2009,gdp_per_capita_current_usd,6833
Costa Rica,CR,CRI,North America,2008,gdp_per_capita_current_usd,6937
Costa Rica,CR,CRI,North America,2007,gdp_per_capita_current_usd,6138
Costa Rica,CR,CRI,North America,2006,gdp_per_capita_current_usd,5257
Costa Rica,CR,CRI,North America,2005,gdp_per_capita_current_usd,4703
Costa Rica,CR,CRI,North America,2004,gdp_per_capita_current_usd,4431
Costa Rica,CR,CRI,North America,2003,gdp_per_capita_current_usd,4173
Costa Rica,CR,CRI,North America,2002,gdp_per_capita_current_usd,4068
Costa Rica,CR,CRI,North America,2001,gdp_per_capita_current_usd,3985
Costa Rica,CR,CRI,North America,2000,gdp_per_capita_current_usd,3813
Costa Rica,CR,CRI,North America,2024,population_total,5129910
Costa Rica,CR,CRI,North America,2023,population_total,5105525
Costa Rica,CR,CRI,North America,2022,population_total,5081765
Costa Rica,CR,CRI,North America,2021,population_total,5059988
Costa Rica,CR,CRI,North America,2020,population_total,5034320
Costa Rica,CR,CRI,North America,2019,population_total,4999553
Costa Rica,CR,CRI,North America,2018,population_total,4957818
Costa Rica,CR,CRI,North America,2017,population_total,4913177
Costa Rica,CR,CRI,North America,2016,population_total,4866998
Costa Rica,CR,CRI,North America,2015,population_total,4818038
Costa Rica,CR,CRI,North America,2014,population_total,4767119
Costa Rica,CR,CRI,North America,2013,population_total,4716147
Costa Rica,CR,CRI,North America,2012,population_total,4663934
Costa Rica,CR,CRI,North America,2011,population_total,4609833
Costa Rica,CR,CRI,North America,2010,population_total,4555962
Costa Rica,CR,CRI,North America,2009,population_total,4499791
Costa Rica,CR,CRI,North America,2008,population_total,4440056
Costa Rica,CR,CRI,North America,2007,population_total,4380248
Costa Rica,CR,CRI,North America,2006,population_total,4321340
Costa Rica,CR,CRI,North America,2005,population_total,4261240
Costa Rica,CR,CRI,North America,2004,population_total,4200078
Costa Rica,CR,CRI,North America,2003,population_total,4138784
Costa Rica,CR,CRI,North America,2002,population_total,4075705
Costa Rica,CR,CRI,North America,2001,population_total,4008947
Costa Rica,CR,CRI,North America,2000,population_total,3937739
Cuba,CU,CUB,North America,2020,gdp_current_usd,107351800000
Cuba,CU,CUB,North America,2019,gdp_current_usd,103427600000
Cuba,CU,CUB,North America,2018,gdp_current_usd,100050036096
Cuba,CU,CUB,North America,2017,gdp_current_usd,96850649692
Cuba,CU,CUB,North America,2016,gdp_current_usd,91370407864
Cuba,CU,CUB,North America,2015,gdp_current_usd,87132800000
Cuba,CU,CUB,North America,2014,gdp_current_usd,80656100000
Cuba,CU,CUB,North America,2013,gdp_current_usd,77148000000
Cuba,CU,CUB,North America,2012,gdp_current_usd,73141000000
Cuba,CU,CUB,North America,2011,gdp_current_usd,68990000000
Cuba,CU,CUB,North America,2010,gdp_current_usd,59562962963
Cuba,CU,CUB,North America,2009,gdp_current_usd,57481481481
Cuba,CU,CUB,North America,2008,gdp_current_usd,56302129630
Cuba,CU,CUB,North America,2007,gdp_current_usd,54262870370
Cuba,CU,CUB,North America,2006,gdp_current_usd,48835925926
Cuba,CU,CUB,North America,2005,gdp_current_usd,42643836100
Cuba,CU,CUB,North America,2004,gdp_current_usd,38203000000
Cuba,CU,CUB,North America,2003,gdp_current_usd,35901200000
Cuba,CU,CUB,North America,2002,gdp_current_usd,33590500000
Cuba,CU,CUB,North America,2001,gdp_current_usd,31682400000
Cuba,CU,CUB,North America,2000,gdp_current_usd,30565400000
Cuba,CU,CUB,North America,2020,gdp_per_capita_current_usd,9605
Cuba,CU,CUB,North America,2019,gdp_per_capita_current_usd,9232
Cuba,CU,CUB,North America,2018,gdp_per_capita_current_usd,8911
Cuba,CU,CUB,North America,2017,gdp_per_capita_current_usd,8611
Cuba,CU,CUB,North America,2016,gdp_per_capita_current_usd,8111
Cuba,CU,CUB,North America,2015,gdp_per_capita_current_usd,7728
Cuba,CU,CUB,North America,2014,gdp_per_capita_current_usd,7147
Cuba,CU,CUB,North America,2013,gdp_per_capita_current_usd,6828
Cuba,CU,CUB,North America,2012,gdp_per_capita_current_usd,6471
Cuba,CU,CUB,North America,2011,gdp_per_capita_current_usd,6104
Cuba,CU,CUB,North America,2010,gdp_per_capita_current_usd,5272
Cuba,CU,CUB,North America,2009,gdp_per_capita_current_usd,5089
Cuba,CU,CUB,North America,2008,gdp_per_capita_current_usd,4986
Cuba,CU,CUB,North America,2007,gdp_per_capita_current_usd,4807
Cuba,CU,CUB,North America,2006,gdp_per_capita_current_usd,4330
Cuba,CU,CUB,North America,2005,gdp_per_capita_current_usd,3786
Cuba,CU,CUB,North America,2004,gdp_per_capita_current_usd,3399
Cuba,CU,CUB,North America,2003,gdp_per_capita_current_usd,3203
Cuba,CU,CUB,North America,2002,gdp_per_capita_current_usd,3005
Cuba,CU,CUB,North America,2001,gdp_per_capita_current_usd,2843
Cuba,CU,CUB,North America,2000,gdp_per_capita_current_usd,2751
Cuba,CU,CUB,North America,2024,population_total,10979783
Cuba,CU,CUB,North America,2023,population_total,11019931
Cuba,CU,CUB,North America,2022,population_total,11059820
Cuba,CU,CUB,North America,2021,population_total,11122168
Cuba,CU,CUB,North America,2020,population_total,11176354
Cuba,CU,CUB,North America,2019,population_total,11202846
Cuba,CU,CUB,North America,2018,population_total,11227118
Cuba,CU,CUB,North America,2017,population_total,11247829
Cuba,CU,CUB,North America,2016,population_total,11265612
Cuba,CU,CUB,North America,2015,population_total,11275065
Cuba,CU,CUB,North America,2014,population_total,11285775
Cuba,CU,CUB,North America,2013,population_total,11298167
Cuba,CU,CUB,North America,2012,population_total,11303175
Cuba,CU,CUB,North America,2011,population_total,11301571
Cuba,CU,CUB,North America,2010,population_total,11297409
Cuba,CU,CUB,North America,2009,population_total,11294719
Cuba,CU,CUB,North America,2008,population_total,11291762
Cuba,CU,CUB,North America,2007,population_total,11287272
Cuba,CU,CUB,North America,2006,population_total,11278550
Cuba,CU,CUB,North America,2005,population_total,11262554
Cuba,CU,CUB,North America,2004,population_total,11238756
Cuba,CU,CUB,North America,2003,population_total,11209383
Cuba,CU,CUB,North America,2002,population_total,11177418
Cuba,CU,CUB,North America,2001,population_total,11144132
Cuba,CU,CUB,North America,2000,population_total,11109109
Curaçao,CW,CUW,North America,2023,gdp_current_usd,3281419347
Curaçao,CW,CUW,North America,2022,gdp_current_usd,3075180835
Curaçao,CW,CUW,North America,2021,gdp_current_usd,2739594360
Curaçao,CW,CUW,North America,2020,gdp_current_usd,2534327592
Curaçao,CW,CUW,North America,2019,gdp_current_usd,3026124116
Curaçao,CW,CUW,North America,2018,gdp_current_usd,3046364804
Curaçao,CW,CUW,North America,2017,gdp_current_usd,3033433240
Curaçao,CW,CUW,North America,2016,gdp_current_usd,3024690168
Curaçao,CW,CUW,North America,2015,gdp_current_usd,3058779218
Curaçao,CW,CUW,North America,2014,gdp_current_usd,3059406983
Curaçao,CW,CUW,North America,2013,gdp_current_usd,3033568603
Curaçao,CW,CUW,North America,2012,gdp_current_usd,3012836257
Curaçao,CW,CUW,North America,2011,gdp_current_usd,2930092235
Curaçao,CW,CUW,North America,2010,gdp_current_usd,2951342793
Curaçao,CW,CUW,North America,2009,gdp_current_usd,2869153184
Curaçao,CW,CUW,North America,2008,gdp_current_usd,2833476145
Curaçao,CW,CUW,North America,2007,gdp_current_usd,2593831508
Curaçao,CW,CUW,North America,2006,gdp_current_usd,2457581732
Curaçao,CW,CUW,North America,2005,gdp_current_usd,2344637263
Curaçao,CW,CUW,North America,2004,gdp_current_usd,2237160503
Curaçao,CW,CUW,North America,2003,gdp_current_usd,2202117374
Curaçao,CW,CUW,North America,2002,gdp_current_usd,2160784693
Curaçao,CW,CUW,North America,2001,gdp_current_usd,2143450726
Curaçao,CW,CUW,North America,2000,gdp_current_usd,2120511229
Curaçao,CW,CUW,North America,2023,gdp_per_capita_current_usd,21062
Curaçao,CW,CUW,North America,2022,gdp_per_capita_current_usd,20502
Curaçao,CW,CUW,North America,2021,gdp_per_capita_current_usd,17980
Curaçao,CW,CUW,North America,2020,gdp_per_capita_current_usd,16356
Curaçao,CW,CUW,North America,2019,gdp_per_capita_current_usd,19221
Curaçao,CW,CUW,North America,2018,gdp_per_capita_current_usd,19119
Curaçao,CW,CUW,North America,2017,gdp_per_capita_current_usd,18938
Curaçao,CW,CUW,North America,2016,gdp_per_capita_current_usd,18944
Curaçao,CW,CUW,North America,2015,gdp_per_capita_current_usd,19362
Curaçao,CW,CUW,North America,2014,gdp_per_capita_current_usd,19623
Curaçao,CW,CUW,North America,2013,gdp_per_capita_current_usd,19721
Curaçao,CW,CUW,North America,2012,gdp_per_capita_current_usd,19810
Curaçao,CW,CUW,North America,2011,gdp_per_capita_current_usd,19426
Curaçao,CW,CUW,North America,2010,gdp_per_capita_current_usd,19847
Curaçao,CW,CUW,North America,2009,gdp_per_capita_current_usd,19540
Curaçao,CW,CUW,North America,2008,gdp_per_capita_current_usd,19423
Curaçao,CW,CUW,North America,2007,gdp_per_capita_current_usd,18006
Curaçao,CW,CUW,North America,2006,gdp_per_capita_current_usd,17400
Curaçao,CW,CUW,North America,2005,gdp_per_capita_current_usd,17032
Curaçao,CW,CUW,North America,2004,gdp_per_capita_current_usd,16671
Curaçao,CW,CUW,North America,2003,gdp_per_capita_current_usd,16696
Curaçao,CW,CUW,North America,2002,gdp_per_capita_current_usd,16724
Curaçao,CW,CUW,North America,2001,gdp_per_capita_current_usd,16610
Curaçao,CW,CUW,North America,2000,gdp_per_capita_current_usd,15841
Curaçao,CW,CUW,North America,2024,population_total,155900
Curaçao,CW,CUW,North America,2023,population_total,155800
Curaçao,CW,CUW,North America,2022,population_total,149996
Curaçao,CW,CUW,North America,2021,population_total,152369
Curaçao,CW,CUW,North America,2020,population_total,154947
Curaçao,CW,CUW,North America,2019,population_total,157441
Curaçao,CW,CUW,North America,2018,population_total,159336
Curaçao,CW,CUW,North America,2017,population_total,160175
Curaçao,CW,CUW,North America,2016,population_total,159664
Curaçao,CW,CUW,North America,2015,population_total,157980
Curaçao,CW,CUW,North America,2014,population_total,155909
Curaçao,CW,CUW,North America,2013,population_total,153822
Curaçao,CW,CUW,North America,2012,population_total,152088
Curaçao,CW,CUW,North America,2011,population_total,150831
Curaçao,CW,CUW,North America,2010,population_total,148703
Curaçao,CW,CUW,North America,2009,population_total,146833
Curaçao,CW,CUW,North America,2008,population_total,145880
Curaçao,CW,CUW,North America,2007,population_total,144056
Curaçao,CW,CUW,North America,2006,population_total,141239
Curaçao,CW,CUW,North America,2005,population_total,137658
Curaçao,CW,CUW,North America,2004,population_total,134192
Curaçao,CW,CUW,North America,2003,population_total,131897
Curaçao,CW,CUW,North America,2002,population_total,129205
Curaçao,CW,CUW,North America,2001,population_total,129047
Curaçao,CW,CUW,North America,2000,population_total,133860
Cayman Islands,KY,CYM,North America,2023,gdp_current_usd,7139428558
Cayman Islands,KY,CYM,North America,2022,gdp_current_usd,6600843963
Cayman Islands,KY,CYM,North America,2021,gdp_current_usd,6060026520
Cayman Islands,KY,CYM,North America,2020,gdp_current_usd,5655358021
Cayman Islands,KY,CYM,North America,2019,gdp_current_usd,5941896608
Cayman Islands,KY,CYM,North America,2018,gdp_current_usd,5530178441
Cayman Islands,KY,CYM,North America,2017,gdp_current_usd,5166281305
Cayman Islands,KY,CYM,North America,2016,gdp_current_usd,4909322237
Cayman Islands,KY,CYM,North America,2015,gdp_current_usd,4708167233
Cayman Islands,KY,CYM,North America,2014,gdp_current_usd,4562853611
Cayman Islands,KY,CYM,North America,2013,gdp_current_usd,4405796023
Cayman Islands,KY,CYM,North America,2012,gdp_current_usd,4291004524
Cayman Islands,KY,CYM,North America,2011,gdp_current_usd,4186073104
Cayman Islands,KY,CYM,North America,2010,gdp_current_usd,4156841107
Cayman Islands,KY,CYM,North America,2009,gdp_current_usd,4281714567
Cayman Islands,KY,CYM,North America,2008,gdp_current_usd,4585949024
Cayman Islands,KY,CYM,North America,2007,gdp_current_usd,4466278065
Cayman Islands,KY,CYM,North America,2006,gdp_current_usd,4200288241
Cayman Islands,KY,CYM,North America,2023,gdp_per_capita_current_usd,97750
Cayman Islands,KY,CYM,North America,2022,gdp_per_capita_current_usd,92202
Cayman Islands,KY,CYM,North America,2021,gdp_per_capita_current_usd,86438
Cayman Islands,KY,CYM,North America,2020,gdp_per_capita_current_usd,82339
Cayman Islands,KY,CYM,North America,2019,gdp_per_capita_current_usd,88254
Cayman Islands,KY,CYM,North America,2018,gdp_per_capita_current_usd,83866
Cayman Islands,KY,CYM,North America,2017,gdp_per_capita_current_usd,80054
Cayman Islands,KY,CYM,North America,2016,gdp_per_capita_current_usd,77802
Cayman Islands,KY,CYM,North America,2015,gdp_per_capita_current_usd,76379
Cayman Islands,KY,CYM,North America,2014,gdp_per_capita_current_usd,75845
Cayman Islands,KY,CYM,North America,2013,gdp_per_capita_current_usd,75114
Cayman Islands,KY,CYM,North America,2012,gdp_per_capita_current_usd,75102
Cayman Islands,KY,CYM,North America,2011,gdp_per_capita_current_usd,75281
Cayman Islands,KY,CYM,North America,2010,gdp_per_capita_current_usd,76838
Cayman Islands,KY,CYM,North America,2009,gdp_per_capita_current_usd,81374
Cayman Islands,KY,CYM,North America,2008,gdp_per_capita_current_usd,89655
Cayman Islands,KY,CYM,North America,2007,gdp_per_capita_current_usd,89888
Cayman Islands,KY,CYM,North America,2006,gdp_per_capita_current_usd,87085
Cayman Islands,KY,CYM,North America,2024,population_total,74457
Cayman Islands,KY,CYM,North America,2023,population_total,73038
Cayman Islands,KY,CYM,North America,2022,population_total,71591
Cayman Islands,KY,CYM,North America,2021,population_total,70108
Cayman Islands,KY,CYM,North America,2020,population_total,68684
Cayman Islands,KY,CYM,North America,2019,population_total,67327
Cayman Islands,KY,CYM,North America,2018,population_total,65941
Cayman Islands,KY,CYM,North America,2017,population_total,64535
Cayman Islands,KY,CYM,North America,2016,population_total,63100
Cayman Islands,KY,CYM,North America,2015,population_total,61642
Cayman Islands,KY,CYM,North America,2014,population_total,60160
Cayman Islands,KY,CYM,North America,2013,population_total,58655
Cayman Islands,KY,CYM,North America,2012,population_total,57136
Cayman Islands,KY,CYM,North America,2011,population_total,55606
Cayman Islands,KY,CYM,North America,2010,population_total,54099
Cayman Islands,KY,CYM,North America,2009,population_total,52618
Cayman Islands,KY,CYM,North America,2008,population_total,51151
Cayman Islands,KY,CYM,North America,2007,population_total,49687
Cayman Islands,KY,CYM,North America,2006,population_total,48232
Cayman Islands,KY,CYM,North America,2005,population_total,46788
Cayman Islands,KY,CYM,North America,2004,population_total,45352
Cayman Islands,KY,CYM,North America,2003,population_total,43934
Cayman Islands,KY,CYM,North America,2002,population_total,42514
Cayman Islands,KY,CYM,North America,2001,population_total,41089
Cayman Islands,KY,CYM,North America,2000,population_total,39674
Cyprus,CY,CYP,Asia,2024,gdp_current_usd,36333022329
Cyprus,CY,CYP,Asia,2023,gdp_current_usd,33886930712
Cyprus,CY,CYP,Asia,2022,gdp_current_usd,30935566077
Cyprus,CY,CYP,Asia,2021,gdp_current_usd,30372642502
Cyprus,CY,CYP,Asia,2020,gdp_current_usd,25555093854
Cyprus,CY,CYP,Asia,2019,gdp_current_usd,26196667100
Cyprus,CY,CYP,Asia,2018,gdp_current_usd,25754001368
Cyprus,CY,CYP,Asia,2017,gdp_current_usd,22946570629
Cyprus,CY,CYP,Asia,2016,gdp_current_usd,21046462281
Cyprus,CY,CYP,Asia,2015,gdp_current_usd,19909278417
Cyprus,CY,CYP,Asia,2014,gdp_current_usd,23225918260
Cyprus,CY,CYP,Asia,2013,gdp_current_usd,23959712861
Cyprus,CY,CYP,Asia,2012,gdp_current_usd,25047436975
Cyprus,CY,CYP,Asia,2011,gdp_current_usd,27641547910
Cyprus,CY,CYP,Asia,2010,gdp_current_usd,25799940078
Cyprus,CY,CYP,Asia,2009,gdp_current_usd,26048179949
Cyprus,CY,CYP,Asia,2008,gdp_current_usd,27844646258
Cyprus,CY,CYP,Asia,2007,gdp_current_usd,23968727074
Cyprus,CY,CYP,Asia,2006,gdp_current_usd,20072754987
Cyprus,CY,CYP,Asia,2005,gdp_current_usd,18433412511
Cyprus,CY,CYP,Asia,2004,gdp_current_usd,17320551250
Cyprus,CY,CYP,Asia,2003,gdp_current_usd,14547329558
Cyprus,CY,CYP,Asia,2002,gdp_current_usd,11420228846
Cyprus,CY,CYP,Asia,2001,gdp_current_usd,10397898907
Cyprus,CY,CYP,Asia,2000,gdp_current_usd,9985847314
Cyprus,CY,CYP,Asia,2024,gdp_per_capita_current_usd,38654
Cyprus,CY,CYP,Asia,2023,gdp_per_capita_current_usd,36551
Cyprus,CY,CYP,Asia,2022,gdp_per_capita_current_usd,33894
Cyprus,CY,CYP,Asia,2021,gdp_per_capita_current_usd,33734
Cyprus,CY,CYP,Asia,2020,gdp_per_capita_current_usd,28649
Cyprus,CY,CYP,Asia,2019,gdp_per_capita_current_usd,29703
Cyprus,CY,CYP,Asia,2018,gdp_per_capita_current_usd,29600
Cyprus,CY,CYP,Asia,2017,gdp_per_capita_current_usd,26697
Cyprus,CY,CYP,Asia,2016,gdp_per_capita_current_usd,24715
Cyprus,CY,CYP,Asia,2015,gdp_per_capita_current_usd,23487
Cyprus,CY,CYP,Asia,2014,gdp_per_capita_current_usd,27244
Cyprus,CY,CYP,Asia,2013,gdp_per_capita_current_usd,27797
Cyprus,CY,CYP,Asia,2012,gdp_per_capita_current_usd,28992
Cyprus,CY,CYP,Asia,2011,gdp_per_capita_current_usd,32486
Cyprus,CY,CYP,Asia,2010,gdp_per_capita_current_usd,31105
Cyprus,CY,CYP,Asia,2009,gdp_per_capita_current_usd,32236
Cyprus,CY,CYP,Asia,2008,gdp_per_capita_current_usd,35397
Cyprus,CY,CYP,Asia,2007,gdp_per_capita_current_usd,31245
Cyprus,CY,CYP,Asia,2006,gdp_per_capita_current_usd,26729
Cyprus,CY,CYP,Asia,2005,gdp_per_capita_current_usd,24959
Cyprus,CY,CYP,Asia,2004,gdp_per_capita_current_usd,23793
Cyprus,CY,CYP,Asia,2003,gdp_per_capita_current_usd,20252
Cyprus,CY,CYP,Asia,2002,gdp_per_capita_current_usd,16093
Cyprus,CY,CYP,Asia,2001,gdp_per_capita_current_usd,14821
Cyprus,CY,CYP,Asia,2000,gdp_per_capita_current_usd,14388
Cyprus,CY,CYP,Asia,2024,population_total,1358282
Cyprus,CY,CYP,Asia,2023,population_total,1344976
Cyprus,CY,CYP,Asia,2022,population_total,1331370
Cyprus,CY,CYP,Asia,2021,population_total,1317309
Cyprus,CY,CYP,Asia,2020,population_total,1302247
Cyprus,CY,CYP,Asia,2019,population_total,1286671
Cyprus,CY,CYP,Asia,2018,population_total,1270737
Cyprus,CY,CYP,Asia,2017,population_total,1254275
Cyprus,CY,CYP,Asia,2016,population_total,1237112
Cyprus,CY,CYP,Asia,2015,population_total,1219502
Cyprus,CY,CYP,Asia,2014,population_total,1201801
Cyprus,CY,CYP,Asia,2013,population_total,1183895
Cyprus,CY,CYP,Asia,2012,population_total,1165397
Cyprus,CY,CYP,Asia,2011,population_total,1146493
Cyprus,CY,CYP,Asia,2010,population_total,1127816
Cyprus,CY,CYP,Asia,2009,population_total,1109371
Cyprus,CY,CYP,Asia,2008,population_total,1091026
Cyprus,CY,CYP,Asia,2007,population_total,1072714
Cyprus,CY,CYP,Asia,2006,population_total,1054418
Cyprus,CY,CYP,Asia,2005,population_total,1036151
Cyprus,CY,CYP,Asia,2004,population_total,1017875
Cyprus,CY,CYP,Asia,2003,population_total,999590
Cyprus,CY,CYP,Asia,2002,population_total,981440
Cyprus,CY,CYP,Asia,2001,population_total,964127
Cyprus,CY,CYP,Asia,2000,population_total,947667
Czechia,CZ,CZE,Europe,2024,gdp_current_usd,345036675975
Czechia,CZ,CZE,Europe,2023,gdp_current_usd,343206568135
Czechia,CZ,CZE,Europe,2022,gdp_current_usd,301831228326
Czechia,CZ,CZE,Europe,2021,gdp_current_usd,290972714482
Czechia,CZ,CZE,Europe,2020,gdp_current_usd,251109660603
Czechia,CZ,CZE,Europe,2019,gdp_current_usd,256794209029
Czechia,CZ,CZE,Europe,2018,gdp_current_usd,251992360762
Czechia,CZ,CZE,Europe,2017,gdp_current_usd,221563575696
Czechia,CZ,CZE,Europe,2016,gdp_current_usd,198160659304
Czechia,CZ,CZE,Europe,2015,gdp_current_usd,189107698562
Czechia,CZ,CZE,Europe,2014,gdp_current_usd,210911285078
Czechia,CZ,CZE,Europe,2013,gdp_current_usd,213024360541
Czechia,CZ,CZE,Europe,2012,gdp_current_usd,210363223088
Czechia,CZ,CZE,Europe,2011,gdp_current_usd,231429378717
Czechia,CZ,CZE,Europe,2010,gdp_current_usd,211168667286
Czechia,CZ,CZE,Europe,2009,gdp_current_usd,206971882705
Czechia,CZ,CZE,Europe,2008,gdp_current_usd,236506264754
Czechia,CZ,CZE,Europe,2007,gdp_current_usd,190040702287
Czechia,CZ,CZE,Europe,2006,gdp_current_usd,156236258387
Czechia,CZ,CZE,Europe,2005,gdp_current_usd,137264185596
Czechia,CZ,CZE,Europe,2004,gdp_current_usd,120147899984
Czechia,CZ,CZE,Europe,2003,gdp_current_usd,100435924705
Czechia,CZ,CZE,Europe,2002,gdp_current_usd,82607869610
Czechia,CZ,CZE,Europe,2001,gdp_current_usd,68135304464
Czechia,CZ,CZE,Europe,2000,gdp_current_usd,62175642238
Czechia,CZ,CZE,Europe,2024,gdp_per_capita_current_usd,31707
Czechia,CZ,CZE,Europe,2023,gdp_per_capita_current_usd,31591
Czechia,CZ,CZE,Europe,2022,gdp_per_capita_current_usd,28282
Czechia,CZ,CZE,Europe,2021,gdp_per_capita_current_usd,27696
Czechia,CZ,CZE,Europe,2020,gdp_per_capita_current_usd,23473
Czechia,CZ,CZE,Europe,2019,gdp_per_capita_current_usd,24063
Czechia,CZ,CZE,Europe,2018,gdp_per_capita_current_usd,23706
Czechia,CZ,CZE,Europe,2017,gdp_per_capita_current_usd,20913
Czechia,CZ,CZE,Europe,2016,gdp_per_capita_current_usd,18754
Czechia,CZ,CZE,Europe,2015,gdp_per_capita_current_usd,17932
Czechia,CZ,CZE,Europe,2014,gdp_per_capita_current_usd,20038
Czechia,CZ,CZE,Europe,2013,gdp_per_capita_current_usd,20260
Czechia,CZ,CZE,Europe,2012,gdp_per_capita_current_usd,20014
Czechia,CZ,CZE,Europe,2011,gdp_per_capita_current_usd,22049
Czechia,CZ,CZE,Europe,2010,gdp_per_capita_current_usd,20160
Czechia,CZ,CZE,Europe,2009,gdp_per_capita_current_usd,19817
Czechia,CZ,CZE,Europe,2008,gdp_per_capita_current_usd,22775
Czechia,CZ,CZE,Europe,2007,gdp_per_capita_current_usd,18453
Czechia,CZ,CZE,Europe,2006,gdp_per_capita_current_usd,15259
Czechia,CZ,CZE,Europe,2005,gdp_per_capita_current_usd,13442
Czechia,CZ,CZE,Europe,2004,gdp_per_capita_current_usd,11783
Czechia,CZ,CZE,Europe,2003,gdp_per_capita_current_usd,9852
Czechia,CZ,CZE,Europe,2002,gdp_per_capita_current_usd,8101
Czechia,CZ,CZE,Europe,2001,gdp_per_capita_current_usd,6669
Czechia,CZ,CZE,Europe,2000,gdp_per_capita_current_usd,6063
Czechia,CZ,CZE,Europe,2024,population_total,10882164
Czechia,CZ,CZE,Europe,2023,population_total,10864042
Czechia,CZ,CZE,Europe,2022,population_total,10672118
Czechia,CZ,CZE,Europe,2021,population_total,10505772
Czechia,CZ,CZE,Europe,2020,population_total,10697858
Czechia,CZ,CZE,Europe,2019,population_total,10671870
Czechia,CZ,CZE,Europe,2018,population_total,10629928
Czechia,CZ,CZE,Europe,2017,population_total,10594438
Czechia,CZ,CZE,Europe,2016,population_total,10566332
Czechia,CZ,CZE,Europe,2015,population_total,10546059
Czechia,CZ,CZE,Europe,2014,population_total,10525347
Czechia,CZ,CZE,Europe,2013,population_total,10514272
Czechia,CZ,CZE,Europe,2012,population_total,10510785
Czechia,CZ,CZE,Europe,2011,population_total,10496088
Czechia,CZ,CZE,Europe,2010,population_total,10474410
Czechia,CZ,CZE,Europe,2009,population_total,10443936
Czechia,CZ,CZE,Europe,2008,population_total,10384603
Czechia,CZ,CZE,Europe,2007,population_total,10298828
Czechia,CZ,CZE,Europe,2006,population_total,10238905
Czechia,CZ,CZE,Europe,2005,population_total,10211216
Czechia,CZ,CZE,Europe,2004,population_total,10197101
Czechia,CZ,CZE,Europe,2003,population_total,10193998
Czechia,CZ,CZE,Europe,2002,population_total,10196916
Czechia,CZ,CZE,Europe,2001,population_total,10216605
Czechia,CZ,CZE,Europe,2000,population_total,10255063
Germany,DE,DEU,Europe,2024,gdp_current_usd,4659929336891
Germany,DE,DEU,Europe,2023,gdp_current_usd,4525703903628
Germany,DE,DEU,Europe,2022,gdp_current_usd,4163596357879
Germany,DE,DEU,Europe,2021,gdp_current_usd,4348297440388
Germany,DE,DEU,Europe,2020,gdp_current_usd,3940142541354
Germany,DE,DEU,Europe,2019,gdp_current_usd,3957208055216
Germany,DE,DEU,Europe,2018,gdp_current_usd,4052008447224
Germany,DE,DEU,Europe,2017,gdp_current_usd,3763092263753
Germany,DE,DEU,Europe,2016,gdp_current_usd,3537784107981
Germany,DE,DEU,Europe,2015,gdp_current_usd,3423568450957
Germany,DE,DEU,Europe,2014,gdp_current_usd,3965800686310
Germany,DE,DEU,Europe,2013,gdp_current_usd,3808086291482
Germany,DE,DEU,Europe,2012,gdp_current_usd,3597896500945
Germany,DE,DEU,Europe,2011,gdp_current_usd,3824828563521
Germany,DE,DEU,Europe,2010,gdp_current_usd,3468154343000
Germany,DE,DEU,Europe,2009,gdp_current_usd,3479800820863
Germany,DE,DEU,Europe,2008,gdp_current_usd,3808786022312
Germany,DE,DEU,Europe,2007,gdp_current_usd,3484056680855
Germany,DE,DEU,Europe,2006,gdp_current_usd,3046308753671
Germany,DE,DEU,Europe,2005,gdp_current_usd,2893393187362
Germany,DE,DEU,Europe,2004,gdp_current_usd,2852317768062
Germany,DE,DEU,Europe,2003,gdp_current_usd,2534715518349
Germany,DE,DEU,Europe,2002,gdp_current_usd,2102350798306
Germany,DE,DEU,Europe,2001,gdp_current_usd,1966381496642
Germany,DE,DEU,Europe,2000,gdp_current_usd,1966980701145
Germany,DE,DEU,Europe,2024,gdp_per_capita_current_usd,55800
Germany,DE,DEU,Europe,2023,gdp_per_capita_current_usd,53940
Germany,DE,DEU,Europe,2022,gdp_per_capita_current_usd,49686
Germany,DE,DEU,Europe,2021,gdp_per_capita_current_usd,52266
Germany,DE,DEU,Europe,2020,gdp_per_capita_current_usd,47380
Germany,DE,DEU,Europe,2019,gdp_per_capita_current_usd,47624
Germany,DE,DEU,Europe,2018,gdp_per_capita_current_usd,48875
Germany,DE,DEU,Europe,2017,gdp_per_capita_current_usd,45527
Germany,DE,DEU,Europe,2016,gdp_per_capita_current_usd,42961
Germany,DE,DEU,Europe,2015,gdp_per_capita_current_usd,41911
Germany,DE,DEU,Europe,2014,gdp_per_capita_current_usd,48971
Germany,DE,DEU,Europe,2013,gdp_per_capita_current_usd,47220
Germany,DE,DEU,Europe,2012,gdp_per_capita_current_usd,44736
Germany,DE,DEU,Europe,2011,gdp_per_capita_current_usd,47647
Germany,DE,DEU,Europe,2010,gdp_per_capita_current_usd,42410
Germany,DE,DEU,Europe,2009,gdp_per_capita_current_usd,42487
Germany,DE,DEU,Europe,2008,gdp_per_capita_current_usd,46386
Germany,DE,DEU,Europe,2007,gdp_per_capita_current_usd,42351
Germany,DE,DEU,Europe,2006,gdp_per_capita_current_usd,36980
Germany,DE,DEU,Europe,2005,gdp_per_capita_current_usd,35084
Germany,DE,DEU,Europe,2004,gdp_per_capita_current_usd,34567
Germany,DE,DEU,Europe,2003,gdp_per_capita_current_usd,30711
Germany,DE,DEU,Europe,2002,gdp_per_capita_current_usd,25487
Germany,DE,DEU,Europe,2001,gdp_per_capita_current_usd,23878
Germany,DE,DEU,Europe,2000,gdp_per_capita_current_usd,23926
Germany,DE,DEU,Europe,2024,population_total,83510950
Germany,DE,DEU,Europe,2023,population_total,83901923
Germany,DE,DEU,Europe,2022,population_total,83797985
Germany,DE,DEU,Europe,2021,population_total,83196078
Germany,DE,DEU,Europe,2020,population_total,83160871
Germany,DE,DEU,Europe,2019,population_total,83092962
Germany,DE,DEU,Europe,2018,population_total,82905782
Germany,DE,DEU,Europe,2017,population_total,82657002
Germany,DE,DEU,Europe,2016,population_total,82348669
Germany,DE,DEU,Europe,2015,population_total,81686611
Germany,DE,DEU,Europe,2014,population_total,80982500
Germany,DE,DEU,Europe,2013,population_total,80645605
Germany,DE,DEU,Europe,2012,population_total,80425823
Germany,DE,DEU,Europe,2011,population_total,80274983
Germany,DE,DEU,Europe,2010,population_total,81776930
Germany,DE,DEU,Europe,2009,population_total,81902307
Germany,DE,DEU,Europe,2008,population_total,82110097
Germany,DE,DEU,Europe,2007,population_total,82266372
Germany,DE,DEU,Europe,2006,population_total,82376451
Germany,DE,DEU,Europe,2005,population_total,82469422
Germany,DE,DEU,Europe,2004,population_total,82516260
Germany,DE,DEU,Europe,2003,population_total,82534176
Germany,DE,DEU,Europe,2002,population_total,82488495
Germany,DE,DEU,Europe,2001,population_total,82349925
Germany,DE,DEU,Europe,2000,population_total,82211508
Djibouti,DJ,DJI,Africa,2024,gdp_current_usd,4086402719
Djibouti,DJ,DJI,Africa,2023,gdp_current_usd,3917150481
Djibouti,DJ,DJI,Africa,2022,gdp_current_usd,3562814909
Djibouti,DJ,DJI,Africa,2021,gdp_current_usd,3392796953
Djibouti,DJ,DJI,Africa,2020,gdp_current_usd,3144136197
Djibouti,DJ,DJI,Africa,2019,gdp_current_usd,3088851450
Djibouti,DJ,DJI,Africa,2018,gdp_current_usd,2913464658
Djibouti,DJ,DJI,Africa,2017,gdp_current_usd,2762581334
Djibouti,DJ,DJI,Africa,2016,gdp_current_usd,2604955229
Djibouti,DJ,DJI,Africa,2015,gdp_current_usd,2424391785
Djibouti,DJ,DJI,Africa,2014,gdp_current_usd,2220637966
Djibouti,DJ,DJI,Africa,2013,gdp_current_usd,2044440443
Djibouti,DJ,DJI,Africa,2012,gdp_current_usd,1353632942
Djibouti,DJ,DJI,Africa,2011,gdp_current_usd,1239144502
Djibouti,DJ,DJI,Africa,2010,gdp_current_usd,1128611700
Djibouti,DJ,DJI,Africa,2009,gdp_current_usd,1049110685
Djibouti,DJ,DJI,Africa,2008,gdp_current_usd,999105339
Djibouti,DJ,DJI,Africa,2007,gdp_current_usd,847918929
Djibouti,DJ,DJI,Africa,2006,gdp_current_usd,768873684
Djibouti,DJ,DJI,Africa,2005,gdp_current_usd,708633195
Djibouti,DJ,DJI,Africa,2004,gdp_current_usd,666072102
Djibouti,DJ,DJI,Africa,2003,gdp_current_usd,622044666
Djibouti,DJ,DJI,Africa,2002,gdp_current_usd,591122040
Djibouti,DJ,DJI,Africa,2001,gdp_current_usd,572417441
Djibouti,DJ,DJI,Africa,2000,gdp_current_usd,551230862
Djibouti,DJ,DJI,Africa,2024,gdp_per_capita_current_usd,3496
Djibouti,DJ,DJI,Africa,2023,gdp_per_capita_current_usd,3398
Djibouti,DJ,DJI,Africa,2022,gdp_per_capita_current_usd,3133
Djibouti,DJ,DJI,Africa,2021,gdp_per_capita_current_usd,3026
Djibouti,DJ,DJI,Africa,2020,gdp_per_capita_current_usd,2845
Djibouti,DJ,DJI,Africa,2019,gdp_per_capita_current_usd,2837
Djibouti,DJ,DJI,Africa,2018,gdp_per_capita_current_usd,2718
Djibouti,DJ,DJI,Africa,2017,gdp_per_capita_current_usd,2619
Djibouti,DJ,DJI,Africa,2016,gdp_per_capita_current_usd,2510
Djibouti,DJ,DJI,Africa,2015,gdp_per_capita_current_usd,2376
Djibouti,DJ,DJI,Africa,2014,gdp_per_capita_current_usd,2215
Djibouti,DJ,DJI,Africa,2013,gdp_per_capita_current_usd,2076
Djibouti,DJ,DJI,Africa,2012,gdp_per_capita_current_usd,1400
Djibouti,DJ,DJI,Africa,2011,gdp_per_capita_current_usd,1306
Djibouti,DJ,DJI,Africa,2010,gdp_per_capita_current_usd,1213
Djibouti,DJ,DJI,Africa,2009,gdp_per_capita_current_usd,1151
Djibouti,DJ,DJI,Africa,2008,gdp_per_capita_current_usd,1119
Djibouti,DJ,DJI,Africa,2007,gdp_per_capita_current_usd,970
Djibouti,DJ,DJI,Africa,2006,gdp_per_capita_current_usd,898
Djibouti,DJ,DJI,Africa,2005,gdp_per_capita_current_usd,844
Djibouti,DJ,DJI,Africa,2004,gdp_per_capita_current_usd,806
Djibouti,DJ,DJI,Africa,2003,gdp_per_capita_current_usd,765
Djibouti,DJ,DJI,Africa,2002,gdp_per_capita_current_usd,743
Djibouti,DJ,DJI,Africa,2001,gdp_per_capita_current_usd,742
Djibouti,DJ,DJI,Africa,2000,gdp_per_capita_current_usd,738
Djibouti,DJ,DJI,Africa,2024,population_total,1168722
Djibouti,DJ,DJI,Africa,2023,population_total,1152944
Djibouti,DJ,DJI,Africa,2022,population_total,1137096
Djibouti,DJ,DJI,Africa,2021,population_total,1121248
Djibouti,DJ,DJI,Africa,2020,population_total,1105188
Djibouti,DJ,DJI,Africa,2019,population_total,1088709
Djibouti,DJ,DJI,Africa,2018,population_total,1071882
Djibouti,DJ,DJI,Africa,2017,population_total,1054841
Djibouti,DJ,DJI,Africa,2016,population_total,1037653
Djibouti,DJ,DJI,Africa,2015,population_total,1020313
Djibouti,DJ,DJI,Africa,2014,population_total,1002717
Djibouti,DJ,DJI,Africa,2013,population_total,984824
Djibouti,DJ,DJI,Africa,2012,population_total,966747
Djibouti,DJ,DJI,Africa,2011,population_total,948558
Djibouti,DJ,DJI,Africa,2010,population_total,930251
Djibouti,DJ,DJI,Africa,2009,population_total,911527
Djibouti,DJ,DJI,Africa,2008,population_total,892734
Djibouti,DJ,DJI,Africa,2007,population_total,874528
Djibouti,DJ,DJI,Africa,2006,population_total,855764
Djibouti,DJ,DJI,Africa,2005,population_total,839167
Djibouti,DJ,DJI,Africa,2004,population_total,826124
Djibouti,DJ,DJI,Africa,2003,population_total,813519
Djibouti,DJ,DJI,Africa,2002,population_total,795574
Djibouti,DJ,DJI,Africa,2001,population_total,771313
Djibouti,DJ,DJI,Africa,2000,population_total,747318
Dominica,DM,DMA,North America,2024,gdp_current_usd,688881481
Dominica,DM,DMA,North America,2023,gdp_current_usd,659311111
Dominica,DM,DMA,North America,2022,gdp_current_usd,623062963
Dominica,DM,DMA,North America,2021,gdp_current_usd,562911111
Dominica,DM,DMA,North America,2020,gdp_current_usd,528944444
Dominica,DM,DMA,North America,2019,gdp_current_usd,644259259
Dominica,DM,DMA,North America,2018,gdp_current_usd,628244444
Dominica,DM,DMA,North America,2017,gdp_current_usd,563355556
Dominica,DM,DMA,North America,2016,gdp_current_usd,612711111
Dominica,DM,DMA,North America,2015,gdp_current_usd,583177778
Dominica,DM,DMA,North America,2014,gdp_current_usd,572255556
Dominica,DM,DMA,North America,2013,gdp_current_usd,545325926
Dominica,DM,DMA,North America,2012,gdp_current_usd,520355556
Dominica,DM,DMA,North America,2011,gdp_current_usd,532081481
Dominica,DM,DMA,North America,2010,gdp_current_usd,519859259
Dominica,DM,DMA,North America,2009,gdp_current_usd,515618519
Dominica,DM,DMA,North America,2008,gdp_current_usd,480003704
Dominica,DM,DMA,North America,2007,gdp_current_usd,444685185
Dominica,DM,DMA,North America,2006,gdp_current_usd,416674074
Dominica,DM,DMA,North America,2005,gdp_current_usd,391455556
Dominica,DM,DMA,North America,2004,gdp_current_usd,396711111
Dominica,DM,DMA,North America,2003,gdp_current_usd,373318519
Dominica,DM,DMA,North America,2002,gdp_current_usd,375200000
Dominica,DM,DMA,North America,2001,gdp_current_usd,377462963
Dominica,DM,DMA,North America,2000,gdp_current_usd,333470370
Dominica,DM,DMA,North America,2024,gdp_per_capita_current_usd,10405
Dominica,DM,DMA,North America,2023,gdp_per_capita_current_usd,9913
Dominica,DM,DMA,North America,2022,gdp_per_capita_current_usd,9324
Dominica,DM,DMA,North America,2021,gdp_per_capita_current_usd,8376
Dominica,DM,DMA,North America,2020,gdp_per_capita_current_usd,7828
Dominica,DM,DMA,North America,2019,gdp_per_capita_current_usd,9491
Dominica,DM,DMA,North America,2018,gdp_per_capita_current_usd,9215
Dominica,DM,DMA,North America,2017,gdp_per_capita_current_usd,8225
Dominica,DM,DMA,North America,2016,gdp_per_capita_current_usd,8803
Dominica,DM,DMA,North America,2015,gdp_per_capita_current_usd,8283
Dominica,DM,DMA,North America,2014,gdp_per_capita_current_usd,8132
Dominica,DM,DMA,North America,2013,gdp_per_capita_current_usd,7822
Dominica,DM,DMA,North America,2012,gdp_per_capita_current_usd,7529
Dominica,DM,DMA,North America,2011,gdp_per_capita_current_usd,7705
Dominica,DM,DMA,North America,2010,gdp_per_capita_current_usd,7550
Dominica,DM,DMA,North America,2009,gdp_per_capita_current_usd,7487
Dominica,DM,DMA,North America,2008,gdp_per_capita_current_usd,6971
Dominica,DM,DMA,North America,2007,gdp_per_capita_current_usd,6459
Dominica,DM,DMA,North America,2006,gdp_per_capita_current_usd,6056
Dominica,DM,DMA,North America,2005,gdp_per_capita_current_usd,5695
Dominica,DM,DMA,North America,2004,gdp_per_capita_current_usd,5779
Dominica,DM,DMA,North America,2003,gdp_per_capita_current_usd,5447
Dominica,DM,DMA,North America,2002,gdp_per_capita_current_usd,5488
Dominica,DM,DMA,North America,2001,gdp_per_capita_current_usd,5528
Dominica,DM,DMA,North America,2000,gdp_per_capita_current_usd,4867
Dominica,DM,DMA,North America,2024,population_total,66205
Dominica,DM,DMA,North America,2023,population_total,66510
Dominica,DM,DMA,North America,2022,population_total,66826
Dominica,DM,DMA,North America,2021,population_total,67202
Dominica,DM,DMA,North America,2020,population_total,67573
Dominica,DM,DMA,North America,2019,population_total,67880
Dominica,DM,DMA,North America,2018,population_total,68174
Dominica,DM,DMA,North America,2017,population_total,68496
Dominica,DM,DMA,North America,2016,population_total,69606
Dominica,DM,DMA,North America,2015,population_total,70410
Dominica,DM,DMA,North America,2014,population_total,70373
Dominica,DM,DMA,North America,2013,population_total,69715
Dominica,DM,DMA,North America,2012,population_total,69118
Dominica,DM,DMA,North America,2011,population_total,69053
Dominica,DM,DMA,North America,2010,population_total,68859
Dominica,DM,DMA,North America,2009,population_total,68864
Dominica,DM,DMA,North America,2008,population_total,68854
Dominica,DM,DMA,North America,2007,population_total,68847
Dominica,DM,DMA,North America,2006,population_total,68806
Dominica,DM,DMA,North America,2005,population_total,68734
Dominica,DM,DMA,North America,2004,population_total,68649
Dominica,DM,DMA,North America,2003,population_total,68531
Dominica,DM,DMA,North America,2002,population_total,68367
Dominica,DM,DMA,North America,2001,population_total,68288
Dominica,DM,DMA,North America,2000,population_total,68511
Denmark,DK,DNK,Europe,2024,gdp_current_usd,429457372072
Denmark,DK,DNK,Europe,2023,gdp_current_usd,407091920305
Denmark,DK,DNK,Europe,2022,gdp_current_usd,401945576108
Denmark,DK,DNK,Europe,2021,gdp_current_usd,408378204640
Denmark,DK,DNK,Europe,2020,gdp_current_usd,355631021932
Denmark,DK,DNK,Europe,2019,gdp_current_usd,345401473013
Denmark,DK,DNK,Europe,2018,gdp_current_usd,355293374912
Denmark,DK,DNK,Europe,2017,gdp_current_usd,331610593962
Denmark,DK,DNK,Europe,2016,gdp_current_usd,312181849372
Denmark,DK,DNK,Europe,2015,gdp_current_usd,301758922338
Denmark,DK,DNK,Europe,2014,gdp_current_usd,352832602064
Denmark,DK,DNK,Europe,2013,gdp_current_usd,344631016965
Denmark,DK,DNK,Europe,2012,gdp_current_usd,326792574245
Denmark,DK,DNK,Europe,2011,gdp_current_usd,344315595263
Denmark,DK,DNK,Europe,2010,gdp_current_usd,322345594075
Denmark,DK,DNK,Europe,2009,gdp_current_usd,322619152195
Denmark,DK,DNK,Europe,2008,gdp_current_usd,354979471960
Denmark,DK,DNK,Europe,2007,gdp_current_usd,320213157595
Denmark,DK,DNK,Europe,2006,gdp_current_usd,283386151544
Denmark,DK,DNK,Europe,2005,gdp_current_usd,265150087712
Denmark,DK,DNK,Europe,2004,gdp_current_usd,251986155631
Denmark,DK,DNK,Europe,2003,gdp_current_usd,218421193436
Denmark,DK,DNK,Europe,2002,gdp_current_usd,178788209558
Denmark,DK,DNK,Europe,2001,gdp_current_usd,164881594415
Denmark,DK,DNK,Europe,2000,gdp_current_usd,164043817224
Denmark,DK,DNK,Europe,2024,gdp_per_capita_current_usd,71852
Denmark,DK,DNK,Europe,2023,gdp_per_capita_current_usd,68454
Denmark,DK,DNK,Europe,2022,gdp_per_capita_current_usd,68091
Denmark,DK,DNK,Europe,2021,gdp_per_capita_current_usd,69728
Denmark,DK,DNK,Europe,2020,gdp_per_capita_current_usd,60985
Denmark,DK,DNK,Europe,2019,gdp_per_capita_current_usd,59404
Denmark,DK,DNK,Europe,2018,gdp_per_capita_current_usd,61325
Denmark,DK,DNK,Europe,2017,gdp_per_capita_current_usd,57522
Denmark,DK,DNK,Europe,2016,gdp_per_capita_current_usd,54501
Denmark,DK,DNK,Europe,2015,gdp_per_capita_current_usd,53094
Denmark,DK,DNK,Europe,2014,gdp_per_capita_current_usd,62520
Denmark,DK,DNK,Europe,2013,gdp_per_capita_current_usd,61378
Denmark,DK,DNK,Europe,2012,gdp_per_capita_current_usd,58444
Denmark,DK,DNK,Europe,2011,gdp_per_capita_current_usd,61810
Denmark,DK,DNK,Europe,2010,gdp_per_capita_current_usd,58105
Denmark,DK,DNK,Europe,2009,gdp_per_capita_current_usd,58413
Denmark,DK,DNK,Europe,2008,gdp_per_capita_current_usd,64617
Denmark,DK,DNK,Europe,2007,gdp_per_capita_current_usd,58632
Denmark,DK,DNK,Europe,2006,gdp_per_capita_current_usd,52119
Denmark,DK,DNK,Europe,2005,gdp_per_capita_current_usd,48926
Denmark,DK,DNK,Europe,2004,gdp_per_capita_current_usd,46625
Denmark,DK,DNK,Europe,2003,gdp_per_capita_current_usd,40519
Denmark,DK,DNK,Europe,2002,gdp_per_capita_current_usd,33257
Denmark,DK,DNK,Europe,2001,gdp_per_capita_current_usd,30768
Denmark,DK,DNK,Europe,2000,gdp_per_capita_current_usd,30722
Denmark,DK,DNK,Europe,2024,population_total,5976992
Denmark,DK,DNK,Europe,2023,population_total,5946952
Denmark,DK,DNK,Europe,2022,population_total,5903037
Denmark,DK,DNK,Europe,2021,population_total,5856733
Denmark,DK,DNK,Europe,2020,population_total,5831404
Denmark,DK,DNK,Europe,2019,population_total,5814422
Denmark,DK,DNK,Europe,2018,population_total,5793636
Denmark,DK,DNK,Europe,2017,population_total,5764980
Denmark,DK,DNK,Europe,2016,population_total,5728010
Denmark,DK,DNK,Europe,2015,population_total,5683483
Denmark,DK,DNK,Europe,2014,population_total,5643475
Denmark,DK,DNK,Europe,2013,population_total,5614932
Denmark,DK,DNK,Europe,2012,population_total,5591572
Denmark,DK,DNK,Europe,2011,population_total,5570572
Denmark,DK,DNK,Europe,2010,population_total,5547683
Denmark,DK,DNK,Europe,2009,population_total,5523095
Denmark,DK,DNK,Europe,2008,population_total,5493621
Denmark,DK,DNK,Europe,2007,population_total,5461438
Denmark,DK,DNK,Europe,2006,population_total,5437272
Denmark,DK,DNK,Europe,2005,population_total,5419432
Denmark,DK,DNK,Europe,2004,population_total,5404523
Denmark,DK,DNK,Europe,2003,population_total,5390574
Denmark,DK,DNK,Europe,2002,population_total,5375931
Denmark,DK,DNK,Europe,2001,population_total,5358783
Denmark,DK,DNK,Europe,2000,population_total,5339616
Dominican Republic,DO,DOM,North America,2024,gdp_current_usd,124282245639
Dominican Republic,DO,DOM,North America,2023,gdp_current_usd,120456239154
Dominican Republic,DO,DOM,North America,2022,gdp_current_usd,113478087135
Dominican Republic,DO,DOM,North America,2021,gdp_current_usd,94850719517
Dominican Republic,DO,DOM,North America,2020,gdp_current_usd,78546672407
Dominican Republic,DO,DOM,North America,2019,gdp_current_usd,89146130745
Dominican Republic,DO,DOM,North America,2018,gdp_current_usd,84994732049
Dominican Republic,DO,DOM,North America,2017,gdp_current_usd,79070274743
Dominican Republic,DO,DOM,North America,2016,gdp_current_usd,75552902636
Dominican Republic,DO,DOM,North America,2015,gdp_current_usd,70966782572
Dominican Republic,DO,DOM,North America,2014,gdp_current_usd,67014329100
Dominican Republic,DO,DOM,North America,2013,gdp_current_usd,62555417415
Dominican Republic,DO,DOM,North America,2012,gdp_current_usd,60561635556
Dominican Republic,DO,DOM,North America,2011,gdp_current_usd,57948261616
Dominican Republic,DO,DOM,North America,2010,gdp_current_usd,53801053353
Dominican Republic,DO,DOM,North America,2009,gdp_current_usd,48223781477
Dominican Republic,DO,DOM,North America,2008,gdp_current_usd,48091433554
Dominican Republic,DO,DOM,North America,2007,gdp_current_usd,43965458509
Dominican Republic,DO,DOM,North America,2006,gdp_current_usd,37879830084
Dominican Republic,DO,DOM,North America,2005,gdp_current_usd,35777560684
Dominican Republic,DO,DOM,North America,2004,gdp_current_usd,22322387382
Dominican Republic,DO,DOM,North America,2003,gdp_current_usd,21403167848
Dominican Republic,DO,DOM,North America,2002,gdp_current_usd,27137440786
Dominican Republic,DO,DOM,North America,2001,gdp_current_usd,25601823688
Dominican Republic,DO,DOM,North America,2000,gdp_current_usd,24305780629
Dominican Republic,DO,DOM,North America,2024,gdp_per_capita_current_usd,10876
Dominican Republic,DO,DOM,North America,2023,gdp_per_capita_current_usd,10630
Dominican Republic,DO,DOM,North America,2022,gdp_per_capita_current_usd,10104
Dominican Republic,DO,DOM,North America,2021,gdp_per_capita_current_usd,8527
Dominican Republic,DO,DOM,North America,2020,gdp_per_capita_current_usd,7135
Dominican Republic,DO,DOM,North America,2019,gdp_per_capita_current_usd,8183
Dominican Republic,DO,DOM,North America,2018,gdp_per_capita_current_usd,7883
Dominican Republic,DO,DOM,North America,2017,gdp_per_capita_current_usd,7413
Dominican Republic,DO,DOM,North America,2016,gdp_per_capita_current_usd,7160
Dominican Republic,DO,DOM,North America,2015,gdp_per_capita_current_usd,6801
Dominican Republic,DO,DOM,North America,2014,gdp_per_capita_current_usd,6496
Dominican Republic,DO,DOM,North America,2013,gdp_per_capita_current_usd,6137
Dominican Republic,DO,DOM,North America,2012,gdp_per_capita_current_usd,6014
Dominican Republic,DO,DOM,North America,2011,gdp_per_capita_current_usd,5827
Dominican Republic,DO,DOM,North America,2010,gdp_per_capita_current_usd,5479
Dominican Republic,DO,DOM,North America,2009,gdp_per_capita_current_usd,4974
Dominican Republic,DO,DOM,North America,2008,gdp_per_capita_current_usd,5024
Dominican Republic,DO,DOM,North America,2007,gdp_per_capita_current_usd,4650
Dominican Republic,DO,DOM,North America,2006,gdp_per_capita_current_usd,4055
Dominican Republic,DO,DOM,North America,2005,gdp_per_capita_current_usd,3878
Dominican Republic,DO,DOM,North America,2004,gdp_per_capita_current_usd,2452
Dominican Republic,DO,DOM,North America,2003,gdp_per_capita_current_usd,2383
Dominican Republic,DO,DOM,North America,2002,gdp_per_capita_current_usd,3066
Dominican Republic,DO,DOM,North America,2001,gdp_per_capita_current_usd,2936
Dominican Republic,DO,DOM,North America,2000,gdp_per_capita_current_usd,2831
Dominican Republic,DO,DOM,North America,2024,population_total,11427557
Dominican Republic,DO,DOM,North America,2023,population_total,11331265
Dominican Republic,DO,DOM,North America,2022,population_total,11230734
Dominican Republic,DO,DOM,North America,2021,population_total,11123476
Dominican Republic,DO,DOM,North America,2020,population_total,11008300
Dominican Republic,DO,DOM,North America,2019,population_total,10894043
Dominican Republic,DO,DOM,North America,2018,population_total,10782053
Dominican Republic,DO,DOM,North America,2017,population_total,10666843
Dominican Republic,DO,DOM,North America,2016,population_total,10551430
Dominican Republic,DO,DOM,North America,2015,population_total,10434829
Dominican Republic,DO,DOM,North America,2014,population_total,10315528
Dominican Republic,DO,DOM,North America,2013,population_total,10193833
Dominican Republic,DO,DOM,North America,2012,population_total,10070411
Dominican Republic,DO,DOM,North America,2011,population_total,9945621
Dominican Republic,DO,DOM,North America,2010,population_total,9820175
Dominican Republic,DO,DOM,North America,2009,population_total,9695265
Dominican Republic,DO,DOM,North America,2008,population_total,9573130
Dominican Republic,DO,DOM,North America,2007,population_total,9455658
Dominican Republic,DO,DOM,North America,2006,population_total,9341183
Dominican Republic,DO,DOM,North America,2005,population_total,9225034
Dominican Republic,DO,DOM,North America,2004,population_total,9104892
Dominican Republic,DO,DOM,North America,2003,population_total,8980620
Dominican Republic,DO,DOM,North America,2002,population_total,8852235
Dominican Republic,DO,DOM,North America,2001,population_total,8720283
Dominican Republic,DO,DOM,North America,2000,population_total,8584190
Algeria,DZ,DZA,Africa,2024,gdp_current_usd,263619794507
Algeria,DZ,DZA,Africa,2023,gdp_current_usd,247626161016
Algeria,DZ,DZA,Africa,2022,gdp_current_usd,225638456572
Algeria,DZ,DZA,Africa,2021,gdp_current_usd,186231205262
Algeria,DZ,DZA,Africa,2020,gdp_current_usd,164873415325
Algeria,DZ,DZA,Africa,2019,gdp_current_usd,193459662091
Algeria,DZ,DZA,Africa,2018,gdp_current_usd,194554483656
Algeria,DZ,DZA,Africa,2017,gdp_current_usd,189880896903
Algeria,DZ,DZA,Africa,2016,gdp_current_usd,180763839522
Algeria,DZ,DZA,Africa,2015,gdp_current_usd,187493855609
Algeria,DZ,DZA,Africa,2014,gdp_current_usd,238942664193
Algeria,DZ,DZA,Africa,2013,gdp_current_usd,229701430292
Algeria,DZ,DZA,Africa,2012,gdp_current_usd,227143746076
Algeria,DZ,DZA,Africa,2011,gdp_current_usd,218331946925
Algeria,DZ,DZA,Africa,2010,gdp_current_usd,177785053940
Algeria,DZ,DZA,Africa,2009,gdp_current_usd,150317292079
Algeria,DZ,DZA,Africa,2008,gdp_current_usd,180383848331
Algeria,DZ,DZA,Africa,2007,gdp_current_usd,142482739810
Algeria,DZ,DZA,Africa,2006,gdp_current_usd,123084258693
Algeria,DZ,DZA,Africa,2005,gdp_current_usd,107046618670
Algeria,DZ,DZA,Africa,2004,gdp_current_usd,91913680985
Algeria,DZ,DZA,Africa,2003,gdp_current_usd,73482264191
Algeria,DZ,DZA,Africa,2002,gdp_current_usd,61516103406
Algeria,DZ,DZA,Africa,2001,gdp_current_usd,59413400924
Algeria,DZ,DZA,Africa,2000,gdp_current_usd,54790398570
Algeria,DZ,DZA,Africa,2024,gdp_per_capita_current_usd,5631
Algeria,DZ,DZA,Africa,2023,gdp_per_capita_current_usd,5364
Algeria,DZ,DZA,Africa,2022,gdp_per_capita_current_usd,4962
Algeria,DZ,DZA,Africa,2021,gdp_per_capita_current_usd,4161
Algeria,DZ,DZA,Africa,2020,gdp_per_capita_current_usd,3744
Algeria,DZ,DZA,Africa,2019,gdp_per_capita_current_usd,4468
Algeria,DZ,DZA,Africa,2018,gdp_per_capita_current_usd,4577
Algeria,DZ,DZA,Africa,2017,gdp_per_capita_current_usd,4555
Algeria,DZ,DZA,Africa,2016,gdp_per_capita_current_usd,4425
Algeria,DZ,DZA,Africa,2015,gdp_per_capita_current_usd,4685
Algeria,DZ,DZA,Africa,2014,gdp_per_capita_current_usd,6095
Algeria,DZ,DZA,Africa,2013,gdp_per_capita_current_usd,5980
Algeria,DZ,DZA,Africa,2012,gdp_per_capita_current_usd,6034
Algeria,DZ,DZA,Africa,2011,gdp_per_capita_current_usd,5916
Algeria,DZ,DZA,Africa,2010,gdp_per_capita_current_usd,4913
Algeria,DZ,DZA,Africa,2009,gdp_per_capita_current_usd,4235
Algeria,DZ,DZA,Africa,2008,gdp_per_capita_current_usd,5181
Algeria,DZ,DZA,Africa,2007,gdp_per_capita_current_usd,4167
Algeria,DZ,DZA,Africa,2006,gdp_per_capita_current_usd,3661
Algeria,DZ,DZA,Africa,2005,gdp_per_capita_current_usd,3233
Algeria,DZ,DZA,Africa,2004,gdp_per_capita_current_usd,2817
Algeria,DZ,DZA,Africa,2003,gdp_per_capita_current_usd,2284
Algeria,DZ,DZA,Africa,2002,gdp_per_capita_current_usd,1937
Algeria,DZ,DZA,Africa,2001,gdp_per_capita_current_usd,1896
Algeria,DZ,DZA,Africa,2000,gdp_per_capita_current_usd,1773
Algeria,DZ,DZA,Africa,2024,population_total,46814308
Algeria,DZ,DZA,Africa,2023,population_total,46164219
Algeria,DZ,DZA,Africa,2022,population_total,45477389
Algeria,DZ,DZA,Africa,2021,population_total,44761099
Algeria,DZ,DZA,Africa,2020,population_total,44042091
Algeria,DZ,DZA,Africa,2019,population_total,43294546
Algeria,DZ,DZA,Africa,2018,population_total,42505035
Algeria,DZ,DZA,Africa,2017,population_total,41689299
Algeria,DZ,DZA,Africa,2016,population_total,40850721
Algeria,DZ,DZA,Africa,2015,population_total,40019529
Algeria,DZ,DZA,Africa,2014,population_total,39205031
Algeria,DZ,DZA,Africa,2013,population_total,38414171
Algeria,DZ,DZA,Africa,2012,population_total,37646166
Algeria,DZ,DZA,Africa,2011,population_total,36903376
Algeria,DZ,DZA,Africa,2010,population_total,36188236
Algeria,DZ,DZA,Africa,2009,population_total,35490445
Algeria,DZ,DZA,Africa,2008,population_total,34816961
Algeria,DZ,DZA,Africa,2007,population_total,34189416
Algeria,DZ,DZA,Africa,2006,population_total,33623506
Algeria,DZ,DZA,Africa,2005,population_total,33109249
Algeria,DZ,DZA,Africa,2004,population_total,32628286
Algeria,DZ,DZA,Africa,2003,population_total,32175818
Algeria,DZ,DZA,Africa,2002,population_total,31750835
Algeria,DZ,DZA,Africa,2001,population_total,31331221
Algeria,DZ,DZA,Africa,2000,population_total,30903893
Ecuador,EC,ECU,South America,2024,gdp_current_usd,124676074700
Ecuador,EC,ECU,South America,2023,gdp_current_usd,121147057000
Ecuador,EC,ECU,South America,2022,gdp_current_usd,116133121000
Ecuador,EC,ECU,South America,2021,gdp_current_usd,107179074000
Ecuador,EC,ECU,South America,2020,gdp_current_usd,95865473000
Ecuador,EC,ECU,South America,2019,gdp_current_usd,107595830000
Ecuador,EC,ECU,South America,2018,gdp_current_usd,107478961000
Ecuador,EC,ECU,South America,2017,gdp_current_usd,104467486000
Ecuador,EC,ECU,South America,2016,gdp_current_usd,97671433000
Ecuador,EC,ECU,South America,2015,gdp_current_usd,97209558000
Ecuador,EC,ECU,South America,2014,gdp_current_usd,102717794000
Ecuador,EC,ECU,South America,2013,gdp_current_usd,96570334000
Ecuador,EC,ECU,South America,2012,gdp_current_usd,87735048000
Ecuador,EC,ECU,South America,2011,gdp_current_usd,78986648000
Ecuador,EC,ECU,South America,2010,gdp_current_usd,68151329000
Ecuador,EC,ECU,South America,2009,gdp_current_usd,60094978000
Ecuador,EC,ECU,South America,2008,gdp_current_usd,61139438000
Ecuador,EC,ECU,South America,2007,gdp_current_usd,49848725000
Ecuador,EC,ECU,South America,2006,gdp_current_usd,45690762000
Ecuador,EC,ECU,South America,2005,gdp_current_usd,40278849000
Ecuador,EC,ECU,South America,2004,gdp_current_usd,35194947000
Ecuador,EC,ECU,South America,2003,gdp_current_usd,30965208000
Ecuador,EC,ECU,South America,2002,gdp_current_usd,27054197000
Ecuador,EC,ECU,South America,2001,gdp_current_usd,23127055000
Ecuador,EC,ECU,South America,2000,gdp_current_usd,17539454727
Ecuador,EC,ECU,South America,2024,gdp_per_capita_current_usd,6875
Ecuador,EC,ECU,South America,2023,gdp_per_capita_current_usd,6738
Ecuador,EC,ECU,South America,2022,gdp_per_capita_current_usd,6516
Ecuador,EC,ECU,South America,2021,gdp_per_capita_current_usd,6061
Ecuador,EC,ECU,South America,2020,gdp_per_capita_current_usd,5464
Ecuador,EC,ECU,South America,2019,gdp_per_capita_current_usd,6205
Ecuador,EC,ECU,South America,2018,gdp_per_capita_current_usd,6304
Ecuador,EC,ECU,South America,2017,gdp_per_capita_current_usd,6233
Ecuador,EC,ECU,South America,2016,gdp_per_capita_current_usd,5918
Ecuador,EC,ECU,South America,2015,gdp_per_capita_current_usd,5976
Ecuador,EC,ECU,South America,2014,gdp_per_capita_current_usd,6406
Ecuador,EC,ECU,South America,2013,gdp_per_capita_current_usd,6109
Ecuador,EC,ECU,South America,2012,gdp_per_capita_current_usd,5634
Ecuador,EC,ECU,South America,2011,gdp_per_capita_current_usd,5154
Ecuador,EC,ECU,South America,2010,gdp_per_capita_current_usd,4520
Ecuador,EC,ECU,South America,2009,gdp_per_capita_current_usd,4053
Ecuador,EC,ECU,South America,2008,gdp_per_capita_current_usd,4195
Ecuador,EC,ECU,South America,2007,gdp_per_capita_current_usd,3479
Ecuador,EC,ECU,South America,2006,gdp_per_capita_current_usd,3244
Ecuador,EC,ECU,South America,2005,gdp_per_capita_current_usd,2909
Ecuador,EC,ECU,South America,2004,gdp_per_capita_current_usd,2586
Ecuador,EC,ECU,South America,2003,gdp_per_capita_current_usd,2316
Ecuador,EC,ECU,South America,2002,gdp_per_capita_current_usd,2059
Ecuador,EC,ECU,South America,2001,gdp_per_capita_current_usd,1791
Ecuador,EC,ECU,South America,2000,gdp_per_capita_current_usd,1382
Ecuador,EC,ECU,South America,2024,population_total,18135478
Ecuador,EC,ECU,South America,2023,population_total,17980083
Ecuador,EC,ECU,South America,2022,population_total,17823897
Ecuador,EC,ECU,South America,2021,population_total,17682454
Ecuador,EC,ECU,South America,2020,population_total,17546065
Ecuador,EC,ECU,South America,2019,population_total,17340021
Ecuador,EC,ECU,South America,2018,population_total,17049547
Ecuador,EC,ECU,South America,2017,population_total,16759519
Ecuador,EC,ECU,South America,2016,population_total,16505139
Ecuador,EC,ECU,South America,2015,population_total,16266225
Ecuador,EC,ECU,South America,2014,population_total,16035124
Ecuador,EC,ECU,South America,2013,population_total,15807128
Ecuador,EC,ECU,South America,2012,population_total,15572194
Ecuador,EC,ECU,South America,2011,population_total,15326227
Ecuador,EC,ECU,South America,2010,population_total,15076695
Ecuador,EC,ECU,South America,2009,population_total,14825954
Ecuador,EC,ECU,South America,2008,population_total,14575202
Ecuador,EC,ECU,South America,2007,population_total,14328773
Ecuador,EC,ECU,South America,2006,population_total,14086131
Ecuador,EC,ECU,South America,2005,population_total,13846163
Ecuador,EC,ECU,South America,2004,population_total,13608701
Ecuador,EC,ECU,South America,2003,population_total,13372306
Ecuador,EC,ECU,South America,2002,population_total,13138472
Ecuador,EC,ECU,South America,2001,population_total,12910740
Ecuador,EC,ECU,South America,2000,population_total,12689206
Egypt,EG,EGY,Africa,2024,gdp_current_usd,389059911004
Egypt,EG,EGY,Africa,2023,gdp_current_usd,395926075163
Egypt,EG,EGY,Africa,2022,gdp_current_usd,476747720365
Egypt,EG,EGY,Africa,2021,gdp_current_usd,424671765456
Egypt,EG,EGY,Africa,2020,gdp_current_usd,383817841547
Egypt,EG,EGY,Africa,2019,gdp_current_usd,318678815490
Egypt,EG,EGY,Africa,2018,gdp_current_usd,262588632527
Egypt,EG,EGY,Africa,2017,gdp_current_usd,248362771739
Egypt,EG,EGY,Africa,2016,gdp_current_usd,332441717791
Egypt,EG,EGY,Africa,2015,gdp_current_usd,329366576819
Egypt,EG,EGY,Africa,2014,gdp_current_usd,305595408895
Egypt,EG,EGY,Africa,2013,gdp_current_usd,288434108527
Egypt,EG,EGY,Africa,2012,gdp_current_usd,279116666667
Egypt,EG,EGY,Africa,2011,gdp_current_usd,235989672978
Egypt,EG,EGY,Africa,2010,gdp_current_usd,218983666062
Egypt,EG,EGY,Africa,2009,gdp_current_usd,189147005445
Egypt,EG,EGY,Africa,2008,gdp_current_usd,162818181818
Egypt,EG,EGY,Africa,2007,gdp_current_usd,130437828371
Egypt,EG,EGY,Africa,2006,gdp_current_usd,107426086957
Egypt,EG,EGY,Africa,2005,gdp_current_usd,89660339660
Egypt,EG,EGY,Africa,2004,gdp_current_usd,78782467532
Egypt,EG,EGY,Africa,2003,gdp_current_usd,80288461538
Egypt,EG,EGY,Africa,2002,gdp_current_usd,85146067416
Egypt,EG,EGY,Africa,2001,gdp_current_usd,96684636119
Egypt,EG,EGY,Africa,2000,gdp_current_usd,99838543960
Egypt,EG,EGY,Africa,2024,gdp_per_capita_current_usd,3338
Egypt,EG,EGY,Africa,2023,gdp_per_capita_current_usd,3457
Egypt,EG,EGY,Africa,2022,gdp_per_capita_current_usd,4233
Egypt,EG,EGY,Africa,2021,gdp_per_capita_current_usd,3827
Egypt,EG,EGY,Africa,2020,gdp_per_capita_current_usd,3511
Egypt,EG,EGY,Africa,2019,gdp_per_capita_current_usd,2963
Egypt,EG,EGY,Africa,2018,gdp_per_capita_current_usd,2485
Egypt,EG,EGY,Africa,2017,gdp_per_capita_current_usd,2395
Egypt,EG,EGY,Africa,2016,gdp_per_capita_current_usd,3271
Egypt,EG,EGY,Africa,2015,gdp_per_capita_current_usd,3307
Egypt,EG,EGY,Africa,2014,gdp_per_capita_current_usd,3133
Egypt,EG,EGY,Africa,2013,gdp_per_capita_current_usd,3026
Egypt,EG,EGY,Africa,2012,gdp_per_capita_current_usd,2996
Egypt,EG,EGY,Africa,2011,gdp_per_capita_current_usd,2591
Egypt,EG,EGY,Africa,2010,gdp_per_capita_current_usd,2455
Egypt,EG,EGY,Africa,2009,gdp_per_capita_current_usd,2162
Egypt,EG,EGY,Africa,2008,gdp_per_capita_current_usd,1896
Egypt,EG,EGY,Africa,2007,gdp_per_capita_current_usd,1548
Egypt,EG,EGY,Africa,2006,gdp_per_capita_current_usd,1299
Egypt,EG,EGY,Africa,2005,gdp_per_capita_current_usd,1106
Egypt,EG,EGY,Africa,2004,gdp_per_capita_current_usd,991
Egypt,EG,EGY,Africa,2003,gdp_per_capita_current_usd,1031
Egypt,EG,EGY,Africa,2002,gdp_per_capita_current_usd,1117
Egypt,EG,EGY,Africa,2001,gdp_per_capita_current_usd,1295
Egypt,EG,EGY,Africa,2000,gdp_per_capita_current_usd,1366
Egypt,EG,EGY,Africa,2024,population_total,116538258
Egypt,EG,EGY,Africa,2023,population_total,114535772
Egypt,EG,EGY,Africa,2022,population_total,112618250
Egypt,EG,EGY,Africa,2021,population_total,110957008
Egypt,EG,EGY,Africa,2020,population_total,109315124
Egypt,EG,EGY,Africa,2019,population_total,107553158
Egypt,EG,EGY,Africa,2018,population_total,105682094
Egypt,EG,EGY,Africa,2017,population_total,103696057
Egypt,EG,EGY,Africa,2016,population_total,101644589
Egypt,EG,EGY,Africa,2015,population_total,99597342
Egypt,EG,EGY,Africa,2014,population_total,97528654
Egypt,EG,EGY,Africa,2013,population_total,95333553
Egypt,EG,EGY,Africa,2012,population_total,93161001
Egypt,EG,EGY,Africa,2011,population_total,91093059
Egypt,EG,EGY,Africa,2010,population_total,89196072
Egypt,EG,EGY,Africa,2009,population_total,87501636
Egypt,EG,EGY,Africa,2008,population_total,85864789
Egypt,EG,EGY,Africa,2007,population_total,84276225
Egypt,EG,EGY,Africa,2006,population_total,82700403
Egypt,EG,EGY,Africa,2005,population_total,81101004
Egypt,EG,EGY,Africa,2004,population_total,79477443
Egypt,EG,EGY,Africa,2003,population_total,77853548
Egypt,EG,EGY,Africa,2002,population_total,76239137
Egypt,EG,EGY,Africa,2001,population_total,74652029
Egypt,EG,EGY,Africa,2000,population_total,73083284
Eritrea,ER,ERI,Africa,2011,gdp_current_usd,2065001626
Eritrea,ER,ERI,Africa,2010,gdp_current_usd,1589515447
Eritrea,ER,ERI,Africa,2009,gdp_current_usd,1856695551
Eritrea,ER,ERI,Africa,2008,gdp_current_usd,1380188800
Eritrea,ER,ERI,Africa,2007,gdp_current_usd,1317974491
Eritrea,ER,ERI,Africa,2006,gdp_current_usd,1211161880
Eritrea,ER,ERI,Africa,2005,gdp_current_usd,1098424686
Eritrea,ER,ERI,Africa,2004,gdp_current_usd,1109054005
Eritrea,ER,ERI,Africa,2003,gdp_current_usd,870248268
Eritrea,ER,ERI,Africa,2002,gdp_current_usd,729321680
Eritrea,ER,ERI,Africa,2001,gdp_current_usd,752371689
Eritrea,ER,ERI,Africa,2000,gdp_current_usd,706370816
Eritrea,ER,ERI,Africa,2011,gdp_per_capita_current_usd,689
Eritrea,ER,ERI,Africa,2010,gdp_per_capita_current_usd,540
Eritrea,ER,ERI,Africa,2009,gdp_per_capita_current_usd,643
Eritrea,ER,ERI,Africa,2008,gdp_per_capita_current_usd,490
Eritrea,ER,ERI,Africa,2007,gdp_per_capita_current_usd,480
Eritrea,ER,ERI,Africa,2006,gdp_per_capita_current_usd,448
Eritrea,ER,ERI,Africa,2005,gdp_per_capita_current_usd,413
Eritrea,ER,ERI,Africa,2004,gdp_per_capita_current_usd,427
Eritrea,ER,ERI,Africa,2003,gdp_per_capita_current_usd,349
Eritrea,ER,ERI,Africa,2002,gdp_per_capita_current_usd,305
Eritrea,ER,ERI,Africa,2001,gdp_per_capita_current_usd,325
Eritrea,ER,ERI,Africa,2000,gdp_per_capita_current_usd,314
Eritrea,ER,ERI,Africa,2024,population_total,3535603
Eritrea,ER,ERI,Africa,2023,population_total,3470390
Eritrea,ER,ERI,Africa,2022,population_total,3409447
Eritrea,ER,ERI,Africa,2021,population_total,3350183
Eritrea,ER,ERI,Africa,2020,population_total,3291271
Eritrea,ER,ERI,Africa,2019,population_total,3240194
Eritrea,ER,ERI,Africa,2018,population_total,3192760
Eritrea,ER,ERI,Africa,2017,population_total,3150347
Eritrea,ER,ERI,Africa,2016,population_total,3124698
Eritrea,ER,ERI,Africa,2015,population_total,3105546
Eritrea,ER,ERI,Africa,2014,population_total,3095173
Eritrea,ER,ERI,Africa,2013,population_total,3074360
Eritrea,ER,ERI,Africa,2012,population_total,3036988
Eritrea,ER,ERI,Africa,2011,population_total,2998485
Eritrea,ER,ERI,Africa,2010,population_total,2945186
Eritrea,ER,ERI,Africa,2009,population_total,2887885
Eritrea,ER,ERI,Africa,2008,population_total,2816327
Eritrea,ER,ERI,Africa,2007,population_total,2743222
Eritrea,ER,ERI,Africa,2006,population_total,2703502
Eritrea,ER,ERI,Africa,2005,population_total,2661215
Eritrea,ER,ERI,Africa,2004,population_total,2598284
Eritrea,ER,ERI,Africa,2003,population_total,2493903
Eritrea,ER,ERI,Africa,2002,population_total,2392978
Eritrea,ER,ERI,Africa,2001,population_total,2312079
Eritrea,ER,ERI,Africa,2000,population_total,2247031
Spain,ES,ESP,Europe,2024,gdp_current_usd,1722745978335
Spain,ES,ESP,Europe,2023,gdp_current_usd,1620090734957
Spain,ES,ESP,Europe,2022,gdp_current_usd,1446498147749
Spain,ES,ESP,Europe,2021,gdp_current_usd,1461244901853
Spain,ES,ESP,Europe,2020,gdp_current_usd,1289783836971
Spain,ES,ESP,Europe,2019,gdp_current_usd,1403496387686
Spain,ES,ESP,Europe,2018,gdp_current_usd,1431642809327
Spain,ES,ESP,Europe,2017,gdp_current_usd,1321754088819
Spain,ES,ESP,Europe,2016,gdp_current_usd,1243015667917
Spain,ES,ESP,Europe,2015,gdp_current_usd,1206164777553
Spain,ES,ESP,Europe,2014,gdp_current_usd,1380244561362
Spain,ES,ESP,Europe,2013,gdp_current_usd,1362186923158
Spain,ES,ESP,Europe,2012,gdp_current_usd,1330994811670
Spain,ES,ESP,Europe,2011,gdp_current_usd,1487568659241
Spain,ES,ESP,Europe,2010,gdp_current_usd,1427989078917
Spain,ES,ESP,Europe,2009,gdp_current_usd,1496587590848
Spain,ES,ESP,Europe,2008,gdp_current_usd,1636115447612
Spain,ES,ESP,Europe,2007,gdp_current_usd,1476746276855
Spain,ES,ESP,Europe,2006,gdp_current_usd,1261846683275
Spain,ES,ESP,Europe,2005,gdp_current_usd,1154667551776
Spain,ES,ESP,Europe,2004,gdp_current_usd,1069829382515
Spain,ES,ESP,Europe,2003,gdp_current_usd,907963217058
Spain,ES,ESP,Europe,2002,gdp_current_usd,708938227244
Spain,ES,ESP,Europe,2001,gdp_current_usd,627798682379
Spain,ES,ESP,Europe,2000,gdp_current_usd,598102854756
Spain,ES,ESP,Europe,2024,gdp_per_capita_current_usd,35297
Spain,ES,ESP,Europe,2023,gdp_per_capita_current_usd,33509
Spain,ES,ESP,Europe,2022,gdp_per_capita_current_usd,30270
Spain,ES,ESP,Europe,2021,gdp_per_capita_current_usd,30799
Spain,ES,ESP,Europe,2020,gdp_per_capita_current_usd,27234
Spain,ES,ESP,Europe,2019,gdp_per_capita_current_usd,29787
Spain,ES,ESP,Europe,2018,gdp_per_capita_current_usd,30602
Spain,ES,ESP,Europe,2017,gdp_per_capita_current_usd,28381
Spain,ES,ESP,Europe,2016,gdp_per_capita_current_usd,26756
Spain,ES,ESP,Europe,2015,gdp_per_capita_current_usd,25982
Spain,ES,ESP,Europe,2014,gdp_per_capita_current_usd,29708
Spain,ES,ESP,Europe,2013,gdp_per_capita_current_usd,29229
Spain,ES,ESP,Europe,2012,gdp_per_capita_current_usd,28456
Spain,ES,ESP,Europe,2011,gdp_per_capita_current_usd,31825
Spain,ES,ESP,Europe,2010,gdp_per_capita_current_usd,30659
Spain,ES,ESP,Europe,2009,gdp_per_capita_current_usd,32280
Spain,ES,ESP,Europe,2008,gdp_per_capita_current_usd,35603
Spain,ES,ESP,Europe,2007,gdp_per_capita_current_usd,32652
Spain,ES,ESP,Europe,2006,gdp_per_capita_current_usd,28422
Spain,ES,ESP,Europe,2005,gdp_per_capita_current_usd,26451
Spain,ES,ESP,Europe,2004,gdp_per_capita_current_usd,24925
Spain,ES,ESP,Europe,2003,gdp_per_capita_current_usd,21522
Spain,ES,ESP,Europe,2002,gdp_per_capita_current_usd,17111
Spain,ES,ESP,Europe,2001,gdp_per_capita_current_usd,15368
Spain,ES,ESP,Europe,2000,gdp_per_capita_current_usd,14743
Spain,ES,ESP,Europe,2024,population_total,48807137
Spain,ES,ESP,Europe,2023,population_total,48347910
Spain,ES,ESP,Europe,2022,population_total,47786102
Spain,ES,ESP,Europe,2021,population_total,47443821
Spain,ES,ESP,Europe,2020,population_total,47359424
Spain,ES,ESP,Europe,2019,population_total,47118501
Spain,ES,ESP,Europe,2018,population_total,46782011
Spain,ES,ESP,Europe,2017,population_total,46571232
Spain,ES,ESP,Europe,2016,population_total,46458139
Spain,ES,ESP,Europe,2015,population_total,46422303
Spain,ES,ESP,Europe,2014,population_total,46460733
Spain,ES,ESP,Europe,2013,population_total,46604197
Spain,ES,ESP,Europe,2012,population_total,46773055
Spain,ES,ESP,Europe,2011,population_total,46742697
Spain,ES,ESP,Europe,2010,population_total,46576897
Spain,ES,ESP,Europe,2009,population_total,46362946
Spain,ES,ESP,Europe,2008,population_total,45954106
Spain,ES,ESP,Europe,2007,population_total,45226803
Spain,ES,ESP,Europe,2006,population_total,44397319
Spain,ES,ESP,Europe,2005,population_total,43653155
Spain,ES,ESP,Europe,2004,population_total,42921895
Spain,ES,ESP,Europe,2003,population_total,42187645
Spain,ES,ESP,Europe,2002,population_total,41431558
Spain,ES,ESP,Europe,2001,population_total,40850412
Spain,ES,ESP,Europe,2000,population_total,40567864
Estonia,EE,EST,Europe,2024,gdp_current_usd,42764929169
Estonia,EE,EST,Europe,2023,gdp_current_usd,41291245222
Estonia,EE,EST,Europe,2022,gdp_current_usd,38376046175
Estonia,EE,EST,Europe,2021,gdp_current_usd,37204563051
Estonia,EE,EST,Europe,2020,gdp_current_usd,31820771494
Estonia,EE,EST,Europe,2019,gdp_current_usd,31873748770
Estonia,EE,EST,Europe,2018,gdp_current_usd,31222632741
Estonia,EE,EST,Europe,2017,gdp_current_usd,27469461919
Estonia,EE,EST,Europe,2016,gdp_current_usd,24561027788
Estonia,EE,EST,Europe,2015,gdp_current_usd,23311847751
Estonia,EE,EST,Europe,2014,gdp_current_usd,27055689003
Estonia,EE,EST,Europe,2013,gdp_current_usd,25451032781
Estonia,EE,EST,Europe,2012,gdp_current_usd,23237406116
Estonia,EE,EST,Europe,2011,gdp_current_usd,23303915795
Estonia,EE,EST,Europe,2010,gdp_current_usd,19524355419
Estonia,EE,EST,Europe,2009,gdp_current_usd,19633984440
Estonia,EE,EST,Europe,2008,gdp_current_usd,24342935404
Estonia,EE,EST,Europe,2007,gdp_current_usd,22450264166
Estonia,EE,EST,Europe,2006,gdp_current_usd,17025671810
Estonia,EE,EST,Europe,2005,gdp_current_usd,14109491357
Estonia,EE,EST,Europe,2004,gdp_current_usd,12148595031
Estonia,EE,EST,Europe,2003,gdp_current_usd,9876595528
Estonia,EE,EST,Europe,2002,gdp_current_usd,7370119619
Estonia,EE,EST,Europe,2001,gdp_current_usd,6250218423
Estonia,EE,EST,Europe,2000,gdp_current_usd,5686579748
Estonia,EE,EST,Europe,2024,gdp_per_capita_current_usd,31170
Estonia,EE,EST,Europe,2023,gdp_per_capita_current_usd,30133
Estonia,EE,EST,Europe,2022,gdp_per_capita_current_usd,28451
Estonia,EE,EST,Europe,2021,gdp_per_capita_current_usd,27954
Estonia,EE,EST,Europe,2020,gdp_per_capita_current_usd,23934
Estonia,EE,EST,Europe,2019,gdp_per_capita_current_usd,24021
Estonia,EE,EST,Europe,2018,gdp_per_capita_current_usd,23618
Estonia,EE,EST,Europe,2017,gdp_per_capita_current_usd,20852
Estonia,EE,EST,Europe,2016,gdp_per_capita_current_usd,18666
Estonia,EE,EST,Europe,2015,gdp_per_capita_current_usd,17722
Estonia,EE,EST,Europe,2014,gdp_per_capita_current_usd,20582
Estonia,EE,EST,Europe,2013,gdp_per_capita_current_usd,19310
Estonia,EE,EST,Europe,2012,gdp_per_capita_current_usd,17568
Estonia,EE,EST,Europe,2011,gdp_per_capita_current_usd,17556
Estonia,EE,EST,Europe,2010,gdp_per_capita_current_usd,14664
Estonia,EE,EST,Europe,2009,gdp_per_capita_current_usd,14712
Estonia,EE,EST,Europe,2008,gdp_per_capita_current_usd,18206
Estonia,EE,EST,Europe,2007,gdp_per_capita_current_usd,16745
Estonia,EE,EST,Europe,2006,gdp_per_capita_current_usd,12641
Estonia,EE,EST,Europe,2005,gdp_per_capita_current_usd,10415
Estonia,EE,EST,Europe,2004,gdp_per_capita_current_usd,8916
Estonia,EE,EST,Europe,2003,gdp_per_capita_current_usd,7205
Estonia,EE,EST,Europe,2002,gdp_per_capita_current_usd,5343
Estonia,EE,EST,Europe,2001,gdp_per_capita_current_usd,4503
Estonia,EE,EST,Europe,2000,gdp_per_capita_current_usd,4071
Estonia,EE,EST,Europe,2024,population_total,1371986
Estonia,EE,EST,Europe,2023,population_total,1370286
Estonia,EE,EST,Europe,2022,population_total,1348840
Estonia,EE,EST,Europe,2021,population_total,1330932
Estonia,EE,EST,Europe,2020,population_total,1329522
Estonia,EE,EST,Europe,2019,population_total,1326898
Estonia,EE,EST,Europe,2018,population_total,1321977
Estonia,EE,EST,Europe,2017,population_total,1317384
Estonia,EE,EST,Europe,2016,population_total,1315790
Estonia,EE,EST,Europe,2015,population_total,1315407
Estonia,EE,EST,Europe,2014,population_total,1314545
Estonia,EE,EST,Europe,2013,population_total,1317997
Estonia,EE,EST,Europe,2012,population_total,1322696
Estonia,EE,EST,Europe,2011,population_total,1327439
Estonia,EE,EST,Europe,2010,population_total,1331475
Estonia,EE,EST,Europe,2009,population_total,1334515
Estonia,EE,EST,Europe,2008,population_total,1337090
Estonia,EE,EST,Europe,2007,population_total,1340680
Estonia,EE,EST,Europe,2006,population_total,1346810
Estonia,EE,EST,Europe,2005,population_total,1354775
Estonia,EE,EST,Europe,2004,population_total,1362550
Estonia,EE,EST,Europe,2003,population_total,1370720
Estonia,EE,EST,Europe,2002,population_total,1379350
Estonia,EE,EST,Europe,2001,population_total,1388115
Estonia,EE,EST,Europe,2000,population_total,1396985
Ethiopia,ET,ETH,Africa,2022,gdp_current_usd,126772707851
Ethiopia,ET,ETH,Africa,2021,gdp_current_usd,111261888669
Ethiopia,ET,ETH,Africa,2020,gdp_current_usd,107657732424
Ethiopia,ET,ETH,Africa,2019,gdp_current_usd,95912620248
Ethiopia,ET,ETH,Africa,2018,gdp_current_usd,84269180857
Ethiopia,ET,ETH,Africa,2017,gdp_current_usd,81770885148
Ethiopia,ET,ETH,Africa,2016,gdp_current_usd,74296766562
Ethiopia,ET,ETH,Africa,2015,gdp_current_usd,64589328551
Ethiopia,ET,ETH,Africa,2014,gdp_current_usd,55612228234
Ethiopia,ET,ETH,Africa,2013,gdp_current_usd,47648276605
Ethiopia,ET,ETH,Africa,2012,gdp_current_usd,43310721414
Ethiopia,ET,ETH,Africa,2011,gdp_current_usd,31952763089
Ethiopia,ET,ETH,Africa,2010,gdp_current_usd,29933790334
Ethiopia,ET,ETH,Africa,2009,gdp_current_usd,32437389116
Ethiopia,ET,ETH,Africa,2008,gdp_current_usd,27066912635
Ethiopia,ET,ETH,Africa,2007,gdp_current_usd,19707616773
Ethiopia,ET,ETH,Africa,2006,gdp_current_usd,15280861835
Ethiopia,ET,ETH,Africa,2005,gdp_current_usd,12401139454
Ethiopia,ET,ETH,Africa,2004,gdp_current_usd,10131187261
Ethiopia,ET,ETH,Africa,2003,gdp_current_usd,8623691300
Ethiopia,ET,ETH,Africa,2002,gdp_current_usd,7850809498
Ethiopia,ET,ETH,Africa,2001,gdp_current_usd,8231326016
Ethiopia,ET,ETH,Africa,2000,gdp_current_usd,8242349618
Ethiopia,ET,ETH,Africa,2022,gdp_per_capita_current_usd,1011
Ethiopia,ET,ETH,Africa,2021,gdp_per_capita_current_usd,911
Ethiopia,ET,ETH,Africa,2020,gdp_per_capita_current_usd,905
Ethiopia,ET,ETH,Africa,2019,gdp_per_capita_current_usd,829
Ethiopia,ET,ETH,Africa,2018,gdp_per_capita_current_usd,748
Ethiopia,ET,ETH,Africa,2017,gdp_per_capita_current_usd,746
Ethiopia,ET,ETH,Africa,2016,gdp_per_capita_current_usd,696
Ethiopia,ET,ETH,Africa,2015,gdp_per_capita_current_usd,622
Ethiopia,ET,ETH,Africa,2014,gdp_per_capita_current_usd,550
Ethiopia,ET,ETH,Africa,2013,gdp_per_capita_current_usd,484
Ethiopia,ET,ETH,Africa,2012,gdp_per_capita_current_usd,452
Ethiopia,ET,ETH,Africa,2011,gdp_per_capita_current_usd,343
Ethiopia,ET,ETH,Africa,2010,gdp_per_capita_current_usd,331
Ethiopia,ET,ETH,Africa,2009,gdp_per_capita_current_usd,369
Ethiopia,ET,ETH,Africa,2008,gdp_per_capita_current_usd,316
Ethiopia,ET,ETH,Africa,2007,gdp_per_capita_current_usd,237
Ethiopia,ET,ETH,Africa,2006,gdp_per_capita_current_usd,189
Ethiopia,ET,ETH,Africa,2005,gdp_per_capita_current_usd,158
Ethiopia,ET,ETH,Africa,2004,gdp_per_capita_current_usd,133
Ethiopia,ET,ETH,Africa,2003,gdp_per_capita_current_usd,117
Ethiopia,ET,ETH,Africa,2002,gdp_per_capita_current_usd,110
Ethiopia,ET,ETH,Africa,2001,gdp_per_capita_current_usd,118
Ethiopia,ET,ETH,Africa,2000,gdp_per_capita_current_usd,122
Ethiopia,ET,ETH,Africa,2024,population_total,132059767
Ethiopia,ET,ETH,Africa,2023,population_total,128691692
Ethiopia,ET,ETH,Africa,2022,population_total,125384287
Ethiopia,ET,ETH,Africa,2021,population_total,122138588
Ethiopia,ET,ETH,Africa,2020,population_total,118917671
Ethiopia,ET,ETH,Africa,2019,population_total,115737383
Ethiopia,ET,ETH,Africa,2018,population_total,112664152
Ethiopia,ET,ETH,Africa,2017,population_total,109666481
Ethiopia,ET,ETH,Africa,2016,population_total,106718162
Ethiopia,ET,ETH,Africa,2015,population_total,103867135
Ethiopia,ET,ETH,Africa,2014,population_total,101115610
Ethiopia,ET,ETH,Africa,2013,population_total,98438751
Ethiopia,ET,ETH,Africa,2012,population_total,95798767
Ethiopia,ET,ETH,Africa,2011,population_total,93149970
Ethiopia,ET,ETH,Africa,2010,population_total,90538514
Ethiopia,ET,ETH,Africa,2009,population_total,88007636
Ethiopia,ET,ETH,Africa,2008,population_total,85543668
Ethiopia,ET,ETH,Africa,2007,population_total,83103217
Ethiopia,ET,ETH,Africa,2006,population_total,80703490
Ethiopia,ET,ETH,Africa,2005,population_total,78367470
Ethiopia,ET,ETH,Africa,2004,population_total,76077206
Ethiopia,ET,ETH,Africa,2003,population_total,73832663
Ethiopia,ET,ETH,Africa,2002,population_total,71635517
Ethiopia,ET,ETH,Africa,2001,population_total,69487762
Ethiopia,ET,ETH,Africa,2000,population_total,67411494
Finland,FI,FIN,Europe,2024,gdp_current_usd,299835625551
Finland,FI,FIN,Europe,2023,gdp_current_usd,294950618733
Finland,FI,FIN,Europe,2022,gdp_current_usd,280253099309
Finland,FI,FIN,Europe,2021,gdp_current_usd,294223210496
Finland,FI,FIN,Europe,2020,gdp_current_usd,270000311606
Finland,FI,FIN,Europe,2019,gdp_current_usd,267014821129
Finland,FI,FIN,Europe,2018,gdp_current_usd,273869255596
Finland,FI,FIN,Europe,2017,gdp_current_usd,253846138440
Finland,FI,FIN,Europe,2016,gdp_current_usd,238777818793
Finland,FI,FIN,Europe,2015,gdp_current_usd,233210733506
Finland,FI,FIN,Europe,2014,gdp_current_usd,273478528955
Finland,FI,FIN,Europe,2013,gdp_current_usd,270268036626
Finland,FI,FIN,Europe,2012,gdp_current_usd,257443384493
Finland,FI,FIN,Europe,2011,gdp_current_usd,275126915516
Finland,FI,FIN,Europe,2010,gdp_current_usd,249429613683
Finland,FI,FIN,Europe,2009,gdp_current_usd,253480783439
Finland,FI,FIN,Europe,2008,gdp_current_usd,285698662071
Finland,FI,FIN,Europe,2007,gdp_current_usd,256360251538
Finland,FI,FIN,Europe,2006,gdp_current_usd,217044068234
Finland,FI,FIN,Europe,2005,gdp_current_usd,204859368791
Finland,FI,FIN,Europe,2004,gdp_current_usd,197458297640
Finland,FI,FIN,Europe,2003,gdp_current_usd,171612867736
Finland,FI,FIN,Europe,2002,gdp_current_usd,140360963812
Finland,FI,FIN,Europe,2001,gdp_current_usd,129519672869
Finland,FI,FIN,Europe,2000,gdp_current_usd,125967821111
Finland,FI,FIN,Europe,2024,gdp_per_capita_current_usd,53189
Finland,FI,FIN,Europe,2023,gdp_per_capita_current_usd,52822
Finland,FI,FIN,Europe,2022,gdp_per_capita_current_usd,50441
Finland,FI,FIN,Europe,2021,gdp_per_capita_current_usd,53099
Finland,FI,FIN,Europe,2020,gdp_per_capita_current_usd,48829
Finland,FI,FIN,Europe,2019,gdp_per_capita_current_usd,48358
Finland,FI,FIN,Europe,2018,gdp_per_capita_current_usd,49654
Finland,FI,FIN,Europe,2017,gdp_per_capita_current_usd,46085
Finland,FI,FIN,Europe,2016,gdp_per_capita_current_usd,43451
Finland,FI,FIN,Europe,2015,gdp_per_capita_current_usd,42560
Finland,FI,FIN,Europe,2014,gdp_per_capita_current_usd,50074
Finland,FI,FIN,Europe,2013,gdp_per_capita_current_usd,49691
Finland,FI,FIN,Europe,2012,gdp_per_capita_current_usd,47552
Finland,FI,FIN,Europe,2011,gdp_per_capita_current_usd,51060
Finland,FI,FIN,Europe,2010,gdp_per_capita_current_usd,46506
Finland,FI,FIN,Europe,2009,gdp_per_capita_current_usd,47478
Finland,FI,FIN,Europe,2008,gdp_per_capita_current_usd,53769
Finland,FI,FIN,Europe,2007,gdp_per_capita_current_usd,48473
Finland,FI,FIN,Europe,2006,gdp_per_capita_current_usd,41214
Finland,FI,FIN,Europe,2005,gdp_per_capita_current_usd,39050
Finland,FI,FIN,Europe,2004,gdp_per_capita_current_usd,37768
Finland,FI,FIN,Europe,2003,gdp_per_capita_current_usd,32920
Finland,FI,FIN,Europe,2002,gdp_per_capita_current_usd,26989
Finland,FI,FIN,Europe,2001,gdp_per_capita_current_usd,24965
Finland,FI,FIN,Europe,2000,gdp_per_capita_current_usd,24336
Finland,FI,FIN,Europe,2024,population_total,5637214
Finland,FI,FIN,Europe,2023,population_total,5583911
Finland,FI,FIN,Europe,2022,population_total,5556106
Finland,FI,FIN,Europe,2021,population_total,5541017
Finland,FI,FIN,Europe,2020,population_total,5529543
Finland,FI,FIN,Europe,2019,population_total,5521606
Finland,FI,FIN,Europe,2018,population_total,5515525
Finland,FI,FIN,Europe,2017,population_total,5508214
Finland,FI,FIN,Europe,2016,population_total,5495303
Finland,FI,FIN,Europe,2015,population_total,5479531
Finland,FI,FIN,Europe,2014,population_total,5461512
Finland,FI,FIN,Europe,2013,population_total,5438972
Finland,FI,FIN,Europe,2012,population_total,5413971
Finland,FI,FIN,Europe,2011,population_total,5388272
Finland,FI,FIN,Europe,2010,population_total,5363352
Finland,FI,FIN,Europe,2009,population_total,5338871
Finland,FI,FIN,Europe,2008,population_total,5313399
Finland,FI,FIN,Europe,2007,population_total,5288720
Finland,FI,FIN,Europe,2006,population_total,5266268
Finland,FI,FIN,Europe,2005,population_total,5246096
Finland,FI,FIN,Europe,2004,population_total,5228172
Finland,FI,FIN,Europe,2003,population_total,5213014
Finland,FI,FIN,Europe,2002,population_total,5200598
Finland,FI,FIN,Europe,2001,population_total,5188008
Finland,FI,FIN,Europe,2000,population_total,5176209
Fiji,FJ,FJI,Oceania,2024,gdp_current_usd,5840564073
Fiji,FJ,FJI,Oceania,2023,gdp_current_usd,5442046553
Fiji,FJ,FJI,Oceania,2022,gdp_current_usd,4969503549
Fiji,FJ,FJI,Oceania,2021,gdp_current_usd,4305031650
Fiji,FJ,FJI,Oceania,2020,gdp_current_usd,4432466220
Fiji,FJ,FJI,Oceania,2019,gdp_current_usd,5444407198
Fiji,FJ,FJI,Oceania,2018,gdp_current_usd,5581425327
Fiji,FJ,FJI,Oceania,2017,gdp_current_usd,5353469174
Fiji,FJ,FJI,Oceania,2016,gdp_current_usd,4930213644
Fiji,FJ,FJI,Oceania,2015,gdp_current_usd,4682479894
Fiji,FJ,FJI,Oceania,2014,gdp_current_usd,4857104769
Fiji,FJ,FJI,Oceania,2013,gdp_current_usd,4189967999
Fiji,FJ,FJI,Oceania,2012,gdp_current_usd,3972028104
Fiji,FJ,FJI,Oceania,2011,gdp_current_usd,3779411899
Fiji,FJ,FJI,Oceania,2010,gdp_current_usd,3140166713
Fiji,FJ,FJI,Oceania,2009,gdp_current_usd,2870624636
Fiji,FJ,FJI,Oceania,2008,gdp_current_usd,3523185920
Fiji,FJ,FJI,Oceania,2007,gdp_current_usd,3378314600
Fiji,FJ,FJI,Oceania,2006,gdp_current_usd,3076305453
Fiji,FJ,FJI,Oceania,2005,gdp_current_usd,2980403845
Fiji,FJ,FJI,Oceania,2004,gdp_current_usd,2708078477
Fiji,FJ,FJI,Oceania,2003,gdp_current_usd,2300492465
Fiji,FJ,FJI,Oceania,2002,gdp_current_usd,1833279985
Fiji,FJ,FJI,Oceania,2001,gdp_current_usd,1652462023
Fiji,FJ,FJI,Oceania,2000,gdp_current_usd,1678219508
Fiji,FJ,FJI,Oceania,2024,gdp_per_capita_current_usd,6288
Fiji,FJ,FJI,Oceania,2023,gdp_per_capita_current_usd,5889
Fiji,FJ,FJI,Oceania,2022,gdp_per_capita_current_usd,5405
Fiji,FJ,FJI,Oceania,2021,gdp_per_capita_current_usd,4696
Fiji,FJ,FJI,Oceania,2020,gdp_per_capita_current_usd,4844
Fiji,FJ,FJI,Oceania,2019,gdp_per_capita_current_usd,5951
Fiji,FJ,FJI,Oceania,2018,gdp_per_capita_current_usd,6085
Fiji,FJ,FJI,Oceania,2017,gdp_per_capita_current_usd,5827
Fiji,FJ,FJI,Oceania,2016,gdp_per_capita_current_usd,5364
Fiji,FJ,FJI,Oceania,2015,gdp_per_capita_current_usd,5098
Fiji,FJ,FJI,Oceania,2014,gdp_per_capita_current_usd,5293
Fiji,FJ,FJI,Oceania,2013,gdp_per_capita_current_usd,4572
Fiji,FJ,FJI,Oceania,2012,gdp_per_capita_current_usd,4341
Fiji,FJ,FJI,Oceania,2011,gdp_per_capita_current_usd,4140
Fiji,FJ,FJI,Oceania,2010,gdp_per_capita_current_usd,3449
Fiji,FJ,FJI,Oceania,2009,gdp_per_capita_current_usd,3164
Fiji,FJ,FJI,Oceania,2008,gdp_per_capita_current_usd,3900
Fiji,FJ,FJI,Oceania,2007,gdp_per_capita_current_usd,3763
Fiji,FJ,FJI,Oceania,2006,gdp_per_capita_current_usd,3455
Fiji,FJ,FJI,Oceania,2005,gdp_per_capita_current_usd,3378
Fiji,FJ,FJI,Oceania,2004,gdp_per_capita_current_usd,3097
Fiji,FJ,FJI,Oceania,2003,gdp_per_capita_current_usd,2656
Fiji,FJ,FJI,Oceania,2002,gdp_per_capita_current_usd,2137
Fiji,FJ,FJI,Oceania,2001,gdp_per_capita_current_usd,1945
Fiji,FJ,FJI,Oceania,2000,gdp_per_capita_current_usd,1996
Fiji,FJ,FJI,Oceania,2024,population_total,928784
Fiji,FJ,FJI,Oceania,2023,population_total,924145
Fiji,FJ,FJI,Oceania,2022,population_total,919422
Fiji,FJ,FJI,Oceania,2021,population_total,916711
Fiji,FJ,FJI,Oceania,2020,population_total,914963
Fiji,FJ,FJI,Oceania,2019,population_total,914899
Fiji,FJ,FJI,Oceania,2018,population_total,917180
Fiji,FJ,FJI,Oceania,2017,population_total,918759
Fiji,FJ,FJI,Oceania,2016,population_total,919166
Fiji,FJ,FJI,Oceania,2015,population_total,918578
Fiji,FJ,FJI,Oceania,2014,population_total,917585
Fiji,FJ,FJI,Oceania,2013,population_total,916352
Fiji,FJ,FJI,Oceania,2012,population_total,914918
Fiji,FJ,FJI,Oceania,2011,population_total,912989
Fiji,FJ,FJI,Oceania,2010,population_total,910419
Fiji,FJ,FJI,Oceania,2009,population_total,907239
Fiji,FJ,FJI,Oceania,2008,population_total,903399
Fiji,FJ,FJI,Oceania,2007,population_total,897832
Fiji,FJ,FJI,Oceania,2006,population_total,890365
Fiji,FJ,FJI,Oceania,2005,population_total,882379
Fiji,FJ,FJI,Oceania,2004,population_total,874366
Fiji,FJ,FJI,Oceania,2003,population_total,866286
Fiji,FJ,FJI,Oceania,2002,population_total,858049
Fiji,FJ,FJI,Oceania,2001,population_total,849596
Fiji,FJ,FJI,Oceania,2000,population_total,840909
France,FR,FRA,Europe,2024,gdp_current_usd,3162079073496
France,FR,FRA,Europe,2023,gdp_current_usd,3051831611385
France,FR,FRA,Europe,2022,gdp_current_usd,2796302210399
France,FR,FRA,Europe,2021,gdp_current_usd,2966433692008
France,FR,FRA,Europe,2020,gdp_current_usd,2647926055110
France,FR,FRA,Europe,2019,gdp_current_usd,2722793515172
France,FR,FRA,Europe,2018,gdp_current_usd,2781576320884
France,FR,FRA,Europe,2017,gdp_current_usd,2588868323335
France,FR,FRA,Europe,2016,gdp_current_usd,2470407619777
France,FR,FRA,Europe,2015,gdp_current_usd,2442483452642
France,FR,FRA,Europe,2014,gdp_current_usd,2861236112552
France,FR,FRA,Europe,2013,gdp_current_usd,2816077607875
France,FR,FRA,Europe,2012,gdp_current_usd,2683007095787
France,FR,FRA,Europe,2011,gdp_current_usd,2870408553990
France,FR,FRA,Europe,2010,gdp_current_usd,2646230027988
France,FR,FRA,Europe,2009,gdp_current_usd,2700075882519
France,FR,FRA,Europe,2008,gdp_current_usd,2926802941586
France,FR,FRA,Europe,2007,gdp_current_usd,2655816911867
France,FR,FRA,Europe,2006,gdp_current_usd,2317861544691
France,FR,FRA,Europe,2005,gdp_current_usd,2192146403028
France,FR,FRA,Europe,2004,gdp_current_usd,2109792297237
France,FR,FRA,Europe,2003,gdp_current_usd,1835095983049
France,FR,FRA,Europe,2002,gdp_current_usd,1492427756382
France,FR,FRA,Europe,2001,gdp_current_usd,1370376677299
France,FR,FRA,Europe,2000,gdp_current_usd,1360959069477
France,FR,FRA,Europe,2024,gdp_per_capita_current_usd,46150
France,FR,FRA,Europe,2023,gdp_per_capita_current_usd,44691
France,FR,FRA,Europe,2022,gdp_per_capita_current_usd,41083
France,FR,FRA,Europe,2021,gdp_per_capita_current_usd,43725
France,FR,FRA,Europe,2020,gdp_per_capita_current_usd,39170
France,FR,FRA,Europe,2019,gdp_per_capita_current_usd,40408
France,FR,FRA,Europe,2018,gdp_per_capita_current_usd,41418
France,FR,FRA,Europe,2017,gdp_per_capita_current_usd,38687
France,FR,FRA,Europe,2016,gdp_per_capita_current_usd,37024
France,FR,FRA,Europe,2015,gdp_per_capita_current_usd,36702
France,FR,FRA,Europe,2014,gdp_per_capita_current_usd,43148
France,FR,FRA,Europe,2013,gdp_per_capita_current_usd,42669
France,FR,FRA,Europe,2012,gdp_per_capita_current_usd,40864
France,FR,FRA,Europe,2011,gdp_per_capita_current_usd,43930
France,FR,FRA,Europe,2010,gdp_per_capita_current_usd,40695
France,FR,FRA,Europe,2009,gdp_per_capita_current_usd,41728
France,FR,FRA,Europe,2008,gdp_per_capita_current_usd,45465
France,FR,FRA,Europe,2007,gdp_per_capita_current_usd,41486
France,FR,FRA,Europe,2006,gdp_per_capita_current_usd,36432
France,FR,FRA,Europe,2005,gdp_per_capita_current_usd,34696
France,FR,FRA,Europe,2004,gdp_per_capita_current_usd,33645
France,FR,FRA,Europe,2003,gdp_per_capita_current_usd,29480
France,FR,FRA,Europe,2002,gdp_per_capita_current_usd,24145
France,FR,FRA,Europe,2001,gdp_per_capita_current_usd,22332
France,FR,FRA,Europe,2000,gdp_per_capita_current_usd,22341
France,FR,FRA,Europe,2024,population_total,68516699
France,FR,FRA,Europe,2023,population_total,68287487
France,FR,FRA,Europe,2022,population_total,68065015
France,FR,FRA,Europe,2021,population_total,67842811
France,FR,FRA,Europe,2020,population_total,67601110
France,FR,FRA,Europe,2019,population_total,67382061
France,FR,FRA,Europe,2018,population_total,67158348
France,FR,FRA,Europe,2017,population_total,66918020
France,FR,FRA,Europe,2016,population_total,66724104
France,FR,FRA,Europe,2015,population_total,66548272
France,FR,FRA,Europe,2014,population_total,66312067
France,FR,FRA,Europe,2013,population_total,65997932
France,FR,FRA,Europe,2012,population_total,65657659
France,FR,FRA,Europe,2011,population_total,65340830
France,FR,FRA,Europe,2010,population_total,65026211
France,FR,FRA,Europe,2009,population_total,64706436
France,FR,FRA,Europe,2008,population_total,64375116
France,FR,FRA,Europe,2007,population_total,64016890
France,FR,FRA,Europe,2006,population_total,63622342
France,FR,FRA,Europe,2005,population_total,63180854
France,FR,FRA,Europe,2004,population_total,62707588
France,FR,FRA,Europe,2003,population_total,62249855
France,FR,FRA,Europe,2002,population_total,61812142
France,FR,FRA,Europe,2001,population_total,61364377
France,FR,FRA,Europe,2000,population_total,60918661
Faroe Islands,FO,FRO,Europe,2023,gdp_current_usd,3907323961
Faroe Islands,FO,FRO,Europe,2022,gdp_current_usd,3566698398
Faroe Islands,FO,FRO,Europe,2021,gdp_current_usd,3664686797
Faroe Islands,FO,FRO,Europe,2020,gdp_current_usd,3271813312
Faroe Islands,FO,FRO,Europe,2019,gdp_current_usd,3266432734
Faroe Islands,FO,FRO,Europe,2018,gdp_current_usd,3188600927
Faroe Islands,FO,FRO,Europe,2017,gdp_current_usd,2980057378
Faroe Islands,FO,FRO,Europe,2016,gdp_current_usd,2813278869
Faroe Islands,FO,FRO,Europe,2015,gdp_current_usd,2573905971
Faroe Islands,FO,FRO,Europe,2014,gdp_current_usd,2914012679
Faroe Islands,FO,FRO,Europe,2013,gdp_current_usd,2690110521
Faroe Islands,FO,FRO,Europe,2012,gdp_current_usd,2427200389
Faroe Islands,FO,FRO,Europe,2011,gdp_current_usd,2505740669
Faroe Islands,FO,FRO,Europe,2010,gdp_current_usd,2331796784
Faroe Islands,FO,FRO,Europe,2009,gdp_current_usd,2296065170
Faroe Islands,FO,FRO,Europe,2008,gdp_current_usd,2489873250
Faroe Islands,FO,FRO,Europe,2007,gdp_current_usd,2339015313
Faroe Islands,FO,FRO,Europe,2006,gdp_current_usd,2017680835
Faroe Islands,FO,FRO,Europe,2005,gdp_current_usd,1759739599
Faroe Islands,FO,FRO,Europe,2004,gdp_current_usd,1724770771
Faroe Islands,FO,FRO,Europe,2003,gdp_current_usd,1501941581
Faroe Islands,FO,FRO,Europe,2002,gdp_current_usd,1275093689
Faroe Islands,FO,FRO,Europe,2001,gdp_current_usd,1160268212
Faroe Islands,FO,FRO,Europe,2000,gdp_current_usd,1067109531
Faroe Islands,FO,FRO,Europe,2023,gdp_per_capita_current_usd,71774
Faroe Islands,FO,FRO,Europe,2022,gdp_per_capita_current_usd,66139
Faroe Islands,FO,FRO,Europe,2021,gdp_per_capita_current_usd,68749
Faroe Islands,FO,FRO,Europe,2020,gdp_per_capita_current_usd,62241
Faroe Islands,FO,FRO,Europe,2019,gdp_per_capita_current_usd,63067
Faroe Islands,FO,FRO,Europe,2018,gdp_per_capita_current_usd,62526
Faroe Islands,FO,FRO,Europe,2017,gdp_per_capita_current_usd,59387
Faroe Islands,FO,FRO,Europe,2016,gdp_per_capita_current_usd,56875
Faroe Islands,FO,FRO,Europe,2015,gdp_per_capita_current_usd,52635
Faroe Islands,FO,FRO,Europe,2014,gdp_per_capita_current_usd,60172
Faroe Islands,FO,FRO,Europe,2013,gdp_per_capita_current_usd,55758
Faroe Islands,FO,FRO,Europe,2012,gdp_per_capita_current_usd,50262
Faroe Islands,FO,FRO,Europe,2011,gdp_per_capita_current_usd,51619
Faroe Islands,FO,FRO,Europe,2010,gdp_per_capita_current_usd,47923
Faroe Islands,FO,FRO,Europe,2009,gdp_per_capita_current_usd,47059
Faroe Islands,FO,FRO,Europe,2008,gdp_per_capita_current_usd,51288
Faroe Islands,FO,FRO,Europe,2007,gdp_per_capita_current_usd,48349
Faroe Islands,FO,FRO,Europe,2006,gdp_per_capita_current_usd,41744
Faroe Islands,FO,FRO,Europe,2005,gdp_per_capita_current_usd,36389
Faroe Islands,FO,FRO,Europe,2004,gdp_per_capita_current_usd,35648
Faroe Islands,FO,FRO,Europe,2003,gdp_per_capita_current_usd,31270
Faroe Islands,FO,FRO,Europe,2002,gdp_per_capita_current_usd,26938
Faroe Islands,FO,FRO,Europe,2001,gdp_per_capita_current_usd,24880
Faroe Islands,FO,FRO,Europe,2000,gdp_per_capita_current_usd,23323
Faroe Islands,FO,FRO,Europe,2024,population_total,54719
Faroe Islands,FO,FRO,Europe,2023,population_total,54439
Faroe Islands,FO,FRO,Europe,2022,population_total,53927
Faroe Islands,FO,FRO,Europe,2021,population_total,53305
Faroe Islands,FO,FRO,Europe,2020,population_total,52567
Faroe Islands,FO,FRO,Europe,2019,population_total,51793
Faroe Islands,FO,FRO,Europe,2018,population_total,50996
Faroe Islands,FO,FRO,Europe,2017,population_total,50180
Faroe Islands,FO,FRO,Europe,2016,population_total,49464
Faroe Islands,FO,FRO,Europe,2015,population_total,48901
Faroe Islands,FO,FRO,Europe,2014,population_total,48428
Faroe Islands,FO,FRO,Europe,2013,population_total,48246
Faroe Islands,FO,FRO,Europe,2012,population_total,48291
Faroe Islands,FO,FRO,Europe,2011,population_total,48543
Faroe Islands,FO,FRO,Europe,2010,population_total,48657
Faroe Islands,FO,FRO,Europe,2009,population_total,48791
Faroe Islands,FO,FRO,Europe,2008,population_total,48547
Faroe Islands,FO,FRO,Europe,2007,population_total,48378
Faroe Islands,FO,FRO,Europe,2006,population_total,48335
Faroe Islands,FO,FRO,Europe,2005,population_total,48359
Faroe Islands,FO,FRO,Europe,2004,population_total,48384
Faroe Islands,FO,FRO,Europe,2003,population_total,48032
Faroe Islands,FO,FRO,Europe,2002,population_total,47335
Faroe Islands,FO,FRO,Europe,2001,population_total,46635
Faroe Islands,FO,FRO,Europe,2000,population_total,45754
"Micronesia, Federated States of",FM,FSM,Oceania,2024,gdp_current_usd,471425099
"Micronesia, Federated States of",FM,FSM,Oceania,2023,gdp_current_usd,443916782
"Micronesia, Federated States of",FM,FSM,Oceania,2022,gdp_current_usd,415956896
"Micronesia, Federated States of",FM,FSM,Oceania,2021,gdp_current_usd,391601947
"Micronesia, Federated States of",FM,FSM,Oceania,2020,gdp_current_usd,372902690
"Micronesia, Federated States of",FM,FSM,Oceania,2019,gdp_current_usd,394000000
"Micronesia, Federated States of",FM,FSM,Oceania,2018,gdp_current_usd,392000000
"Micronesia, Federated States of",FM,FSM,Oceania,2017,gdp_current_usd,359000000
"Micronesia, Federated States of",FM,FSM,Oceania,2016,gdp_current_usd,325000000
"Micronesia, Federated States of",FM,FSM,Oceania,2015,gdp_current_usd,316489900
"Micronesia, Federated States of",FM,FSM,Oceania,2014,gdp_current_usd,319271200
"Micronesia, Federated States of",FM,FSM,Oceania,2013,gdp_current_usd,317214400
"Micronesia, Federated States of",FM,FSM,Oceania,2012,gdp_current_usd,327248700
"Micronesia, Federated States of",FM,FSM,Oceania,2011,gdp_current_usd,311301600
"Micronesia, Federated States of",FM,FSM,Oceania,2010,gdp_current_usd,296944100
"Micronesia, Federated States of",FM,FSM,Oceania,2009,gdp_current_usd,280284600
"Micronesia, Federated States of",FM,FSM,Oceania,2008,gdp_current_usd,263145100
"Micronesia, Federated States of",FM,FSM,Oceania,2007,gdp_current_usd,256787200
"Micronesia, Federated States of",FM,FSM,Oceania,2006,gdp_current_usd,253541900
"Micronesia, Federated States of",FM,FSM,Oceania,2005,gdp_current_usd,250281900
"Micronesia, Federated States of",FM,FSM,Oceania,2004,gdp_current_usd,240236000
"Micronesia, Federated States of",FM,FSM,Oceania,2003,gdp_current_usd,245432900
"Micronesia, Federated States of",FM,FSM,Oceania,2002,gdp_current_usd,242517200
"Micronesia, Federated States of",FM,FSM,Oceania,2001,gdp_current_usd,240970900
"Micronesia, Federated States of",FM,FSM,Oceania,2000,gdp_current_usd,233271800
"Micronesia, Federated States of",FM,FSM,Oceania,2024,gdp_per_capita_current_usd,4166
"Micronesia, Federated States of",FM,FSM,Oceania,2023,gdp_per_capita_current_usd,3941
"Micronesia, Federated States of",FM,FSM,Oceania,2022,gdp_per_capita_current_usd,3710
"Micronesia, Federated States of",FM,FSM,Oceania,2021,gdp_per_capita_current_usd,3508
"Micronesia, Federated States of",FM,FSM,Oceania,2020,gdp_per_capita_current_usd,3362
"Micronesia, Federated States of",FM,FSM,Oceania,2019,gdp_per_capita_current_usd,3573
"Micronesia, Federated States of",FM,FSM,Oceania,2018,gdp_per_capita_current_usd,3567
"Micronesia, Federated States of",FM,FSM,Oceania,2017,gdp_per_capita_current_usd,3279
"Micronesia, Federated States of",FM,FSM,Oceania,2016,gdp_per_capita_current_usd,2980
"Micronesia, Federated States of",FM,FSM,Oceania,2015,gdp_per_capita_current_usd,2911
"Micronesia, Federated States of",FM,FSM,Oceania,2014,gdp_per_capita_current_usd,2945
"Micronesia, Federated States of",FM,FSM,Oceania,2013,gdp_per_capita_current_usd,2934
"Micronesia, Federated States of",FM,FSM,Oceania,2012,gdp_per_capita_current_usd,3033
"Micronesia, Federated States of",FM,FSM,Oceania,2011,gdp_per_capita_current_usd,2891
"Micronesia, Federated States of",FM,FSM,Oceania,2010,gdp_per_capita_current_usd,2761
"Micronesia, Federated States of",FM,FSM,Oceania,2009,gdp_per_capita_current_usd,2596
"Micronesia, Federated States of",FM,FSM,Oceania,2008,gdp_per_capita_current_usd,2416
"Micronesia, Federated States of",FM,FSM,Oceania,2007,gdp_per_capita_current_usd,2337
"Micronesia, Federated States of",FM,FSM,Oceania,2006,gdp_per_capita_current_usd,2290
"Micronesia, Federated States of",FM,FSM,Oceania,2005,gdp_per_capita_current_usd,2246
"Micronesia, Federated States of",FM,FSM,Oceania,2004,gdp_per_capita_current_usd,2146
"Micronesia, Federated States of",FM,FSM,Oceania,2003,gdp_per_capita_current_usd,2186
"Micronesia, Federated States of",FM,FSM,Oceania,2002,gdp_per_capita_current_usd,2157
"Micronesia, Federated States of",FM,FSM,Oceania,2001,gdp_per_capita_current_usd,2145
"Micronesia, Federated States of",FM,FSM,Oceania,2000,gdp_per_capita_current_usd,2082
"Micronesia, Federated States of",FM,FSM,Oceania,2024,population_total,113160
"Micronesia, Federated States of",FM,FSM,Oceania,2023,population_total,112630
"Micronesia, Federated States of",FM,FSM,Oceania,2022,population_total,112114
"Micronesia, Federated States of",FM,FSM,Oceania,2021,population_total,111624
"Micronesia, Federated States of",FM,FSM,Oceania,2020,population_total,110916
"Micronesia, Federated States of",FM,FSM,Oceania,2019,population_total,110282
"Micronesia, Federated States of",FM,FSM,Oceania,2018,population_total,109909
"Micronesia, Federated States of",FM,FSM,Oceania,2017,population_total,109481
"Micronesia, Federated States of",FM,FSM,Oceania,2016,population_total,109075
"Micronesia, Federated States of",FM,FSM,Oceania,2015,population_total,108716
"Micronesia, Federated States of",FM,FSM,Oceania,2014,population_total,108396
"Micronesia, Federated States of",FM,FSM,Oceania,2013,population_total,108121
"Micronesia, Federated States of",FM,FSM,Oceania,2012,population_total,107890
"Micronesia, Federated States of",FM,FSM,Oceania,2011,population_total,107698
"Micronesia, Federated States of",FM,FSM,Oceania,2010,population_total,107540
"Micronesia, Federated States of",FM,FSM,Oceania,2009,population_total,107957
"Micronesia, Federated States of",FM,FSM,Oceania,2008,population_total,108936
"Micronesia, Federated States of",FM,FSM,Oceania,2007,population_total,109880
"Micronesia, Federated States of",FM,FSM,Oceania,2006,population_total,110729
"Micronesia, Federated States of",FM,FSM,Oceania,2005,population_total,111412
"Micronesia, Federated States of",FM,FSM,Oceania,2004,population_total,111925
"Micronesia, Federated States of",FM,FSM,Oceania,2003,population_total,112285
"Micronesia, Federated States of",FM,FSM,Oceania,2002,population_total,112448
"Micronesia, Federated States of",FM,FSM,Oceania,2001,population_total,112365
"Micronesia, Federated States of",FM,FSM,Oceania,2000,population_total,112044
Gabon,GA,GAB,Africa,2024,gdp_current_usd,20867044936
Gabon,GA,GAB,Africa,2023,gdp_current_usd,20055720403
Gabon,GA,GAB,Africa,2022,gdp_current_usd,20440655695
Gabon,GA,GAB,Africa,2021,gdp_current_usd,19444935097
Gabon,GA,GAB,Africa,2020,gdp_current_usd,15342236164
Gabon,GA,GAB,Africa,2019,gdp_current_usd,16874405465
Gabon,GA,GAB,Africa,2018,gdp_current_usd,16867326402
Gabon,GA,GAB,Africa,2017,gdp_current_usd,14929487485
Gabon,GA,GAB,Africa,2016,gdp_current_usd,14023890265
Gabon,GA,GAB,Africa,2015,gdp_current_usd,14383107763
Gabon,GA,GAB,Africa,2014,gdp_current_usd,18203966896
Gabon,GA,GAB,Africa,2013,gdp_current_usd,17595744798
Gabon,GA,GAB,Africa,2012,gdp_current_usd,17170464016
Gabon,GA,GAB,Africa,2011,gdp_current_usd,18210307744
Gabon,GA,GAB,Africa,2010,gdp_current_usd,14372593020
Gabon,GA,GAB,Africa,2009,gdp_current_usd,12113699068
Gabon,GA,GAB,Africa,2008,gdp_current_usd,15571348344
Gabon,GA,GAB,Africa,2007,gdp_current_usd,12455409587
Gabon,GA,GAB,Africa,2006,gdp_current_usd,10327598306
Gabon,GA,GAB,Africa,2005,gdp_current_usd,9582783991
Gabon,GA,GAB,Africa,2004,gdp_current_usd,7770219008
Gabon,GA,GAB,Africa,2003,gdp_current_usd,6511903365
Gabon,GA,GAB,Africa,2002,gdp_current_usd,5335451100
Gabon,GA,GAB,Africa,2001,gdp_current_usd,5023265413
Gabon,GA,GAB,Africa,2000,gdp_current_usd,5080483629
Gabon,GA,GAB,Africa,2024,gdp_per_capita_current_usd,8219
Gabon,GA,GAB,Africa,2023,gdp_per_capita_current_usd,8071
Gabon,GA,GAB,Africa,2022,gdp_per_capita_current_usd,8409
Gabon,GA,GAB,Africa,2021,gdp_per_capita_current_usd,8181
Gabon,GA,GAB,Africa,2020,gdp_per_capita_current_usd,6606
Gabon,GA,GAB,Africa,2019,gdp_per_capita_current_usd,7441
Gabon,GA,GAB,Africa,2018,gdp_per_capita_current_usd,7624
Gabon,GA,GAB,Africa,2017,gdp_per_capita_current_usd,6922
Gabon,GA,GAB,Africa,2016,gdp_per_capita_current_usd,6677
Gabon,GA,GAB,Africa,2015,gdp_per_capita_current_usd,7047
Gabon,GA,GAB,Africa,2014,gdp_per_capita_current_usd,9201
Gabon,GA,GAB,Africa,2013,gdp_per_capita_current_usd,9198
Gabon,GA,GAB,Africa,2012,gdp_per_capita_current_usd,9297
Gabon,GA,GAB,Africa,2011,gdp_per_capita_current_usd,10219
Gabon,GA,GAB,Africa,2010,gdp_per_capita_current_usd,8357
Gabon,GA,GAB,Africa,2009,gdp_per_capita_current_usd,7291
Gabon,GA,GAB,Africa,2008,gdp_per_capita_current_usd,9689
Gabon,GA,GAB,Africa,2007,gdp_per_capita_current_usd,8004
Gabon,GA,GAB,Africa,2006,gdp_per_capita_current_usd,6847
Gabon,GA,GAB,Africa,2005,gdp_per_capita_current_usd,6548
Gabon,GA,GAB,Africa,2004,gdp_per_capita_current_usd,5466
Gabon,GA,GAB,Africa,2003,gdp_per_capita_current_usd,4711
Gabon,GA,GAB,Africa,2002,gdp_per_capita_current_usd,3966
Gabon,GA,GAB,Africa,2001,gdp_per_capita_current_usd,3836
Gabon,GA,GAB,Africa,2000,gdp_per_capita_current_usd,3983
Gabon,GA,GAB,Africa,2024,population_total,2538952
Gabon,GA,GAB,Africa,2023,population_total,2484789
Gabon,GA,GAB,Africa,2022,population_total,2430747
Gabon,GA,GAB,Africa,2021,population_total,2376722
Gabon,GA,GAB,Africa,2020,population_total,2322539
Gabon,GA,GAB,Africa,2019,population_total,2267706
Gabon,GA,GAB,Africa,2018,population_total,2212318
Gabon,GA,GAB,Africa,2017,population_total,2156900
Gabon,GA,GAB,Africa,2016,population_total,2100306
Gabon,GA,GAB,Africa,2015,population_total,2040989
Gabon,GA,GAB,Africa,2014,population_total,1978399
Gabon,GA,GAB,Africa,2013,population_total,1913059
Gabon,GA,GAB,Africa,2012,population_total,1846889
Gabon,GA,GAB,Africa,2011,population_total,1781985
Gabon,GA,GAB,Africa,2010,population_total,1719879
Gabon,GA,GAB,Africa,2009,population_total,1661556
Gabon,GA,GAB,Africa,2008,population_total,1607175
Gabon,GA,GAB,Africa,2007,population_total,1556237
Gabon,GA,GAB,Africa,2006,population_total,1508337
Gabon,GA,GAB,Africa,2005,population_total,1463495
Gabon,GA,GAB,Africa,2004,population_total,1421609
Gabon,GA,GAB,Africa,2003,population_total,1382350
Gabon,GA,GAB,Africa,2002,population_total,1345135
Gabon,GA,GAB,Africa,2001,population_total,1309589
Gabon,GA,GAB,Africa,2000,population_total,1275572
United Kingdom,GB,GBR,Europe,2024,gdp_current_usd,3643834188783
United Kingdom,GB,GBR,Europe,2023,gdp_current_usd,3369861888973
United Kingdom,GB,GBR,Europe,2022,gdp_current_usd,3114042471144
United Kingdom,GB,GBR,Europe,2021,gdp_current_usd,3143323050707
United Kingdom,GB,GBR,Europe,2020,gdp_current_usd,2696778386608
United Kingdom,GB,GBR,Europe,2019,gdp_current_usd,2851407164908
United Kingdom,GB,GBR,Europe,2018,gdp_current_usd,2871340347582
United Kingdom,GB,GBR,Europe,2017,gdp_current_usd,2680148052335
United Kingdom,GB,GBR,Europe,2016,gdp_current_usd,2689106566900
United Kingdom,GB,GBR,Europe,2015,gdp_current_usd,2927911140917
United Kingdom,GB,GBR,Europe,2014,gdp_current_usd,3064708247921
United Kingdom,GB,GBR,Europe,2013,gdp_current_usd,2784853502534
United Kingdom,GB,GBR,Europe,2012,gdp_current_usd,2707089726615
United Kingdom,GB,GBR,Europe,2011,gdp_current_usd,2663805834828
United Kingdom,GB,GBR,Europe,2010,gdp_current_usd,2485482596185
United Kingdom,GB,GBR,Europe,2009,gdp_current_usd,2412840006232
United Kingdom,GB,GBR,Europe,2008,gdp_current_usd,2929411764706
United Kingdom,GB,GBR,Europe,2007,gdp_current_usd,3090510204082
United Kingdom,GB,GBR,Europe,2006,gdp_current_usd,2708441582337
United Kingdom,GB,GBR,Europe,2005,gdp_current_usd,2543180000000
United Kingdom,GB,GBR,Europe,2004,gdp_current_usd,2421525082387
United Kingdom,GB,GBR,Europe,2003,gdp_current_usd,2054422857143
United Kingdom,GB,GBR,Europe,2002,gdp_current_usd,1785729916067
United Kingdom,GB,GBR,Europe,2001,gdp_current_usd,1649827263567
United Kingdom,GB,GBR,Europe,2000,gdp_current_usd,1665534876683
United Kingdom,GB,GBR,Europe,2024,gdp_per_capita_current_usd,52637
United Kingdom,GB,GBR,Europe,2023,gdp_per_capita_current_usd,49201
United Kingdom,GB,GBR,Europe,2022,gdp_per_capita_current_usd,46063
United Kingdom,GB,GBR,Europe,2021,gdp_per_capita_current_usd,46926
United Kingdom,GB,GBR,Europe,2020,gdp_per_capita_current_usd,40405
United Kingdom,GB,GBR,Europe,2019,gdp_per_capita_current_usd,42794
United Kingdom,GB,GBR,Europe,2018,gdp_per_capita_current_usd,43315
United Kingdom,GB,GBR,Europe,2017,gdp_per_capita_current_usd,40629
United Kingdom,GB,GBR,Europe,2016,gdp_per_capita_current_usd,40988
United Kingdom,GB,GBR,Europe,2015,gdp_per_capita_current_usd,44984
United Kingdom,GB,GBR,Europe,2014,gdp_per_capita_current_usd,47427
United Kingdom,GB,GBR,Europe,2013,gdp_per_capita_current_usd,43419
United Kingdom,GB,GBR,Europe,2012,gdp_per_capita_current_usd,42490
United Kingdom,GB,GBR,Europe,2011,gdp_per_capita_current_usd,42110
United Kingdom,GB,GBR,Europe,2010,gdp_per_capita_current_usd,39599
United Kingdom,GB,GBR,Europe,2009,gdp_per_capita_current_usd,38744
United Kingdom,GB,GBR,Europe,2008,gdp_per_capita_current_usd,47396
United Kingdom,GB,GBR,Europe,2007,gdp_per_capita_current_usd,50398
United Kingdom,GB,GBR,Europe,2006,gdp_per_capita_current_usd,44512
United Kingdom,GB,GBR,Europe,2005,gdp_per_capita_current_usd,42105
United Kingdom,GB,GBR,Europe,2004,gdp_per_capita_current_usd,40367
United Kingdom,GB,GBR,Europe,2003,gdp_per_capita_current_usd,34443
United Kingdom,GB,GBR,Europe,2002,gdp_per_capita_current_usd,30078
United Kingdom,GB,GBR,Europe,2001,gdp_per_capita_current_usd,27907
United Kingdom,GB,GBR,Europe,2000,gdp_per_capita_current_usd,28281
United Kingdom,GB,GBR,Europe,2024,population_total,69226000
United Kingdom,GB,GBR,Europe,2023,population_total,68492000
United Kingdom,GB,GBR,Europe,2022,population_total,67604000
United Kingdom,GB,GBR,Europe,2021,population_total,66984000
United Kingdom,GB,GBR,Europe,2020,population_total,66744000
United Kingdom,GB,GBR,Europe,2019,population_total,66631000
United Kingdom,GB,GBR,Europe,2018,population_total,66289000
United Kingdom,GB,GBR,Europe,2017,population_total,65966000
United Kingdom,GB,GBR,Europe,2016,population_total,65607000
United Kingdom,GB,GBR,Europe,2015,population_total,65088000
United Kingdom,GB,GBR,Europe,2014,population_total,64620000
United Kingdom,GB,GBR,Europe,2013,population_total,64139000
United Kingdom,GB,GBR,Europe,2012,population_total,63711000
United Kingdom,GB,GBR,Europe,2011,population_total,63258810
United Kingdom,GB,GBR,Europe,2010,population_total,62766365
United Kingdom,GB,GBR,Europe,2009,population_total,62276270
United Kingdom,GB,GBR,Europe,2008,population_total,61806995
United Kingdom,GB,GBR,Europe,2007,population_total,61322463
United Kingdom,GB,GBR,Europe,2006,population_total,60846820
United Kingdom,GB,GBR,Europe,2005,population_total,60401206
United Kingdom,GB,GBR,Europe,2004,population_total,59987905
United Kingdom,GB,GBR,Europe,2003,population_total,59647577
United Kingdom,GB,GBR,Europe,2002,population_total,59370479
United Kingdom,GB,GBR,Europe,2001,population_total,59119673
United Kingdom,GB,GBR,Europe,2000,population_total,58892514
Georgia,GE,GEO,Asia,2024,gdp_current_usd,33776141251
Georgia,GE,GEO,Asia,2023,gdp_current_usd,30777833601
Georgia,GE,GEO,Asia,2022,gdp_current_usd,24984568960
Georgia,GE,GEO,Asia,2021,gdp_current_usd,18853115589
Georgia,GE,GEO,Asia,2020,gdp_current_usd,16010869216
Georgia,GE,GEO,Asia,2019,gdp_current_usd,17638337117
Georgia,GE,GEO,Asia,2018,gdp_current_usd,17902544881
Georgia,GE,GEO,Asia,2017,gdp_current_usd,16473125375
Georgia,GE,GEO,Asia,2016,gdp_current_usd,15444548902
Georgia,GE,GEO,Asia,2015,gdp_current_usd,15223796149
Georgia,GE,GEO,Asia,2014,gdp_current_usd,17966015109
Georgia,GE,GEO,Asia,2013,gdp_current_usd,17517660144
Georgia,GE,GEO,Asia,2012,gdp_current_usd,16894392033
Georgia,GE,GEO,Asia,2011,gdp_current_usd,15475290469
Georgia,GE,GEO,Asia,2010,gdp_current_usd,12426907967
Georgia,GE,GEO,Asia,2009,gdp_current_usd,10766920066
Georgia,GE,GEO,Asia,2008,gdp_current_usd,12795145131
Georgia,GE,GEO,Asia,2007,gdp_current_usd,10172931089
Georgia,GE,GEO,Asia,2006,gdp_current_usd,7745250734
Georgia,GE,GEO,Asia,2005,gdp_current_usd,6410912050
Georgia,GE,GEO,Asia,2004,gdp_current_usd,5125365192
Georgia,GE,GEO,Asia,2003,gdp_current_usd,3991377904
Georgia,GE,GEO,Asia,2002,gdp_current_usd,3395766678
Georgia,GE,GEO,Asia,2001,gdp_current_usd,3219462262
Georgia,GE,GEO,Asia,2000,gdp_current_usd,3057475335
Georgia,GE,GEO,Asia,2024,gdp_per_capita_current_usd,9194
Georgia,GE,GEO,Asia,2023,gdp_per_capita_current_usd,8284
Georgia,GE,GEO,Asia,2022,gdp_per_capita_current_usd,6730
Georgia,GE,GEO,Asia,2021,gdp_per_capita_current_usd,5084
Georgia,GE,GEO,Asia,2020,gdp_per_capita_current_usd,4301
Georgia,GE,GEO,Asia,2019,gdp_per_capita_current_usd,4741
Georgia,GE,GEO,Asia,2018,gdp_per_capita_current_usd,4804
Georgia,GE,GEO,Asia,2017,gdp_per_capita_current_usd,4419
Georgia,GE,GEO,Asia,2016,gdp_per_capita_current_usd,4143
Georgia,GE,GEO,Asia,2015,gdp_per_capita_current_usd,4087
Georgia,GE,GEO,Asia,2014,gdp_per_capita_current_usd,4830
Georgia,GE,GEO,Asia,2013,gdp_per_capita_current_usd,4712
Georgia,GE,GEO,Asia,2012,gdp_per_capita_current_usd,4531
Georgia,GE,GEO,Asia,2011,gdp_per_capita_current_usd,4120
Georgia,GE,GEO,Asia,2010,gdp_per_capita_current_usd,3282
Georgia,GE,GEO,Asia,2009,gdp_per_capita_current_usd,2823
Georgia,GE,GEO,Asia,2008,gdp_per_capita_current_usd,3325
Georgia,GE,GEO,Asia,2007,gdp_per_capita_current_usd,2635
Georgia,GE,GEO,Asia,2006,gdp_per_capita_current_usd,1996
Georgia,GE,GEO,Asia,2005,gdp_per_capita_current_usd,1643
Georgia,GE,GEO,Asia,2004,gdp_per_capita_current_usd,1305
Georgia,GE,GEO,Asia,2003,gdp_per_capita_current_usd,1010
Georgia,GE,GEO,Asia,2002,gdp_per_capita_current_usd,854
Georgia,GE,GEO,Asia,2001,gdp_per_capita_current_usd,802
Georgia,GE,GEO,Asia,2000,gdp_per_capita_current_usd,750
Georgia,GE,GEO,Asia,2024,population_total,3673850
Georgia,GE,GEO,Asia,2023,population_total,3715483
Georgia,GE,GEO,Asia,2022,population_total,3712502
Georgia,GE,GEO,Asia,2021,population_total,3708610
Georgia,GE,GEO,Asia,2020,population_total,3722716
Georgia,GE,GEO,Asia,2019,population_total,3720161
Georgia,GE,GEO,Asia,2018,population_total,3726549
Georgia,GE,GEO,Asia,2017,population_total,3728004
Georgia,GE,GEO,Asia,2016,population_total,3727505
Georgia,GE,GEO,Asia,2015,population_total,3725276
Georgia,GE,GEO,Asia,2014,population_total,3719414
Georgia,GE,GEO,Asia,2013,population_total,3717668
Georgia,GE,GEO,Asia,2012,population_total,3728874
Georgia,GE,GEO,Asia,2011,population_total,3756441
Georgia,GE,GEO,Asia,2010,population_total,3786695
Georgia,GE,GEO,Asia,2009,population_total,3814419
Georgia,GE,GEO,Asia,2008,population_total,3848449
Georgia,GE,GEO,Asia,2007,population_total,3860158
Georgia,GE,GEO,Asia,2006,population_total,3880347
Georgia,GE,GEO,Asia,2005,population_total,3902469
Georgia,GE,GEO,Asia,2004,population_total,3927340
Georgia,GE,GEO,Asia,2003,population_total,3951736
Georgia,GE,GEO,Asia,2002,population_total,3978515
Georgia,GE,GEO,Asia,2001,population_total,4014373
Georgia,GE,GEO,Asia,2000,population_total,4077131
Ghana,GH,GHA,Africa,2024,gdp_current_usd,82825288889
Ghana,GH,GHA,Africa,2023,gdp_current_usd,80547146878
Ghana,GH,GHA,Africa,2022,gdp_current_usd,73919003210
Ghana,GH,GHA,Africa,2021,gdp_current_usd,79514204730
Ghana,GH,GHA,Africa,2020,gdp_current_usd,70008243860
Ghana,GH,GHA,Africa,2019,gdp_current_usd,68352629246
Ghana,GH,GHA,Africa,2018,gdp_current_usd,67259353966
Ghana,GH,GHA,Africa,2017,gdp_current_usd,60385409435
Ghana,GH,GHA,Africa,2016,gdp_current_usd,56144179398
Ghana,GH,GHA,Africa,2015,gdp_current_usd,49436806230
Ghana,GH,GHA,Africa,2014,gdp_current_usd,54678533806
Ghana,GH,GHA,Africa,2013,gdp_current_usd,62845721960
Ghana,GH,GHA,Africa,2012,gdp_current_usd,41271701061
Ghana,GH,GHA,Africa,2011,gdp_current_usd,39336668081
Ghana,GH,GHA,Africa,2010,gdp_current_usd,32197655567
Ghana,GH,GHA,Africa,2009,gdp_current_usd,26048720006
Ghana,GH,GHA,Africa,2008,gdp_current_usd,28679383241
Ghana,GH,GHA,Africa,2007,gdp_current_usd,24827339138
Ghana,GH,GHA,Africa,2006,gdp_current_usd,20885037597
Ghana,GH,GHA,Africa,2005,gdp_current_usd,10744568381
Ghana,GH,GHA,Africa,2004,gdp_current_usd,8881417907
Ghana,GH,GHA,Africa,2003,gdp_current_usd,7632723556
Ghana,GH,GHA,Africa,2002,gdp_current_usd,6166197848
Ghana,GH,GHA,Africa,2001,gdp_current_usd,5314872854
Ghana,GH,GHA,Africa,2000,gdp_current_usd,4982850662
Ghana,GH,GHA,Africa,2024,gdp_per_capita_current_usd,2406
Ghana,GH,GHA,Africa,2023,gdp_per_capita_current_usd,2384
Ghana,GH,GHA,Africa,2022,gdp_per_capita_current_usd,2230
Ghana,GH,GHA,Africa,2021,gdp_per_capita_current_usd,2445
Ghana,GH,GHA,Africa,2020,gdp_per_capita_current_usd,2195
Ghana,GH,GHA,Africa,2019,gdp_per_capita_current_usd,2187
Ghana,GH,GHA,Africa,2018,gdp_per_capita_current_usd,2195
Ghana,GH,GHA,Africa,2017,gdp_per_capita_current_usd,2012
Ghana,GH,GHA,Africa,2016,gdp_per_capita_current_usd,1912
Ghana,GH,GHA,Africa,2015,gdp_per_capita_current_usd,1723
Ghana,GH,GHA,Africa,2014,gdp_per_capita_current_usd,1950
Ghana,GH,GHA,Africa,2013,gdp_per_capita_current_usd,2295
Ghana,GH,GHA,Africa,2012,gdp_per_capita_current_usd,1544
Ghana,GH,GHA,Africa,2011,gdp_per_capita_current_usd,1507
Ghana,GH,GHA,Africa,2010,gdp_per_capita_current_usd,1264
Ghana,GH,GHA,Africa,2009,gdp_per_capita_current_usd,1048
Ghana,GH,GHA,Africa,2008,gdp_per_capita_current_usd,1183
Ghana,GH,GHA,Africa,2007,gdp_per_capita_current_usd,1050
Ghana,GH,GHA,Africa,2006,gdp_per_capita_current_usd,906
Ghana,GH,GHA,Africa,2005,gdp_per_capita_current_usd,479
Ghana,GH,GHA,Africa,2004,gdp_per_capita_current_usd,406
Ghana,GH,GHA,Africa,2003,gdp_per_capita_current_usd,358
Ghana,GH,GHA,Africa,2002,gdp_per_capita_current_usd,297
Ghana,GH,GHA,Africa,2001,gdp_per_capita_current_usd,264
Ghana,GH,GHA,Africa,2000,gdp_per_capita_current_usd,254
Ghana,GH,GHA,Africa,2024,population_total,34427414
Ghana,GH,GHA,Africa,2023,population_total,33787914
Ghana,GH,GHA,Africa,2022,population_total,33149152
Ghana,GH,GHA,Africa,2021,population_total,32518665
Ghana,GH,GHA,Africa,2020,population_total,31887809
Ghana,GH,GHA,Africa,2019,population_total,31258945
Ghana,GH,GHA,Africa,2018,population_total,30637585
Ghana,GH,GHA,Africa,2017,population_total,30008354
Ghana,GH,GHA,Africa,2016,population_total,29356742
Ghana,GH,GHA,Africa,2015,population_total,28696068
Ghana,GH,GHA,Africa,2014,population_total,28041592
Ghana,GH,GHA,Africa,2013,population_total,27386193
Ghana,GH,GHA,Africa,2012,population_total,26734268
Ghana,GH,GHA,Africa,2011,population_total,26095088
Ghana,GH,GHA,Africa,2010,population_total,25474995
Ghana,GH,GHA,Africa,2009,population_total,24862664
Ghana,GH,GHA,Africa,2008,population_total,24249946
Ghana,GH,GHA,Africa,2007,population_total,23642279
Ghana,GH,GHA,Africa,2006,population_total,23040702
Ghana,GH,GHA,Africa,2005,population_total,22449438
Ghana,GH,GHA,Africa,2004,population_total,21868298
Ghana,GH,GHA,Africa,2003,population_total,21296705
Ghana,GH,GHA,Africa,2002,population_total,20729388
Ghana,GH,GHA,Africa,2001,population_total,20167069
Ghana,GH,GHA,Africa,2000,population_total,19637087
Gibraltar,GI,GIB,Europe,2024,population_total,39329
Gibraltar,GI,GIB,Europe,2023,population_total,38471
Gibraltar,GI,GIB,Europe,2022,population_total,37609
Gibraltar,GI,GIB,Europe,2021,population_total,36858
Gibraltar,GI,GIB,Europe,2020,population_total,36173
Gibraltar,GI,GIB,Europe,2019,population_total,35494
Gibraltar,GI,GIB,Europe,2018,population_total,34854
Gibraltar,GI,GIB,Europe,2017,population_total,34245
Gibraltar,GI,GIB,Europe,2016,population_total,33658
Gibraltar,GI,GIB,Europe,2015,population_total,33193
Gibraltar,GI,GIB,Europe,2014,population_total,32813
Gibraltar,GI,GIB,Europe,2013,population_total,32407
Gibraltar,GI,GIB,Europe,2012,population_total,32029
Gibraltar,GI,GIB,Europe,2011,population_total,31660
Gibraltar,GI,GIB,Europe,2010,population_total,31248
Gibraltar,GI,GIB,Europe,2009,population_total,30823
Gibraltar,GI,GIB,Europe,2008,population_total,30413
Gibraltar,GI,GIB,Europe,2007,population_total,30006
Gibraltar,GI,GIB,Europe,2006,population_total,29594
Gibraltar,GI,GIB,Europe,2005,population_total,29163
Gibraltar,GI,GIB,Europe,2004,population_total,28715
Gibraltar,GI,GIB,Europe,2003,population_total,28274
Gibraltar,GI,GIB,Europe,2002,population_total,27831
Gibraltar,GI,GIB,Europe,2001,population_total,27657
Gibraltar,GI,GIB,Europe,2000,population_total,27709
Guinea,GN,GIN,Africa,2024,gdp_current_usd,25334307879
Guinea,GN,GIN,Africa,2023,gdp_current_usd,22407615556
Guinea,GN,GIN,Africa,2022,gdp_current_usd,19910452542
Guinea,GN,GIN,Africa,2021,gdp_current_usd,17069115738
Guinea,GN,GIN,Africa,2020,gdp_current_usd,14088693743
Guinea,GN,GIN,Africa,2019,gdp_current_usd,13442861496
Guinea,GN,GIN,Africa,2018,gdp_current_usd,11857030367
Guinea,GN,GIN,Africa,2017,gdp_current_usd,10324668271
Guinea,GN,GIN,Africa,2016,gdp_current_usd,8595955222
Guinea,GN,GIN,Africa,2015,gdp_current_usd,8794201743
Guinea,GN,GIN,Africa,2014,gdp_current_usd,8778473373
Guinea,GN,GIN,Africa,2013,gdp_current_usd,8376613539
Guinea,GN,GIN,Africa,2012,gdp_current_usd,7638044557
Guinea,GN,GIN,Africa,2011,gdp_current_usd,6785137203
Guinea,GN,GIN,Africa,2010,gdp_current_usd,6853467146
Guinea,GN,GIN,Africa,2009,gdp_current_usd,6716905340
Guinea,GN,GIN,Africa,2008,gdp_current_usd,6964179983
Guinea,GN,GIN,Africa,2007,gdp_current_usd,6281918226
Guinea,GN,GIN,Africa,2006,gdp_current_usd,4220019845
Guinea,GN,GIN,Africa,2005,gdp_current_usd,4282468637
Guinea,GN,GIN,Africa,2004,gdp_current_usd,5300767961
Guinea,GN,GIN,Africa,2003,gdp_current_usd,5025167975
Guinea,GN,GIN,Africa,2002,gdp_current_usd,4301608753
Guinea,GN,GIN,Africa,2001,gdp_current_usd,4125527603
Guinea,GN,GIN,Africa,2000,gdp_current_usd,4367458867
Guinea,GN,GIN,Africa,2024,gdp_per_capita_current_usd,1717
Guinea,GN,GIN,Africa,2023,gdp_per_capita_current_usd,1555
Guinea,GN,GIN,Africa,2022,gdp_per_capita_current_usd,1417
Guinea,GN,GIN,Africa,2021,gdp_per_capita_current_usd,1245
Guinea,GN,GIN,Africa,2020,gdp_per_capita_current_usd,1054
Guinea,GN,GIN,Africa,2019,gdp_per_capita_current_usd,1031
Guinea,GN,GIN,Africa,2018,gdp_per_capita_current_usd,933
Guinea,GN,GIN,Africa,2017,gdp_per_capita_current_usd,834
Guinea,GN,GIN,Africa,2016,gdp_per_capita_current_usd,712
Guinea,GN,GIN,Africa,2015,gdp_per_capita_current_usd,747
Guinea,GN,GIN,Africa,2014,gdp_per_capita_current_usd,765
Guinea,GN,GIN,Africa,2013,gdp_per_capita_current_usd,748
Guinea,GN,GIN,Africa,2012,gdp_per_capita_current_usd,699
Guinea,GN,GIN,Africa,2011,gdp_per_capita_current_usd,637
Guinea,GN,GIN,Africa,2010,gdp_per_capita_current_usd,659
Guinea,GN,GIN,Africa,2009,gdp_per_capita_current_usd,662
Guinea,GN,GIN,Africa,2008,gdp_per_capita_current_usd,704
Guinea,GN,GIN,Africa,2007,gdp_per_capita_current_usd,650
Guinea,GN,GIN,Africa,2006,gdp_per_capita_current_usd,447
Guinea,GN,GIN,Africa,2005,gdp_per_capita_current_usd,463
Guinea,GN,GIN,Africa,2004,gdp_per_capita_current_usd,585
Guinea,GN,GIN,Africa,2003,gdp_per_capita_current_usd,566
Guinea,GN,GIN,Africa,2002,gdp_per_capita_current_usd,496
Guinea,GN,GIN,Africa,2001,gdp_per_capita_current_usd,483
Guinea,GN,GIN,Africa,2000,gdp_per_capita_current_usd,518
Guinea,GN,GIN,Africa,2024,population_total,14754785
Guinea,GN,GIN,Africa,2023,population_total,14405468
Guinea,GN,GIN,Africa,2022,population_total,14055137
Guinea,GN,GIN,Africa,2021,population_total,13710513
Guinea,GN,GIN,Africa,2020,population_total,13371183
Guinea,GN,GIN,Africa,2019,population_total,13034346
Guinea,GN,GIN,Africa,2018,population_total,12704774
Guinea,GN,GIN,Africa,2017,population_total,12385659
Guinea,GN,GIN,Africa,2016,population_total,12073030
Guinea,GN,GIN,Africa,2015,population_total,11767070
Guinea,GN,GIN,Africa,2014,population_total,11472924
Guinea,GN,GIN,Africa,2013,population_total,11191873
Guinea,GN,GIN,Africa,2012,population_total,10921581
Guinea,GN,GIN,Africa,2011,population_total,10656810
Guinea,GN,GIN,Africa,2010,population_total,10396086
Guinea,GN,GIN,Africa,2009,population_total,10143534
Guinea,GN,GIN,Africa,2008,population_total,9898870
Guinea,GN,GIN,Africa,2007,population_total,9662281
Guinea,GN,GIN,Africa,2006,population_total,9441171
Guinea,GN,GIN,Africa,2005,population_total,9245844
Guinea,GN,GIN,Africa,2004,population_total,9062726
Guinea,GN,GIN,Africa,2003,population_total,8870781
Guinea,GN,GIN,Africa,2002,population_total,8674066
Guinea,GN,GIN,Africa,2001,population_total,8539960
Guinea,GN,GIN,Africa,2000,population_total,8428832
Gambia,GM,GMB,Africa,2024,gdp_current_usd,2507519958
Gambia,GM,GMB,Africa,2023,gdp_current_usd,2396111021
Gambia,GM,GMB,Africa,2022,gdp_current_usd,2204734527
Gambia,GM,GMB,Africa,2021,gdp_current_usd,2014158842
Gambia,GM,GMB,Africa,2020,gdp_current_usd,1812170891
Gambia,GM,GMB,Africa,2019,gdp_current_usd,1813609692
Gambia,GM,GMB,Africa,2018,gdp_current_usd,1670671328
Gambia,GM,GMB,Africa,2017,gdp_current_usd,1504909463
Gambia,GM,GMB,Africa,2016,gdp_current_usd,1484578886
Gambia,GM,GMB,Africa,2015,gdp_current_usd,1378176609
Gambia,GM,GMB,Africa,2014,gdp_current_usd,1229461721
Gambia,GM,GMB,Africa,2013,gdp_current_usd,1375609453
Gambia,GM,GMB,Africa,2012,gdp_current_usd,1415004738
Gambia,GM,GMB,Africa,2011,gdp_current_usd,1409693597
Gambia,GM,GMB,Africa,2010,gdp_current_usd,1543294927
Gambia,GM,GMB,Africa,2009,gdp_current_usd,1450142509
Gambia,GM,GMB,Africa,2008,gdp_current_usd,1561766956
Gambia,GM,GMB,Africa,2007,gdp_current_usd,1279703047
Gambia,GM,GMB,Africa,2006,gdp_current_usd,1054112488
Gambia,GM,GMB,Africa,2005,gdp_current_usd,1027701068
Gambia,GM,GMB,Africa,2004,gdp_current_usd,961900651
Gambia,GM,GMB,Africa,2003,gdp_current_usd,487038685
Gambia,GM,GMB,Africa,2002,gdp_current_usd,578235309
Gambia,GM,GMB,Africa,2001,gdp_current_usd,687410645
Gambia,GM,GMB,Africa,2000,gdp_current_usd,782913872
Gambia,GM,GMB,Africa,2024,gdp_per_capita_current_usd,909
Gambia,GM,GMB,Africa,2023,gdp_per_capita_current_usd,888
Gambia,GM,GMB,Africa,2022,gdp_per_capita_current_usd,836
Gambia,GM,GMB,Africa,2021,gdp_per_capita_current_usd,782
Gambia,GM,GMB,Africa,2020,gdp_per_capita_current_usd,720
Gambia,GM,GMB,Africa,2019,gdp_per_capita_current_usd,738
Gambia,GM,GMB,Africa,2018,gdp_per_capita_current_usd,696
Gambia,GM,GMB,Africa,2017,gdp_per_capita_current_usd,643
Gambia,GM,GMB,Africa,2016,gdp_per_capita_current_usd,650
Gambia,GM,GMB,Africa,2015,gdp_per_capita_current_usd,620
Gambia,GM,GMB,Africa,2014,gdp_per_capita_current_usd,568
Gambia,GM,GMB,Africa,2013,gdp_per_capita_current_usd,654
Gambia,GM,GMB,Africa,2012,gdp_per_capita_current_usd,693
Gambia,GM,GMB,Africa,2011,gdp_per_capita_current_usd,711
Gambia,GM,GMB,Africa,2010,gdp_per_capita_current_usd,801
Gambia,GM,GMB,Africa,2009,gdp_per_capita_current_usd,775
Gambia,GM,GMB,Africa,2008,gdp_per_capita_current_usd,859
Gambia,GM,GMB,Africa,2007,gdp_per_capita_current_usd,725
Gambia,GM,GMB,Africa,2006,gdp_per_capita_current_usd,615
Gambia,GM,GMB,Africa,2005,gdp_per_capita_current_usd,616
Gambia,GM,GMB,Africa,2004,gdp_per_capita_current_usd,593
Gambia,GM,GMB,Africa,2003,gdp_per_capita_current_usd,309
Gambia,GM,GMB,Africa,2002,gdp_per_capita_current_usd,377
Gambia,GM,GMB,Africa,2001,gdp_per_capita_current_usd,460
Gambia,GM,GMB,Africa,2000,gdp_per_capita_current_usd,538
Gambia,GM,GMB,Africa,2024,population_total,2759988
Gambia,GM,GMB,Africa,2023,population_total,2697845
Gambia,GM,GMB,Africa,2022,population_total,2636470
Gambia,GM,GMB,Africa,2021,population_total,2576010
Gambia,GM,GMB,Africa,2020,population_total,2515733
Gambia,GM,GMB,Africa,2019,population_total,2456844
Gambia,GM,GMB,Africa,2018,population_total,2399632
Gambia,GM,GMB,Africa,2017,population_total,2342189
Gambia,GM,GMB,Africa,2016,population_total,2283769
Gambia,GM,GMB,Africa,2015,population_total,2224529
Gambia,GM,GMB,Africa,2014,population_total,2164528
Gambia,GM,GMB,Africa,2013,population_total,2103820
Gambia,GM,GMB,Africa,2012,population_total,2043094
Gambia,GM,GMB,Africa,2011,population_total,1983784
Gambia,GM,GMB,Africa,2010,population_total,1926630
Gambia,GM,GMB,Africa,2009,population_total,1871422
Gambia,GM,GMB,Africa,2008,population_total,1817852
Gambia,GM,GMB,Africa,2007,population_total,1765774
Gambia,GM,GMB,Africa,2006,population_total,1715275
Gambia,GM,GMB,Africa,2005,population_total,1667037
Gambia,GM,GMB,Africa,2004,population_total,1621312
Gambia,GM,GMB,Africa,2003,population_total,1577611
Gambia,GM,GMB,Africa,2002,population_total,1535691
Gambia,GM,GMB,Africa,2001,population_total,1495011
Gambia,GM,GMB,Africa,2000,population_total,1455084
Guinea-Bissau,GW,GNB,Africa,2024,gdp_current_usd,2119865935
Guinea-Bissau,GW,GNB,Africa,2023,gdp_current_usd,2077816135
Guinea-Bissau,GW,GNB,Africa,2022,gdp_current_usd,1839048748
Guinea-Bissau,GW,GNB,Africa,2021,gdp_current_usd,1878659687
Guinea-Bissau,GW,GNB,Africa,2020,gdp_current_usd,1683619352
Guinea-Bissau,GW,GNB,Africa,2019,gdp_current_usd,1588767976
Guinea-Bissau,GW,GNB,Africa,2018,gdp_current_usd,1554133594
Guinea-Bissau,GW,GNB,Africa,2017,gdp_current_usd,1469978606
Guinea-Bissau,GW,GNB,Africa,2016,gdp_current_usd,1245074264
Guinea-Bissau,GW,GNB,Africa,2015,gdp_current_usd,1152384167
Guinea-Bissau,GW,GNB,Africa,2014,gdp_current_usd,1135250721
Guinea-Bissau,GW,GNB,Africa,2013,gdp_current_usd,1109682824
Guinea-Bissau,GW,GNB,Africa,2012,gdp_current_usd,1049412177
Guinea-Bissau,GW,GNB,Africa,2011,gdp_current_usd,1157074319
Guinea-Bissau,GW,GNB,Africa,2010,gdp_current_usd,940112539
Guinea-Bissau,GW,GNB,Africa,2009,gdp_current_usd,890167833
Guinea-Bissau,GW,GNB,Africa,2008,gdp_current_usd,952667544
Guinea-Bissau,GW,GNB,Africa,2007,gdp_current_usd,753162998
Guinea-Bissau,GW,GNB,Africa,2006,gdp_current_usd,634781901
Guinea-Bissau,GW,GNB,Africa,2005,gdp_current_usd,639776041
Guinea-Bissau,GW,GNB,Africa,2004,gdp_current_usd,582169841
Guinea-Bissau,GW,GNB,Africa,2003,gdp_current_usd,553614800
Guinea-Bissau,GW,GNB,Africa,2002,gdp_current_usd,466773711
Guinea-Bissau,GW,GNB,Africa,2001,gdp_current_usd,412610872
Guinea-Bissau,GW,GNB,Africa,2000,gdp_current_usd,391345597
Guinea-Bissau,GW,GNB,Africa,2024,gdp_per_capita_current_usd,963
Guinea-Bissau,GW,GNB,Africa,2023,gdp_per_capita_current_usd,965
Guinea-Bissau,GW,GNB,Africa,2022,gdp_per_capita_current_usd,873
Guinea-Bissau,GW,GNB,Africa,2021,gdp_per_capita_current_usd,912
Guinea-Bissau,GW,GNB,Africa,2020,gdp_per_capita_current_usd,836
Guinea-Bissau,GW,GNB,Africa,2019,gdp_per_capita_current_usd,807
Guinea-Bissau,GW,GNB,Africa,2018,gdp_per_capita_current_usd,809
Guinea-Bissau,GW,GNB,Africa,2017,gdp_per_capita_current_usd,783
Guinea-Bissau,GW,GNB,Africa,2016,gdp_per_capita_current_usd,680
Guinea-Bissau,GW,GNB,Africa,2015,gdp_per_capita_current_usd,645
Guinea-Bissau,GW,GNB,Africa,2014,gdp_per_capita_current_usd,652
Guinea-Bissau,GW,GNB,Africa,2013,gdp_per_capita_current_usd,654
Guinea-Bissau,GW,GNB,Africa,2012,gdp_per_capita_current_usd,635
Guinea-Bissau,GW,GNB,Africa,2011,gdp_per_capita_current_usd,720
Guinea-Bissau,GW,GNB,Africa,2010,gdp_per_capita_current_usd,600
Guinea-Bissau,GW,GNB,Africa,2009,gdp_per_capita_current_usd,583
Guinea-Bissau,GW,GNB,Africa,2008,gdp_per_capita_current_usd,640
Guinea-Bissau,GW,GNB,Africa,2007,gdp_per_capita_current_usd,519
Guinea-Bissau,GW,GNB,Africa,2006,gdp_per_capita_current_usd,449
Guinea-Bissau,GW,GNB,Africa,2005,gdp_per_capita_current_usd,463
Guinea-Bissau,GW,GNB,Africa,2004,gdp_per_capita_current_usd,431
Guinea-Bissau,GW,GNB,Africa,2003,gdp_per_capita_current_usd,420
Guinea-Bissau,GW,GNB,Africa,2002,gdp_per_capita_current_usd,362
Guinea-Bissau,GW,GNB,Africa,2001,gdp_per_capita_current_usd,327
Guinea-Bissau,GW,GNB,Africa,2000,gdp_per_capita_current_usd,317
Guinea-Bissau,GW,GNB,Africa,2024,population_total,2201352
Guinea-Bissau,GW,GNB,Africa,2023,population_total,2153339
Guinea-Bissau,GW,GNB,Africa,2022,population_total,2105529
Guinea-Bissau,GW,GNB,Africa,2021,population_total,2058841
Guinea-Bissau,GW,GNB,Africa,2020,population_total,2013255
Guinea-Bissau,GW,GNB,Africa,2019,population_total,1967696
Guinea-Bissau,GW,GNB,Africa,2018,population_total,1922168
Guinea-Bissau,GW,GNB,Africa,2017,population_total,1877072
Guinea-Bissau,GW,GNB,Africa,2016,population_total,1831893
Guinea-Bissau,GW,GNB,Africa,2015,population_total,1786457
Guinea-Bissau,GW,GNB,Africa,2014,population_total,1741122
Guinea-Bissau,GW,GNB,Africa,2013,population_total,1695973
Guinea-Bissau,GW,GNB,Africa,2012,population_total,1651417
Guinea-Bissau,GW,GNB,Africa,2011,population_total,1608076
Guinea-Bissau,GW,GNB,Africa,2010,population_total,1566347
Guinea-Bissau,GW,GNB,Africa,2009,population_total,1526377
Guinea-Bissau,GW,GNB,Africa,2008,population_total,1488054
Guinea-Bissau,GW,GNB,Africa,2007,population_total,1450986
Guinea-Bissau,GW,GNB,Africa,2006,population_total,1415303
Guinea-Bissau,GW,GNB,Africa,2005,population_total,1381585
Guinea-Bissau,GW,GNB,Africa,2004,population_total,1349563
Guinea-Bissau,GW,GNB,Africa,2003,population_total,1318806
Guinea-Bissau,GW,GNB,Africa,2002,population_total,1289307
Guinea-Bissau,GW,GNB,Africa,2001,population_total,1261273
Guinea-Bissau,GW,GNB,Africa,2000,population_total,1234741
Equatorial Guinea,GQ,GNQ,Africa,2024,gdp_current_usd,12765777677
Equatorial Guinea,GQ,GNQ,Africa,2023,gdp_current_usd,12337550584
Equatorial Guinea,GQ,GNQ,Africa,2022,gdp_current_usd,13687643436
Equatorial Guinea,GQ,GNQ,Africa,2021,gdp_current_usd,12215878033
Equatorial Guinea,GQ,GNQ,Africa,2020,gdp_current_usd,9893816008
Equatorial Guinea,GQ,GNQ,Africa,2019,gdp_current_usd,11364133550
Equatorial Guinea,GQ,GNQ,Africa,2018,gdp_current_usd,13097012134
Equatorial Guinea,GQ,GNQ,Africa,2017,gdp_current_usd,12200913879
Equatorial Guinea,GQ,GNQ,Africa,2016,gdp_current_usd,11240808848
Equatorial Guinea,GQ,GNQ,Africa,2015,gdp_current_usd,13185496881
Equatorial Guinea,GQ,GNQ,Africa,2014,gdp_current_usd,21765453082
Equatorial Guinea,GQ,GNQ,Africa,2013,gdp_current_usd,21948834284
Equatorial Guinea,GQ,GNQ,Africa,2012,gdp_current_usd,22388344144
Equatorial Guinea,GQ,GNQ,Africa,2011,gdp_current_usd,21357343669
Equatorial Guinea,GQ,GNQ,Africa,2010,gdp_current_usd,16314443436
Equatorial Guinea,GQ,GNQ,Africa,2009,gdp_current_usd,15027795173
Equatorial Guinea,GQ,GNQ,Africa,2008,gdp_current_usd,19749893536
Equatorial Guinea,GQ,GNQ,Africa,2007,gdp_current_usd,13071718759
Equatorial Guinea,GQ,GNQ,Africa,2006,gdp_current_usd,10086528699
Equatorial Guinea,GQ,GNQ,Africa,2005,gdp_current_usd,8217369093
Equatorial Guinea,GQ,GNQ,Africa,2004,gdp_current_usd,4410764339
Equatorial Guinea,GQ,GNQ,Africa,2003,gdp_current_usd,2484745935
Equatorial Guinea,GQ,GNQ,Africa,2002,gdp_current_usd,1806742742
Equatorial Guinea,GQ,GNQ,Africa,2001,gdp_current_usd,1461139022
Equatorial Guinea,GQ,GNQ,Africa,2000,gdp_current_usd,1045998496
Equatorial Guinea,GQ,GNQ,Africa,2024,gdp_per_capita_current_usd,6745
Equatorial Guinea,GQ,GNQ,Africa,2023,gdp_per_capita_current_usd,6678
Equatorial Guinea,GQ,GNQ,Africa,2022,gdp_per_capita_current_usd,7589
Equatorial Guinea,GQ,GNQ,Africa,2021,gdp_per_capita_current_usd,6946
Equatorial Guinea,GQ,GNQ,Africa,2020,gdp_per_capita_current_usd,5764
Equatorial Guinea,GQ,GNQ,Africa,2019,gdp_per_capita_current_usd,6804
Equatorial Guinea,GQ,GNQ,Africa,2018,gdp_per_capita_current_usd,8102
Equatorial Guinea,GQ,GNQ,Africa,2017,gdp_per_capita_current_usd,7809
Equatorial Guinea,GQ,GNQ,Africa,2016,gdp_per_capita_current_usd,7453
Equatorial Guinea,GQ,GNQ,Africa,2015,gdp_per_capita_current_usd,9069
Equatorial Guinea,GQ,GNQ,Africa,2014,gdp_per_capita_current_usd,15549
Equatorial Guinea,GQ,GNQ,Africa,2013,gdp_per_capita_current_usd,16304
Equatorial Guinea,GQ,GNQ,Africa,2012,gdp_per_capita_current_usd,17309
Equatorial Guinea,GQ,GNQ,Africa,2011,gdp_per_capita_current_usd,17198
Equatorial Guinea,GQ,GNQ,Africa,2010,gdp_per_capita_current_usd,13720
Equatorial Guinea,GQ,GNQ,Africa,2009,gdp_per_capita_current_usd,13233
Equatorial Guinea,GQ,GNQ,Africa,2008,gdp_per_capita_current_usd,18211
Equatorial Guinea,GQ,GNQ,Africa,2007,gdp_per_capita_current_usd,12617
Equatorial Guinea,GQ,GNQ,Africa,2006,gdp_per_capita_current_usd,10185
Equatorial Guinea,GQ,GNQ,Africa,2005,gdp_per_capita_current_usd,8674
Equatorial Guinea,GQ,GNQ,Africa,2004,gdp_per_capita_current_usd,4901
Equatorial Guinea,GQ,GNQ,Africa,2003,gdp_per_capita_current_usd,2931
Equatorial Guinea,GQ,GNQ,Africa,2002,gdp_per_capita_current_usd,2264
Equatorial Guinea,GQ,GNQ,Africa,2001,gdp_per_capita_current_usd,1949
Equatorial Guinea,GQ,GNQ,Africa,2000,gdp_per_capita_current_usd,1487
Equatorial Guinea,GQ,GNQ,Africa,2024,population_total,1892516
Equatorial Guinea,GQ,GNQ,Africa,2023,population_total,1847549
Equatorial Guinea,GQ,GNQ,Africa,2022,population_total,1803545
Equatorial Guinea,GQ,GNQ,Africa,2021,population_total,1758786
Equatorial Guinea,GQ,GNQ,Africa,2020,population_total,1716468
Equatorial Guinea,GQ,GNQ,Africa,2019,population_total,1670177
Equatorial Guinea,GQ,GNQ,Africa,2018,population_total,1616422
Equatorial Guinea,GQ,GNQ,Africa,2017,population_total,1562396
Equatorial Guinea,GQ,GNQ,Africa,2016,population_total,1508186
Equatorial Guinea,GQ,GNQ,Africa,2015,population_total,1453923
Equatorial Guinea,GQ,GNQ,Africa,2014,population_total,1399828
Equatorial Guinea,GQ,GNQ,Africa,2013,population_total,1346218
Equatorial Guinea,GQ,GNQ,Africa,2012,population_total,1293483
Equatorial Guinea,GQ,GNQ,Africa,2011,population_total,1241835
Equatorial Guinea,GQ,GNQ,Africa,2010,population_total,1189085
Equatorial Guinea,GQ,GNQ,Africa,2009,population_total,1135673
Equatorial Guinea,GQ,GNQ,Africa,2008,population_total,1084530
Equatorial Guinea,GQ,GNQ,Africa,2007,population_total,1036044
Equatorial Guinea,GQ,GNQ,Africa,2006,population_total,990343
Equatorial Guinea,GQ,GNQ,Africa,2005,population_total,947367
Equatorial Guinea,GQ,GNQ,Africa,2004,population_total,899917
Equatorial Guinea,GQ,GNQ,Africa,2003,population_total,847862
Equatorial Guinea,GQ,GNQ,Africa,2002,population_total,797957
Equatorial Guinea,GQ,GNQ,Africa,2001,population_total,749836
Equatorial Guinea,GQ,GNQ,Africa,2000,population_total,703279
Greece,GR,GRC,Europe,2024,gdp_current_usd,257144811302
Greece,GR,GRC,Europe,2023,gdp_current_usd,243498333238
Greece,GR,GRC,Europe,2022,gdp_current_usd,218880566444
Greece,GR,GRC,Europe,2021,gdp_current_usd,218303801895
Greece,GR,GRC,Europe,2020,gdp_current_usd,191362985555
Greece,GR,GRC,Europe,2019,gdp_current_usd,207305649887
Greece,GR,GRC,Europe,2018,gdp_current_usd,213298873494
Greece,GR,GRC,Europe,2017,gdp_current_usd,200381103984
Greece,GR,GRC,Europe,2016,gdp_current_usd,193097239006
Greece,GR,GRC,Europe,2015,gdp_current_usd,194567373678
Greece,GR,GRC,Europe,2014,gdp_current_usd,233911581521
Greece,GR,GRC,Europe,2013,gdp_current_usd,236556279641
Greece,GR,GRC,Europe,2012,gdp_current_usd,238841140018
Greece,GR,GRC,Europe,2011,gdp_current_usd,283228079776
Greece,GR,GRC,Europe,2010,gdp_current_usd,296417644404
Greece,GR,GRC,Europe,2009,gdp_current_usd,326829054686
Greece,GR,GRC,Europe,2008,gdp_current_usd,351121399546
Greece,GR,GRC,Europe,2007,gdp_current_usd,314226996944
Greece,GR,GRC,Europe,2006,gdp_current_usd,269073415334
Greece,GR,GRC,Europe,2005,gdp_current_usd,242315668619
Greece,GR,GRC,Europe,2004,gdp_current_usd,234979615898
Greece,GR,GRC,Europe,2003,gdp_current_usd,196930509813
Greece,GR,GRC,Europe,2002,gdp_current_usd,150253800086
Greece,GR,GRC,Europe,2001,gdp_current_usd,132050474720
Greece,GR,GRC,Europe,2000,gdp_current_usd,125760166225
Greece,GR,GRC,Europe,2024,gdp_per_capita_current_usd,24752
Greece,GR,GRC,Europe,2023,gdp_per_capita_current_usd,23401
Greece,GR,GRC,Europe,2022,gdp_per_capita_current_usd,20972
Greece,GR,GRC,Europe,2021,gdp_per_capita_current_usd,20655
Greece,GR,GRC,Europe,2020,gdp_per_capita_current_usd,17887
Greece,GR,GRC,Europe,2019,gdp_per_capita_current_usd,19335
Greece,GR,GRC,Europe,2018,gdp_per_capita_current_usd,19873
Greece,GR,GRC,Europe,2017,gdp_per_capita_current_usd,18632
Greece,GR,GRC,Europe,2016,gdp_per_capita_current_usd,17919
Greece,GR,GRC,Europe,2015,gdp_per_capita_current_usd,17981
Greece,GR,GRC,Europe,2014,gdp_per_capita_current_usd,21475
Greece,GR,GRC,Europe,2013,gdp_per_capita_current_usd,21573
Greece,GR,GRC,Europe,2012,gdp_per_capita_current_usd,21624
Greece,GR,GRC,Europe,2011,gdp_per_capita_current_usd,25505
Greece,GR,GRC,Europe,2010,gdp_per_capita_current_usd,26653
Greece,GR,GRC,Europe,2009,gdp_per_capita_current_usd,29425
Greece,GR,GRC,Europe,2008,gdp_per_capita_current_usd,31696
Greece,GR,GRC,Europe,2007,gdp_per_capita_current_usd,28441
Greece,GR,GRC,Europe,2006,gdp_per_capita_current_usd,24416
Greece,GR,GRC,Europe,2005,gdp_per_capita_current_usd,22054
Greece,GR,GRC,Europe,2004,gdp_per_capita_current_usd,21449
Greece,GR,GRC,Europe,2003,gdp_per_capita_current_usd,18021
Greece,GR,GRC,Europe,2002,gdp_per_capita_current_usd,13782
Greece,GR,GRC,Europe,2001,gdp_per_capita_current_usd,12157
Greece,GR,GRC,Europe,2000,gdp_per_capita_current_usd,11638
Greece,GR,GRC,Europe,2024,population_total,10388805
Greece,GR,GRC,Europe,2023,population_total,10405588
Greece,GR,GRC,Europe,2022,population_total,10436882
Greece,GR,GRC,Europe,2021,population_total,10569207
Greece,GR,GRC,Europe,2020,population_total,10698599
Greece,GR,GRC,Europe,2019,population_total,10721582
Greece,GR,GRC,Europe,2018,population_total,10732882
Greece,GR,GRC,Europe,2017,population_total,10754679
Greece,GR,GRC,Europe,2016,population_total,10775971
Greece,GR,GRC,Europe,2015,population_total,10820883
Greece,GR,GRC,Europe,2014,population_total,10892413
Greece,GR,GRC,Europe,2013,population_total,10965211
Greece,GR,GRC,Europe,2012,population_total,11045011
Greece,GR,GRC,Europe,2011,population_total,11104899
Greece,GR,GRC,Europe,2010,population_total,11121341
Greece,GR,GRC,Europe,2009,population_total,11107017
Greece,GR,GRC,Europe,2008,population_total,11077841
Greece,GR,GRC,Europe,2007,population_total,11048473
Greece,GR,GRC,Europe,2006,population_total,11020362
Greece,GR,GRC,Europe,2005,population_total,10987314
Greece,GR,GRC,Europe,2004,population_total,10955141
Greece,GR,GRC,Europe,2003,population_total,10928070
Greece,GR,GRC,Europe,2002,population_total,10902022
Greece,GR,GRC,Europe,2001,population_total,10862132
Greece,GR,GRC,Europe,2000,population_total,10805808
Grenada,GD,GRD,North America,2024,gdp_current_usd,1391435993
Grenada,GD,GRD,North America,2023,gdp_current_usd,1323985600
Grenada,GD,GRD,North America,2022,gdp_current_usd,1231732104
Grenada,GD,GRD,North America,2021,gdp_current_usd,1122800000
Grenada,GD,GRD,North America,2020,gdp_current_usd,1043411111
Grenada,GD,GRD,North America,2019,gdp_current_usd,1213485185
Grenada,GD,GRD,North America,2018,gdp_current_usd,1166514815
Grenada,GD,GRD,North America,2017,gdp_current_usd,1125685185
Grenada,GD,GRD,North America,2016,gdp_current_usd,1061640741
Grenada,GD,GRD,North America,2015,gdp_current_usd,997007407
Grenada,GD,GRD,North America,2014,gdp_current_usd,911496296
Grenada,GD,GRD,North America,2013,gdp_current_usd,842618519
Grenada,GD,GRD,North America,2012,gdp_current_usd,799881481
Grenada,GD,GRD,North America,2011,gdp_current_usd,778655556
Grenada,GD,GRD,North America,2010,gdp_current_usd,771014815
Grenada,GD,GRD,North America,2009,gdp_current_usd,771275556
Grenada,GD,GRD,North America,2008,gdp_current_usd,825976037
Grenada,GD,GRD,North America,2007,gdp_current_usd,758683593
Grenada,GD,GRD,North America,2006,gdp_current_usd,698700667
Grenada,GD,GRD,North America,2005,gdp_current_usd,695555556
Grenada,GD,GRD,North America,2004,gdp_current_usd,599118593
Grenada,GD,GRD,North America,2003,gdp_current_usd,591018407
Grenada,GD,GRD,North America,2002,gdp_current_usd,540336926
Grenada,GD,GRD,North America,2001,gdp_current_usd,520444185
Grenada,GD,GRD,North America,2000,gdp_current_usd,520044370
Grenada,GD,GRD,North America,2024,gdp_per_capita_current_usd,11872
Grenada,GD,GRD,North America,2023,gdp_per_capita_current_usd,11308
Grenada,GD,GRD,North America,2022,gdp_per_capita_current_usd,10535
Grenada,GD,GRD,North America,2021,gdp_per_capita_current_usd,9622
Grenada,GD,GRD,North America,2020,gdp_per_capita_current_usd,8969
Grenada,GD,GRD,North America,2019,gdp_per_capita_current_usd,10463
Grenada,GD,GRD,North America,2018,gdp_per_capita_current_usd,10083
Grenada,GD,GRD,North America,2017,gdp_per_capita_current_usd,9751
Grenada,GD,GRD,North America,2016,gdp_per_capita_current_usd,9221
Grenada,GD,GRD,North America,2015,gdp_per_capita_current_usd,8694
Grenada,GD,GRD,North America,2014,gdp_per_capita_current_usd,7986
Grenada,GD,GRD,North America,2013,gdp_per_capita_current_usd,7425
Grenada,GD,GRD,North America,2012,gdp_per_capita_current_usd,7093
Grenada,GD,GRD,North America,2011,gdp_per_capita_current_usd,6947
Grenada,GD,GRD,North America,2010,gdp_per_capita_current_usd,6910
Grenada,GD,GRD,North America,2009,gdp_per_capita_current_usd,6933
Grenada,GD,GRD,North America,2008,gdp_per_capita_current_usd,7448
Grenada,GD,GRD,North America,2007,gdp_per_capita_current_usd,6865
Grenada,GD,GRD,North America,2006,gdp_per_capita_current_usd,6344
Grenada,GD,GRD,North America,2005,gdp_per_capita_current_usd,6339
Grenada,GD,GRD,North America,2004,gdp_per_capita_current_usd,5480
Grenada,GD,GRD,North America,2003,gdp_per_capita_current_usd,5428
Grenada,GD,GRD,North America,2002,gdp_per_capita_current_usd,4984
Grenada,GD,GRD,North America,2001,gdp_per_capita_current_usd,4820
Grenada,GD,GRD,North America,2000,gdp_per_capita_current_usd,4840
Grenada,GD,GRD,North America,2024,population_total,117207
Grenada,GD,GRD,North America,2023,population_total,117081
Grenada,GD,GRD,North America,2022,population_total,116913
Grenada,GD,GRD,North America,2021,population_total,116688
Grenada,GD,GRD,North America,2020,population_total,116341
Grenada,GD,GRD,North America,2019,population_total,115981
Grenada,GD,GRD,North America,2018,population_total,115691
Grenada,GD,GRD,North America,2017,population_total,115438
Grenada,GD,GRD,North America,2016,population_total,115130
Grenada,GD,GRD,North America,2015,population_total,114676
Grenada,GD,GRD,North America,2014,population_total,114132
Grenada,GD,GRD,North America,2013,population_total,113487
Grenada,GD,GRD,North America,2012,population_total,112775
Grenada,GD,GRD,North America,2011,population_total,112079
Grenada,GD,GRD,North America,2010,population_total,111586
Grenada,GD,GRD,North America,2009,population_total,111254
Grenada,GD,GRD,North America,2008,population_total,110896
Grenada,GD,GRD,North America,2007,population_total,110522
Grenada,GD,GRD,North America,2006,population_total,110135
Grenada,GD,GRD,North America,2005,population_total,109734
Grenada,GD,GRD,North America,2004,population_total,109323
Grenada,GD,GRD,North America,2003,population_total,108884
Grenada,GD,GRD,North America,2002,population_total,108404
Grenada,GD,GRD,North America,2001,population_total,107987
Grenada,GD,GRD,North America,2000,population_total,107451
Greenland,GL,GRL,North America,2023,gdp_current_usd,3326544174
Greenland,GL,GRL,North America,2022,gdp_current_usd,3152334772
Greenland,GL,GRL,North America,2021,gdp_current_usd,3293578468
Greenland,GL,GRL,North America,2020,gdp_current_usd,3089625554
Greenland,GL,GRL,North America,2019,gdp_current_usd,2997309972
Greenland,GL,GRL,North America,2018,gdp_current_usd,3055782146
Greenland,GL,GRL,North America,2017,gdp_current_usd,2851613679
Greenland,GL,GRL,North America,2016,gdp_current_usd,2707139544
Greenland,GL,GRL,North America,2015,gdp_current_usd,2499113023
Greenland,GL,GRL,North America,2014,gdp_current_usd,2842065708
Greenland,GL,GRL,North America,2013,gdp_current_usd,2684946990
Greenland,GL,GRL,North America,2012,gdp_current_usd,2609678486
Greenland,GL,GRL,North America,2011,gdp_current_usd,2684461375
Greenland,GL,GRL,North America,2010,gdp_current_usd,2503167187
Greenland,GL,GRL,North America,2009,gdp_current_usd,2529963903
Greenland,GL,GRL,North America,2008,gdp_current_usd,2499092314
Greenland,GL,GRL,North America,2007,gdp_current_usd,2249811296
Greenland,GL,GRL,North America,2006,gdp_current_usd,2013106930
Greenland,GL,GRL,North America,2005,gdp_current_usd,1849802648
Greenland,GL,GRL,North America,2004,gdp_current_usd,1822499769
Greenland,GL,GRL,North America,2003,gdp_current_usd,1558759823
Greenland,GL,GRL,North America,2002,gdp_current_usd,1169136716
Greenland,GL,GRL,North America,2001,gdp_current_usd,1086170704
Greenland,GL,GRL,North America,2000,gdp_current_usd,1068025016
Greenland,GL,GRL,North America,2023,gdp_per_capita_current_usd,58499
Greenland,GL,GRL,North America,2022,gdp_per_capita_current_usd,55635
Greenland,GL,GRL,North America,2021,gdp_per_capita_current_usd,58136
Greenland,GL,GRL,North America,2020,gdp_per_capita_current_usd,54813
Greenland,GL,GRL,North America,2019,gdp_per_capita_current_usd,53309
Greenland,GL,GRL,North America,2018,gdp_per_capita_current_usd,54545
Greenland,GL,GRL,North America,2017,gdp_per_capita_current_usd,50766
Greenland,GL,GRL,North America,2016,gdp_per_capita_current_usd,48182
Greenland,GL,GRL,North America,2015,gdp_per_capita_current_usd,44536
Greenland,GL,GRL,North America,2014,gdp_per_capita_current_usd,50485
Greenland,GL,GRL,North America,2013,gdp_per_capita_current_usd,47535
Greenland,GL,GRL,North America,2012,gdp_per_capita_current_usd,45937
Greenland,GL,GRL,North America,2011,gdp_per_capita_current_usd,47187
Greenland,GL,GRL,North America,2010,gdp_per_capita_current_usd,44277
Greenland,GL,GRL,North America,2009,gdp_per_capita_current_usd,44919
Greenland,GL,GRL,North America,2008,gdp_per_capita_current_usd,44367
Greenland,GL,GRL,North America,2007,gdp_per_capita_current_usd,39781
Greenland,GL,GRL,North America,2006,gdp_per_capita_current_usd,35458
Greenland,GL,GRL,North America,2005,gdp_per_capita_current_usd,32490
Greenland,GL,GRL,North America,2004,gdp_per_capita_current_usd,32031
Greenland,GL,GRL,North America,2003,gdp_per_capita_current_usd,27467
Greenland,GL,GRL,North America,2002,gdp_per_capita_current_usd,20658
Greenland,GL,GRL,North America,2001,gdp_per_capita_current_usd,19266
Greenland,GL,GRL,North America,2000,gdp_per_capita_current_usd,19009
Greenland,GL,GRL,North America,2024,population_total,56836
Greenland,GL,GRL,North America,2023,population_total,56865
Greenland,GL,GRL,North America,2022,population_total,56661
Greenland,GL,GRL,North America,2021,population_total,56653
Greenland,GL,GRL,North America,2020,population_total,56367
Greenland,GL,GRL,North America,2019,population_total,56225
Greenland,GL,GRL,North America,2018,population_total,56023
Greenland,GL,GRL,North America,2017,population_total,56172
Greenland,GL,GRL,North America,2016,population_total,56186
Greenland,GL,GRL,North America,2015,population_total,56114
Greenland,GL,GRL,North America,2014,population_total,56295
Greenland,GL,GRL,North America,2013,population_total,56483
Greenland,GL,GRL,North America,2012,population_total,56810
Greenland,GL,GRL,North America,2011,population_total,56890
Greenland,GL,GRL,North America,2010,population_total,56534
Greenland,GL,GRL,North America,2009,population_total,56323
Greenland,GL,GRL,North America,2008,population_total,56328
Greenland,GL,GRL,North America,2007,population_total,56555
Greenland,GL,GRL,North America,2006,population_total,56775
Greenland,GL,GRL,North America,2005,population_total,56935
Greenland,GL,GRL,North America,2004,population_total,56898
Greenland,GL,GRL,North America,2003,population_total,56751
Greenland,GL,GRL,North America,2002,population_total,56595
Greenland,GL,GRL,North America,2001,population_total,56379
Greenland,GL,GRL,North America,2000,population_total,56185
Guatemala,GT,GTM,North America,2024,gdp_current_usd,113199586004
Guatemala,GT,GTM,North America,2023,gdp_current_usd,104368413483
Guatemala,GT,GTM,North America,2022,gdp_current_usd,95641441235
Guatemala,GT,GTM,North America,2021,gdp_current_usd,86455519687
Guatemala,GT,GTM,North America,2020,gdp_current_usd,77719464221
Guatemala,GT,GTM,North America,2019,gdp_current_usd,77172317259
Guatemala,GT,GTM,North America,2018,gdp_current_usd,73328365862
Guatemala,GT,GTM,North America,2017,gdp_current_usd,71653754107
Guatemala,GT,GTM,North America,2016,gdp_current_usd,66053403364
Guatemala,GT,GTM,North America,2015,gdp_current_usd,62186064758
Guatemala,GT,GTM,North America,2014,gdp_current_usd,57852152955
Guatemala,GT,GTM,North America,2013,gdp_current_usd,52996446180
Guatemala,GT,GTM,North America,2012,gdp_current_usd,49593929487
Guatemala,GT,GTM,North America,2011,gdp_current_usd,46876006272
Guatemala,GT,GTM,North America,2010,gdp_current_usd,40676578423
Guatemala,GT,GTM,North America,2009,gdp_current_usd,37126148265
Guatemala,GT,GTM,North America,2008,gdp_current_usd,38503720224
Guatemala,GT,GTM,North America,2007,gdp_current_usd,33567850824
Guatemala,GT,GTM,North America,2006,gdp_current_usd,29744246827
Guatemala,GT,GTM,North America,2005,gdp_current_usd,26783389294
Guatemala,GT,GTM,North America,2004,gdp_current_usd,23577298095
Guatemala,GT,GTM,North America,2003,gdp_current_usd,21576351799
Guatemala,GT,GTM,North America,2002,gdp_current_usd,20444205991
Guatemala,GT,GTM,North America,2001,gdp_current_usd,18405220247
Guatemala,GT,GTM,North America,2000,gdp_current_usd,19288929030
Guatemala,GT,GTM,North America,2024,gdp_per_capita_current_usd,6150
Guatemala,GT,GTM,North America,2023,gdp_per_capita_current_usd,5758
Guatemala,GT,GTM,North America,2022,gdp_per_capita_current_usd,5359
Guatemala,GT,GTM,North America,2021,gdp_per_capita_current_usd,4913
Guatemala,GT,GTM,North America,2020,gdp_per_capita_current_usd,4478
Guatemala,GT,GTM,North America,2019,gdp_per_capita_current_usd,4512
Guatemala,GT,GTM,North America,2018,gdp_per_capita_current_usd,4353
Guatemala,GT,GTM,North America,2017,gdp_per_capita_current_usd,4325
Guatemala,GT,GTM,North America,2016,gdp_per_capita_current_usd,4060
Guatemala,GT,GTM,North America,2015,gdp_per_capita_current_usd,3894
Guatemala,GT,GTM,North America,2014,gdp_per_capita_current_usd,3689
Guatemala,GT,GTM,North America,2013,gdp_per_capita_current_usd,3444
Guatemala,GT,GTM,North America,2012,gdp_per_capita_current_usd,3287
Guatemala,GT,GTM,North America,2011,gdp_per_capita_current_usd,3169
Guatemala,GT,GTM,North America,2010,gdp_per_capita_current_usd,2805
Guatemala,GT,GTM,North America,2009,gdp_per_capita_current_usd,2612
Guatemala,GT,GTM,North America,2008,gdp_per_capita_current_usd,2763
Guatemala,GT,GTM,North America,2007,gdp_per_capita_current_usd,2459
Guatemala,GT,GTM,North America,2006,gdp_per_capita_current_usd,2225
Guatemala,GT,GTM,North America,2005,gdp_per_capita_current_usd,2046
Guatemala,GT,GTM,North America,2004,gdp_per_capita_current_usd,1841
Guatemala,GT,GTM,North America,2003,gdp_per_capita_current_usd,1723
Guatemala,GT,GTM,North America,2002,gdp_per_capita_current_usd,1669
Guatemala,GT,GTM,North America,2001,gdp_per_capita_current_usd,1538
Guatemala,GT,GTM,North America,2000,gdp_per_capita_current_usd,1649
Guatemala,GT,GTM,North America,2024,population_total,18406359
Guatemala,GT,GTM,North America,2023,population_total,18124838
Guatemala,GT,GTM,North America,2022,population_total,17847877
Guatemala,GT,GTM,North America,2021,population_total,17598650
Guatemala,GT,GTM,North America,2020,population_total,17357325
Guatemala,GT,GTM,North America,2019,population_total,17103803
Guatemala,GT,GTM,North America,2018,population_total,16845685
Guatemala,GT,GTM,North America,2017,population_total,16567357
Guatemala,GT,GTM,North America,2016,population_total,16268760
Guatemala,GT,GTM,North America,2015,population_total,15971743
Guatemala,GT,GTM,North America,2014,population_total,15681725
Guatemala,GT,GTM,North America,2013,population_total,15387337
Guatemala,GT,GTM,North America,2012,population_total,15089647
Guatemala,GT,GTM,North America,2011,population_total,14792126
Guatemala,GT,GTM,North America,2010,population_total,14500112
Guatemala,GT,GTM,North America,2009,population_total,14215611
Guatemala,GT,GTM,North America,2008,population_total,13935174
Guatemala,GT,GTM,North America,2007,population_total,13652040
Guatemala,GT,GTM,North America,2006,population_total,13367459
Guatemala,GT,GTM,North America,2005,population_total,13087629
Guatemala,GT,GTM,North America,2004,population_total,12807402
Guatemala,GT,GTM,North America,2003,population_total,12525842
Guatemala,GT,GTM,North America,2002,population_total,12246915
Guatemala,GT,GTM,North America,2001,population_total,11969422
Guatemala,GT,GTM,North America,2000,population_total,11697592
Guam,GU,GUM,Oceania,2022,gdp_current_usd,6910000000
Guam,GU,GUM,Oceania,2021,gdp_current_usd,6234000000
Guam,GU,GUM,Oceania,2020,gdp_current_usd,5916000000
Guam,GU,GUM,Oceania,2019,gdp_current_usd,6355000000
Guam,GU,GUM,Oceania,2018,gdp_current_usd,6051000000
Guam,GU,GUM,Oceania,2017,gdp_current_usd,6013000000
Guam,GU,GUM,Oceania,2016,gdp_current_usd,5901000000
Guam,GU,GUM,Oceania,2015,gdp_current_usd,5799000000
Guam,GU,GUM,Oceania,2014,gdp_current_usd,5610000000
Guam,GU,GUM,Oceania,2013,gdp_current_usd,5399000000
Guam,GU,GUM,Oceania,2012,gdp_current_usd,5265000000
Guam,GU,GUM,Oceania,2011,gdp_current_usd,4984000000
Guam,GU,GUM,Oceania,2010,gdp_current_usd,4949000000
Guam,GU,GUM,Oceania,2009,gdp_current_usd,4828000000
Guam,GU,GUM,Oceania,2008,gdp_current_usd,4658000000
Guam,GU,GUM,Oceania,2007,gdp_current_usd,4397000000
Guam,GU,GUM,Oceania,2006,gdp_current_usd,4238000000
Guam,GU,GUM,Oceania,2005,gdp_current_usd,4213000000
Guam,GU,GUM,Oceania,2004,gdp_current_usd,3869000000
Guam,GU,GUM,Oceania,2003,gdp_current_usd,3569000000
Guam,GU,GUM,Oceania,2002,gdp_current_usd,3394000000
Guam,GU,GUM,Oceania,2022,gdp_per_capita_current_usd,41833
Guam,GU,GUM,Oceania,2021,gdp_per_capita_current_usd,38075
Guam,GU,GUM,Oceania,2020,gdp_per_capita_current_usd,36483
Guam,GU,GUM,Oceania,2019,gdp_per_capita_current_usd,39275
Guam,GU,GUM,Oceania,2018,gdp_per_capita_current_usd,37196
Guam,GU,GUM,Oceania,2017,gdp_per_capita_current_usd,36779
Guam,GU,GUM,Oceania,2016,gdp_per_capita_current_usd,35931
Guam,GU,GUM,Oceania,2015,gdp_per_capita_current_usd,35166
Guam,GU,GUM,Oceania,2014,gdp_per_capita_current_usd,33900
Guam,GU,GUM,Oceania,2013,gdp_per_capita_current_usd,32531
Guam,GU,GUM,Oceania,2012,gdp_per_capita_current_usd,31654
Guam,GU,GUM,Oceania,2011,gdp_per_capita_current_usd,29926
Guam,GU,GUM,Oceania,2010,gdp_per_capita_current_usd,29720
Guam,GU,GUM,Oceania,2009,gdp_per_capita_current_usd,29054
Guam,GU,GUM,Oceania,2008,gdp_per_capita_current_usd,28112
Guam,GU,GUM,Oceania,2007,gdp_per_capita_current_usd,26605
Guam,GU,GUM,Oceania,2006,gdp_per_capita_current_usd,25710
Guam,GU,GUM,Oceania,2005,gdp_per_capita_current_usd,25632
Guam,GU,GUM,Oceania,2004,gdp_per_capita_current_usd,23619
Guam,GU,GUM,Oceania,2003,gdp_per_capita_current_usd,21877
Guam,GU,GUM,Oceania,2002,gdp_per_capita_current_usd,20910
Guam,GU,GUM,Oceania,2024,population_total,167777
Guam,GU,GUM,Oceania,2023,population_total,166506
Guam,GU,GUM,Oceania,2022,population_total,165180
Guam,GU,GUM,Oceania,2021,population_total,163730
Guam,GU,GUM,Oceania,2020,population_total,162158
Guam,GU,GUM,Oceania,2019,population_total,161808
Guam,GU,GUM,Oceania,2018,population_total,162679
Guam,GU,GUM,Oceania,2017,population_total,163490
Guam,GU,GUM,Oceania,2016,population_total,164233
Guam,GU,GUM,Oceania,2015,population_total,164905
Guam,GU,GUM,Oceania,2014,population_total,165486
Guam,GU,GUM,Oceania,2013,population_total,165966
Guam,GU,GUM,Oceania,2012,population_total,166331
Guam,GU,GUM,Oceania,2011,population_total,166543
Guam,GU,GUM,Oceania,2010,population_total,166522
Guam,GU,GUM,Oceania,2009,population_total,166173
Guam,GU,GUM,Oceania,2008,population_total,165693
Guam,GU,GUM,Oceania,2007,population_total,165267
Guam,GU,GUM,Oceania,2006,population_total,164839
Guam,GU,GUM,Oceania,2005,population_total,164365
Guam,GU,GUM,Oceania,2004,population_total,163810
Guam,GU,GUM,Oceania,2003,population_total,163137
Guam,GU,GUM,Oceania,2002,population_total,162315
Guam,GU,GUM,Oceania,2001,population_total,161329
Guam,GU,GUM,Oceania,2000,population_total,160065
Guyana,GY,GUY,South America,2024,gdp_current_usd,24835899826
Guyana,GY,GUY,South America,2023,gdp_current_usd,16918503597
Guyana,GY,GUY,South America,2022,gdp_current_usd,14718388489
Guyana,GY,GUY,South America,2021,gdp_current_usd,8041362110
Guyana,GY,GUY,South America,2020,gdp_current_usd,5471256595
Guyana,GY,GUY,South America,2019,gdp_current_usd,5173760192
Guyana,GY,GUY,South America,2018,gdp_current_usd,4787636998
Guyana,GY,GUY,South America,2017,gdp_current_usd,4748174334
Guyana,GY,GUY,South America,2016,gdp_current_usd,4482697337
Guyana,GY,GUY,South America,2015,gdp_current_usd,4279840194
Guyana,GY,GUY,South America,2014,gdp_current_usd,4127660152
Guyana,GY,GUY,South America,2013,gdp_current_usd,4167800929
Guyana,GY,GUY,South America,2012,gdp_current_usd,4063088536
Guyana,GY,GUY,South America,2011,gdp_current_usd,3691384318
Guyana,GY,GUY,South America,2010,gdp_current_usd,3432912517
Guyana,GY,GUY,South America,2009,gdp_current_usd,3165663153
Guyana,GY,GUY,South America,2008,gdp_current_usd,3025187433
Guyana,GY,GUY,South America,2007,gdp_current_usd,2730971595
Guyana,GY,GUY,South America,2006,gdp_current_usd,2379817991
Guyana,GY,GUY,South America,2005,gdp_current_usd,824880550
Guyana,GY,GUY,South America,2004,gdp_current_usd,787814379
Guyana,GY,GUY,South America,2003,gdp_current_usd,743063950
Guyana,GY,GUY,South America,2002,gdp_current_usd,726131435
Guyana,GY,GUY,South America,2001,gdp_current_usd,712167450
Guyana,GY,GUY,South America,2000,gdp_current_usd,712667897
Guyana,GY,GUY,South America,2024,gdp_per_capita_current_usd,29884
Guyana,GY,GUY,South America,2023,gdp_per_capita_current_usd,20474
Guyana,GY,GUY,South America,2022,gdp_per_capita_current_usd,17913
Guyana,GY,GUY,South America,2021,gdp_per_capita_current_usd,9861
Guyana,GY,GUY,South America,2020,gdp_per_capita_current_usd,6776
Guyana,GY,GUY,South America,2019,gdp_per_capita_current_usd,6406
Guyana,GY,GUY,South America,2018,gdp_per_capita_current_usd,6048
Guyana,GY,GUY,South America,2017,gdp_per_capita_current_usd,6179
Guyana,GY,GUY,South America,2016,gdp_per_capita_current_usd,5871
Guyana,GY,GUY,South America,2015,gdp_per_capita_current_usd,5640
Guyana,GY,GUY,South America,2014,gdp_per_capita_current_usd,5473
Guyana,GY,GUY,South America,2013,gdp_per_capita_current_usd,5557
Guyana,GY,GUY,South America,2012,gdp_per_capita_current_usd,5444
Guyana,GY,GUY,South America,2011,gdp_per_capita_current_usd,4947
Guyana,GY,GUY,South America,2010,gdp_per_capita_current_usd,4582
Guyana,GY,GUY,South America,2009,gdp_per_capita_current_usd,4209
Guyana,GY,GUY,South America,2008,gdp_per_capita_current_usd,4009
Guyana,GY,GUY,South America,2007,gdp_per_capita_current_usd,3608
Guyana,GY,GUY,South America,2006,gdp_per_capita_current_usd,3136
Guyana,GY,GUY,South America,2005,gdp_per_capita_current_usd,1084
Guyana,GY,GUY,South America,2004,gdp_per_capita_current_usd,1033
Guyana,GY,GUY,South America,2003,gdp_per_capita_current_usd,974
Guyana,GY,GUY,South America,2002,gdp_per_capita_current_usd,951
Guyana,GY,GUY,South America,2001,gdp_per_capita_current_usd,932
Guyana,GY,GUY,South America,2000,gdp_per_capita_current_usd,932
Guyana,GY,GUY,South America,2024,population_total,831087
Guyana,GY,GUY,South America,2023,population_total,826353
Guyana,GY,GUY,South America,2022,population_total,821637
Guyana,GY,GUY,South America,2021,population_total,815482
Guyana,GY,GUY,South America,2020,population_total,807481
Guyana,GY,GUY,South America,2019,population_total,807665
Guyana,GY,GUY,South America,2018,population_total,791556
Guyana,GY,GUY,South America,2017,population_total,768479
Guyana,GY,GUY,South America,2016,population_total,763548
Guyana,GY,GUY,South America,2015,population_total,758781
Guyana,GY,GUY,South America,2014,population_total,754229
Guyana,GY,GUY,South America,2013,population_total,750021
Guyana,GY,GUY,South America,2012,population_total,746288
Guyana,GY,GUY,South America,2011,population_total,746153
Guyana,GY,GUY,South America,2010,population_total,749256
Guyana,GY,GUY,South America,2009,population_total,752094
Guyana,GY,GUY,South America,2008,population_total,754606
Guyana,GY,GUY,South America,2007,population_total,756861
Guyana,GY,GUY,South America,2006,population_total,758966
Guyana,GY,GUY,South America,2005,population_total,760914
Guyana,GY,GUY,South America,2004,population_total,762418
Guyana,GY,GUY,South America,2003,population_total,763101
Guyana,GY,GUY,South America,2002,population_total,763652
Guyana,GY,GUY,South America,2001,population_total,764477
Guyana,GY,GUY,South America,2000,population_total,764832
Hong Kong,HK,HKG,Asia,2024,gdp_current_usd,407106738445
Hong Kong,HK,HKG,Asia,2023,gdp_current_usd,381066399066
Hong Kong,HK,HKG,Asia,2022,gdp_current_usd,358679533985
Hong Kong,HK,HKG,Asia,2021,gdp_current_usd,368954169749
Hong Kong,HK,HKG,Asia,2020,gdp_current_usd,344943149590
Hong Kong,HK,HKG,Asia,2019,gdp_current_usd,363074545072
Hong Kong,HK,HKG,Asia,2018,gdp_current_usd,361731070996
Hong Kong,HK,HKG,Asia,2017,gdp_current_usd,341273289534
Hong Kong,HK,HKG,Asia,2016,gdp_current_usd,320860317563
Hong Kong,HK,HKG,Asia,2015,gdp_current_usd,309385622601
Hong Kong,HK,HKG,Asia,2014,gdp_current_usd,291459995979
Hong Kong,HK,HKG,Asia,2013,gdp_current_usd,275696879835
Hong Kong,HK,HKG,Asia,2012,gdp_current_usd,262628865880
Hong Kong,HK,HKG,Asia,2011,gdp_current_usd,248513617677
Hong Kong,HK,HKG,Asia,2010,gdp_current_usd,228638668727
Hong Kong,HK,HKG,Asia,2009,gdp_current_usd,214047795659
Hong Kong,HK,HKG,Asia,2008,gdp_current_usd,219278749140
Hong Kong,HK,HKG,Asia,2007,gdp_current_usd,211596944504
Hong Kong,HK,HKG,Asia,2006,gdp_current_usd,193535442896
Hong Kong,HK,HKG,Asia,2005,gdp_current_usd,181569311742
Hong Kong,HK,HKG,Asia,2004,gdp_current_usd,169099768875
Hong Kong,HK,HKG,Asia,2003,gdp_current_usd,161385558802
Hong Kong,HK,HKG,Asia,2002,gdp_current_usd,166348866131
Hong Kong,HK,HKG,Asia,2001,gdp_current_usd,169404327617
Hong Kong,HK,HKG,Asia,2000,gdp_current_usd,171668891194
Hong Kong,HK,HKG,Asia,2024,gdp_per_capita_current_usd,54107
Hong Kong,HK,HKG,Asia,2023,gdp_per_capita_current_usd,50565
Hong Kong,HK,HKG,Asia,2022,gdp_per_capita_current_usd,48826
Hong Kong,HK,HKG,Asia,2021,gdp_per_capita_current_usd,49771
Hong Kong,HK,HKG,Asia,2020,gdp_per_capita_current_usd,46109
Hong Kong,HK,HKG,Asia,2019,gdp_per_capita_current_usd,48359
Hong Kong,HK,HKG,Asia,2018,gdp_per_capita_current_usd,48538
Hong Kong,HK,HKG,Asia,2017,gdp_per_capita_current_usd,46160
Hong Kong,HK,HKG,Asia,2016,gdp_per_capita_current_usd,43734
Hong Kong,HK,HKG,Asia,2015,gdp_per_capita_current_usd,42432
Hong Kong,HK,HKG,Asia,2014,gdp_per_capita_current_usd,40315
Hong Kong,HK,HKG,Asia,2013,gdp_per_capita_current_usd,38404
Hong Kong,HK,HKG,Asia,2012,gdp_per_capita_current_usd,36731
Hong Kong,HK,HKG,Asia,2011,gdp_per_capita_current_usd,35142
Hong Kong,HK,HKG,Asia,2010,gdp_per_capita_current_usd,32550
Hong Kong,HK,HKG,Asia,2009,gdp_per_capita_current_usd,30698
Hong Kong,HK,HKG,Asia,2008,gdp_per_capita_current_usd,31516
Hong Kong,HK,HKG,Asia,2007,gdp_per_capita_current_usd,30594
Hong Kong,HK,HKG,Asia,2006,gdp_per_capita_current_usd,28224
Hong Kong,HK,HKG,Asia,2005,gdp_per_capita_current_usd,26650
Hong Kong,HK,HKG,Asia,2004,gdp_per_capita_current_usd,24928
Hong Kong,HK,HKG,Asia,2003,gdp_per_capita_current_usd,23977
Hong Kong,HK,HKG,Asia,2002,gdp_per_capita_current_usd,24666
Hong Kong,HK,HKG,Asia,2001,gdp_per_capita_current_usd,25230
Hong Kong,HK,HKG,Asia,2000,gdp_per_capita_current_usd,25757
Hong Kong,HK,HKG,Asia,2024,population_total,7524100
Hong Kong,HK,HKG,Asia,2023,population_total,7536100
Hong Kong,HK,HKG,Asia,2022,population_total,7346100
Hong Kong,HK,HKG,Asia,2021,population_total,7413100
Hong Kong,HK,HKG,Asia,2020,population_total,7481000
Hong Kong,HK,HKG,Asia,2019,population_total,7507900
Hong Kong,HK,HKG,Asia,2018,population_total,7452600
Hong Kong,HK,HKG,Asia,2017,population_total,7393200
Hong Kong,HK,HKG,Asia,2016,population_total,7336600
Hong Kong,HK,HKG,Asia,2015,population_total,7291300
Hong Kong,HK,HKG,Asia,2014,population_total,7229500
Hong Kong,HK,HKG,Asia,2013,population_total,7178900
Hong Kong,HK,HKG,Asia,2012,population_total,7150100
Hong Kong,HK,HKG,Asia,2011,population_total,7071600
Hong Kong,HK,HKG,Asia,2010,population_total,7024200
Hong Kong,HK,HKG,Asia,2009,population_total,6972800
Hong Kong,HK,HKG,Asia,2008,population_total,6957800
Hong Kong,HK,HKG,Asia,2007,population_total,6916300
Hong Kong,HK,HKG,Asia,2006,population_total,6857100
Hong Kong,HK,HKG,Asia,2005,population_total,6813200
Hong Kong,HK,HKG,Asia,2004,population_total,6783500
Hong Kong,HK,HKG,Asia,2003,population_total,6730800
Hong Kong,HK,HKG,Asia,2002,population_total,6744100
Hong Kong,HK,HKG,Asia,2001,population_total,6714300
Hong Kong,HK,HKG,Asia,2000,population_total,6665000
Honduras,HN,HND,North America,2024,gdp_current_usd,37093565854
Honduras,HN,HND,North America,2023,gdp_current_usd,34355805528
Honduras,HN,HND,North America,2022,gdp_current_usd,31426041807
Honduras,HN,HND,North America,2021,gdp_current_usd,28144331507
Honduras,HN,HND,North America,2020,gdp_current_usd,23352232484
Honduras,HN,HND,North America,2019,gdp_current_usd,24882225742
Honduras,HN,HND,North America,2018,gdp_current_usd,24067750760
Honduras,HN,HND,North America,2017,gdp_current_usd,23136247991
Honduras,HN,HND,North America,2016,gdp_current_usd,21717604952
Honduras,HN,HND,North America,2015,gdp_current_usd,20979791685
Honduras,HN,HND,North America,2014,gdp_current_usd,19756533972
Honduras,HN,HND,North America,2013,gdp_current_usd,18499729215
Honduras,HN,HND,North America,2012,gdp_current_usd,18528554398
Honduras,HN,HND,North America,2011,gdp_current_usd,17710275685
Honduras,HN,HND,North America,2010,gdp_current_usd,15839344592
Honduras,HN,HND,North America,2009,gdp_current_usd,14587496229
Honduras,HN,HND,North America,2008,gdp_current_usd,13881731876
Honduras,HN,HND,North America,2007,gdp_current_usd,12361257681
Honduras,HN,HND,North America,2006,gdp_current_usd,10917477066
Honduras,HN,HND,North America,2005,gdp_current_usd,9757012697
Honduras,HN,HND,North America,2004,gdp_current_usd,8869299234
Honduras,HN,HND,North America,2003,gdp_current_usd,8230391347
Honduras,HN,HND,North America,2002,gdp_current_usd,7858255413
Honduras,HN,HND,North America,2001,gdp_current_usd,7651162302
Honduras,HN,HND,North America,2000,gdp_current_usd,7186638029
Honduras,HN,HND,North America,2024,gdp_per_capita_current_usd,3426
Honduras,HN,HND,North America,2023,gdp_per_capita_current_usd,3227
Honduras,HN,HND,North America,2022,gdp_per_capita_current_usd,3003
Honduras,HN,HND,North America,2021,gdp_per_capita_current_usd,2735
Honduras,HN,HND,North America,2020,gdp_per_capita_current_usd,2308
Honduras,HN,HND,North America,2019,gdp_per_capita_current_usd,2502
Honduras,HN,HND,North America,2018,gdp_per_capita_current_usd,2465
Honduras,HN,HND,North America,2017,gdp_per_capita_current_usd,2413
Honduras,HN,HND,North America,2016,gdp_per_capita_current_usd,2307
Honduras,HN,HND,North America,2015,gdp_per_capita_current_usd,2271
Honduras,HN,HND,North America,2014,gdp_per_capita_current_usd,2180
Honduras,HN,HND,North America,2013,gdp_per_capita_current_usd,2081
Honduras,HN,HND,North America,2012,gdp_per_capita_current_usd,2126
Honduras,HN,HND,North America,2011,gdp_per_capita_current_usd,2074
Honduras,HN,HND,North America,2010,gdp_per_capita_current_usd,1893
Honduras,HN,HND,North America,2009,gdp_per_capita_current_usd,1781
Honduras,HN,HND,North America,2008,gdp_per_capita_current_usd,1732
Honduras,HN,HND,North America,2007,gdp_per_capita_current_usd,1578
Honduras,HN,HND,North America,2006,gdp_per_capita_current_usd,1426
Honduras,HN,HND,North America,2005,gdp_per_capita_current_usd,1305
Honduras,HN,HND,North America,2004,gdp_per_capita_current_usd,1215
Honduras,HN,HND,North America,2003,gdp_per_capita_current_usd,1156
Honduras,HN,HND,North America,2002,gdp_per_capita_current_usd,1132
Honduras,HN,HND,North America,2001,gdp_per_capita_current_usd,1132
Honduras,HN,HND,North America,2000,gdp_per_capita_current_usd,1093
Honduras,HN,HND,North America,2024,population_total,10825703
Honduras,HN,HND,North America,2023,population_total,10644851
Honduras,HN,HND,North America,2022,population_total,10463872
Honduras,HN,HND,North America,2021,population_total,10289877
Honduras,HN,HND,North America,2020,population_total,10119640
Honduras,HN,HND,North America,2019,population_total,9943633
Honduras,HN,HND,North America,2018,population_total,9765210
Honduras,HN,HND,North America,2017,population_total,9588137
Honduras,HN,HND,North America,2016,population_total,9412380
Honduras,HN,HND,North America,2015,population_total,9237305
Honduras,HN,HND,North America,2014,population_total,9063122
Honduras,HN,HND,North America,2013,population_total,8889278
Honduras,HN,HND,North America,2012,population_total,8715076
Honduras,HN,HND,North America,2011,population_total,8540583
Honduras,HN,HND,North America,2010,population_total,8365878
Honduras,HN,HND,North America,2009,population_total,8189899
Honduras,HN,HND,North America,2008,population_total,8012587
Honduras,HN,HND,North America,2007,population_total,7834798
Honduras,HN,HND,North America,2006,population_total,7656832
Honduras,HN,HND,North America,2005,population_total,7478355
Honduras,HN,HND,North America,2004,population_total,7298994
Honduras,HN,HND,North America,2003,population_total,7119213
Honduras,HN,HND,North America,2002,population_total,6938859
Honduras,HN,HND,North America,2001,population_total,6757993
Honduras,HN,HND,North America,2000,population_total,6577773
Croatia,HR,HRV,Europe,2024,gdp_current_usd,92526176109
Croatia,HR,HRV,Europe,2023,gdp_current_usd,84393795502
Croatia,HR,HRV,Europe,2022,gdp_current_usd,71198635102
Croatia,HR,HRV,Europe,2021,gdp_current_usd,69006802299
Croatia,HR,HRV,Europe,2020,gdp_current_usd,57963370885
Croatia,HR,HRV,Europe,2019,gdp_current_usd,61467582194
Croatia,HR,HRV,Europe,2018,gdp_current_usd,61668130123
Croatia,HR,HRV,Europe,2017,gdp_current_usd,56186190438
Croatia,HR,HRV,Europe,2016,gdp_current_usd,52654855638
Croatia,HR,HRV,Europe,2015,gdp_current_usd,51005200670
Croatia,HR,HRV,Europe,2014,gdp_current_usd,59612144078
Croatia,HR,HRV,Europe,2013,gdp_current_usd,59852401272
Croatia,HR,HRV,Europe,2012,gdp_current_usd,57551963753
Croatia,HR,HRV,Europe,2011,gdp_current_usd,62903737380
Croatia,HR,HRV,Europe,2010,gdp_current_usd,58981738869
Croatia,HR,HRV,Europe,2009,gdp_current_usd,62321642125
Croatia,HR,HRV,Europe,2008,gdp_current_usd,68478776206
Croatia,HR,HRV,Europe,2007,gdp_current_usd,59298265770
Croatia,HR,HRV,Europe,2006,gdp_current_usd,49590197657
Croatia,HR,HRV,Europe,2005,gdp_current_usd,45013119282
Croatia,HR,HRV,Europe,2004,gdp_current_usd,41836292157
Croatia,HR,HRV,Europe,2003,gdp_current_usd,35245317002
Croatia,HR,HRV,Europe,2002,gdp_current_usd,26757722429
Croatia,HR,HRV,Europe,2001,gdp_current_usd,23066883850
Croatia,HR,HRV,Europe,2000,gdp_current_usd,22134411297
Croatia,HR,HRV,Europe,2024,gdp_per_capita_current_usd,23931
Croatia,HR,HRV,Europe,2023,gdp_per_capita_current_usd,21865
Croatia,HR,HRV,Europe,2022,gdp_per_capita_current_usd,18466
Croatia,HR,HRV,Europe,2021,gdp_per_capita_current_usd,17790
Croatia,HR,HRV,Europe,2020,gdp_per_capita_current_usd,14808
Croatia,HR,HRV,Europe,2019,gdp_per_capita_current_usd,15564
Croatia,HR,HRV,Europe,2018,gdp_per_capita_current_usd,15460
Croatia,HR,HRV,Europe,2017,gdp_per_capita_current_usd,13903
Croatia,HR,HRV,Europe,2016,gdp_per_capita_current_usd,12821
Croatia,HR,HRV,Europe,2015,gdp_per_capita_current_usd,12285
Croatia,HR,HRV,Europe,2014,gdp_per_capita_current_usd,14188
Croatia,HR,HRV,Europe,2013,gdp_per_capita_current_usd,14136
Croatia,HR,HRV,Europe,2012,gdp_per_capita_current_usd,13509
Croatia,HR,HRV,Europe,2011,gdp_per_capita_current_usd,14695
Croatia,HR,HRV,Europe,2010,gdp_per_capita_current_usd,13731
Croatia,HR,HRV,Europe,2009,gdp_per_capita_current_usd,14476
Croatia,HR,HRV,Europe,2008,gdp_per_capita_current_usd,15889
Croatia,HR,HRV,Europe,2007,gdp_per_capita_current_usd,13758
Croatia,HR,HRV,Europe,2006,gdp_per_capita_current_usd,11503
Croatia,HR,HRV,Europe,2005,gdp_per_capita_current_usd,10444
Croatia,HR,HRV,Europe,2004,gdp_per_capita_current_usd,9719
Croatia,HR,HRV,Europe,2003,gdp_per_capita_current_usd,8190
Croatia,HR,HRV,Europe,2002,gdp_per_capita_current_usd,6220
Croatia,HR,HRV,Europe,2001,gdp_per_capita_current_usd,5365
Croatia,HR,HRV,Europe,2000,gdp_per_capita_current_usd,4954
Croatia,HR,HRV,Europe,2024,population_total,3866300
Croatia,HR,HRV,Europe,2023,population_total,3859686
Croatia,HR,HRV,Europe,2022,population_total,3855641
Croatia,HR,HRV,Europe,2021,population_total,3878981
Croatia,HR,HRV,Europe,2020,population_total,3914206
Croatia,HR,HRV,Europe,2019,population_total,3949390
Croatia,HR,HRV,Europe,2018,population_total,3988775
Croatia,HR,HRV,Europe,2017,population_total,4041407
Croatia,HR,HRV,Europe,2016,population_total,4106867
Croatia,HR,HRV,Europe,2015,population_total,4151725
Croatia,HR,HRV,Europe,2014,population_total,4201598
Croatia,HR,HRV,Europe,2013,population_total,4233922
Croatia,HR,HRV,Europe,2012,population_total,4260368
Croatia,HR,HRV,Europe,2011,population_total,4280622
Croatia,HR,HRV,Europe,2010,population_total,4295427
Croatia,HR,HRV,Europe,2009,population_total,4305181
Croatia,HR,HRV,Europe,2008,population_total,4309705
Croatia,HR,HRV,Europe,2007,population_total,4310217
Croatia,HR,HRV,Europe,2006,population_total,4311159
Croatia,HR,HRV,Europe,2005,population_total,4310145
Croatia,HR,HRV,Europe,2004,population_total,4304600
Croatia,HR,HRV,Europe,2003,population_total,4303399
Croatia,HR,HRV,Europe,2002,population_total,4302174
Croatia,HR,HRV,Europe,2001,population_total,4299642
Croatia,HR,HRV,Europe,2000,population_total,4468302
Haiti,HT,HTI,North America,2024,gdp_current_usd,25224154991
Haiti,HT,HTI,North America,2023,gdp_current_usd,19850585722
Haiti,HT,HTI,North America,2022,gdp_current_usd,20253551921
Haiti,HT,HTI,North America,2021,gdp_current_usd,20877414953
Haiti,HT,HTI,North America,2020,gdp_current_usd,14508222518
Haiti,HT,HTI,North America,2019,gdp_current_usd,15016090930
Haiti,HT,HTI,North America,2018,gdp_current_usd,16403864618
Haiti,HT,HTI,North America,2017,gdp_current_usd,15093357161
Haiti,HT,HTI,North America,2016,gdp_current_usd,14069277526
Haiti,HT,HTI,North America,2015,gdp_current_usd,14849629309
Haiti,HT,HTI,North America,2014,gdp_current_usd,15146883498
Haiti,HT,HTI,North America,2013,gdp_current_usd,14902488604
Haiti,HT,HTI,North America,2012,gdp_current_usd,13708925477
Haiti,HT,HTI,North America,2011,gdp_current_usd,13008746039
Haiti,HT,HTI,North America,2010,gdp_current_usd,11859312725
Haiti,HT,HTI,North America,2009,gdp_current_usd,11597002835
Haiti,HT,HTI,North America,2008,gdp_current_usd,10432962635
Haiti,HT,HTI,North America,2007,gdp_current_usd,9228637768
Haiti,HT,HTI,North America,2006,gdp_current_usd,7638739123
Haiti,HT,HTI,North America,2005,gdp_current_usd,7030149730
Haiti,HT,HTI,North America,2004,gdp_current_usd,6087360684
Haiti,HT,HTI,North America,2003,gdp_current_usd,5071947798
Haiti,HT,HTI,North America,2002,gdp_current_usd,6205847214
Haiti,HT,HTI,North America,2001,gdp_current_usd,6331970324
Haiti,HT,HTI,North America,2000,gdp_current_usd,6813566099
Haiti,HT,HTI,North America,2024,gdp_per_capita_current_usd,2143
Haiti,HT,HTI,North America,2023,gdp_per_capita_current_usd,1706
Haiti,HT,HTI,North America,2022,gdp_per_capita_current_usd,1761
Haiti,HT,HTI,North America,2021,gdp_per_capita_current_usd,1835
Haiti,HT,HTI,North America,2020,gdp_per_capita_current_usd,1290
Haiti,HT,HTI,North America,2019,gdp_per_capita_current_usd,1352
Haiti,HT,HTI,North America,2018,gdp_per_capita_current_usd,1496
Haiti,HT,HTI,North America,2017,gdp_per_capita_current_usd,1395
Haiti,HT,HTI,North America,2016,gdp_per_capita_current_usd,1318
Haiti,HT,HTI,North America,2015,gdp_per_capita_current_usd,1411
Haiti,HT,HTI,North America,2014,gdp_per_capita_current_usd,1460
Haiti,HT,HTI,North America,2013,gdp_per_capita_current_usd,1458
Haiti,HT,HTI,North America,2012,gdp_per_capita_current_usd,1361
Haiti,HT,HTI,North America,2011,gdp_per_capita_current_usd,1312
Haiti,HT,HTI,North America,2010,gdp_per_capita_current_usd,1210
Haiti,HT,HTI,North America,2009,gdp_per_capita_current_usd,1197
Haiti,HT,HTI,North America,2008,gdp_per_capita_current_usd,1095
Haiti,HT,HTI,North America,2007,gdp_per_capita_current_usd,985
Haiti,HT,HTI,North America,2006,gdp_per_capita_current_usd,829
Haiti,HT,HTI,North America,2005,gdp_per_capita_current_usd,776
Haiti,HT,HTI,North America,2004,gdp_per_capita_current_usd,683
Haiti,HT,HTI,North America,2003,gdp_per_capita_current_usd,579
Haiti,HT,HTI,North America,2002,gdp_per_capita_current_usd,721
Haiti,HT,HTI,North America,2001,gdp_per_capita_current_usd,749
Haiti,HT,HTI,North America,2000,gdp_per_capita_current_usd,821
Haiti,HT,HTI,North America,2024,population_total,11772557
Haiti,HT,HTI,North America,2023,population_total,11637398
Haiti,HT,HTI,North America,2022,population_total,11503606
Haiti,HT,HTI,North America,2021,population_total,11374586
Haiti,HT,HTI,North America,2020,population_total,11243848
Haiti,HT,HTI,North America,2019,population_total,11105163
Haiti,HT,HTI,North America,2018,population_total,10962362
Haiti,HT,HTI,North America,2017,population_total,10817754
Haiti,HT,HTI,North America,2016,population_total,10671457
Haiti,HT,HTI,North America,2015,population_total,10523242
Haiti,HT,HTI,North America,2014,population_total,10373235
Haiti,HT,HTI,North America,2013,population_total,10222362
Haiti,HT,HTI,North America,2012,population_total,10069771
Haiti,HT,HTI,North America,2011,population_total,9914904
Haiti,HT,HTI,North America,2010,population_total,9803294
Haiti,HT,HTI,North America,2009,population_total,9689581
Haiti,HT,HTI,North America,2008,population_total,9530774
Haiti,HT,HTI,North America,2007,population_total,9373296
Haiti,HT,HTI,North America,2006,population_total,9216562
Haiti,HT,HTI,North America,2005,population_total,9061273
Haiti,HT,HTI,North America,2004,population_total,8910263
Haiti,HT,HTI,North America,2003,population_total,8759912
Haiti,HT,HTI,North America,2002,population_total,8607641
Haiti,HT,HTI,North America,2001,population_total,8455918
Haiti,HT,HTI,North America,2000,population_total,8303151
Hungary,HU,HUN,Europe,2024,gdp_current_usd,222904723252
Hungary,HU,HUN,Europe,2023,gdp_current_usd,214022571311
Hungary,HU,HUN,Europe,2022,gdp_current_usd,177536698165
Hungary,HU,HUN,Europe,2021,gdp_current_usd,183282685440
Hungary,HU,HUN,Europe,2020,gdp_current_usd,158468487754
Hungary,HU,HUN,Europe,2019,gdp_current_usd,164936682034
Hungary,HU,HUN,Europe,2018,gdp_current_usd,161184691014
Hungary,HU,HUN,Europe,2017,gdp_current_usd,143335098992
Hungary,HU,HUN,Europe,2016,gdp_current_usd,128983560865
Hungary,HU,HUN,Europe,2015,gdp_current_usd,125244126623
Hungary,HU,HUN,Europe,2014,gdp_current_usd,141128696412
Hungary,HU,HUN,Europe,2013,gdp_current_usd,135646053779
Hungary,HU,HUN,Europe,2012,gdp_current_usd,128470269690
Hungary,HU,HUN,Europe,2011,gdp_current_usd,141712804954
Hungary,HU,HUN,Europe,2010,gdp_current_usd,131898737241
Hungary,HU,HUN,Europe,2009,gdp_current_usd,130807441076
Hungary,HU,HUN,Europe,2008,gdp_current_usd,158228265916
Hungary,HU,HUN,Europe,2007,gdp_current_usd,140123326896
Hungary,HU,HUN,Europe,2006,gdp_current_usd,115604111412
Hungary,HU,HUN,Europe,2005,gdp_current_usd,113098237571
Hungary,HU,HUN,Europe,2004,gdp_current_usd,104015363080
Hungary,HU,HUN,Europe,2003,gdp_current_usd,85190469121
Hungary,HU,HUN,Europe,2002,gdp_current_usd,67636468625
Hungary,HU,HUN,Europe,2001,gdp_current_usd,53800068066
Hungary,HU,HUN,Europe,2000,gdp_current_usd,47275954429
Hungary,HU,HUN,Europe,2024,gdp_per_capita_current_usd,23311
Hungary,HU,HUN,Europe,2023,gdp_per_capita_current_usd,22312
Hungary,HU,HUN,Europe,2022,gdp_per_capita_current_usd,18484
Hungary,HU,HUN,Europe,2021,gdp_per_capita_current_usd,19031
Hungary,HU,HUN,Europe,2020,gdp_per_capita_current_usd,16387
Hungary,HU,HUN,Europe,2019,gdp_per_capita_current_usd,17013
Hungary,HU,HUN,Europe,2018,gdp_per_capita_current_usd,16605
Hungary,HU,HUN,Europe,2017,gdp_per_capita_current_usd,14736
Hungary,HU,HUN,Europe,2016,gdp_per_capita_current_usd,13216
Hungary,HU,HUN,Europe,2015,gdp_per_capita_current_usd,12783
Hungary,HU,HUN,Europe,2014,gdp_per_capita_current_usd,14353
Hungary,HU,HUN,Europe,2013,gdp_per_capita_current_usd,13739
Hungary,HU,HUN,Europe,2012,gdp_per_capita_current_usd,12950
Hungary,HU,HUN,Europe,2011,gdp_per_capita_current_usd,14211
Hungary,HU,HUN,Europe,2010,gdp_per_capita_current_usd,13190
Hungary,HU,HUN,Europe,2009,gdp_per_capita_current_usd,13051
Hungary,HU,HUN,Europe,2008,gdp_per_capita_current_usd,15763
Hungary,HU,HUN,Europe,2007,gdp_per_capita_current_usd,13935
Hungary,HU,HUN,Europe,2006,gdp_per_capita_current_usd,11478
Hungary,HU,HUN,Europe,2005,gdp_per_capita_current_usd,11212
Hungary,HU,HUN,Europe,2004,gdp_per_capita_current_usd,10291
Hungary,HU,HUN,Europe,2003,gdp_per_capita_current_usd,8410
Hungary,HU,HUN,Europe,2002,gdp_per_capita_current_usd,6658
Hungary,HU,HUN,Europe,2001,gdp_per_capita_current_usd,5281
Hungary,HU,HUN,Europe,2000,gdp_per_capita_current_usd,4630
Hungary,HU,HUN,Europe,2024,population_total,9562314
Hungary,HU,HUN,Europe,2023,population_total,9592186
Hungary,HU,HUN,Europe,2022,population_total,9605074
Hungary,HU,HUN,Europe,2021,population_total,9630932
Hungary,HU,HUN,Europe,2020,population_total,9670419
Hungary,HU,HUN,Europe,2019,population_total,9694824
Hungary,HU,HUN,Europe,2018,population_total,9706964
Hungary,HU,HUN,Europe,2017,population_total,9726756
Hungary,HU,HUN,Europe,2016,population_total,9759755
Hungary,HU,HUN,Europe,2015,population_total,9797755
Hungary,HU,HUN,Europe,2014,population_total,9833038
Hungary,HU,HUN,Europe,2013,population_total,9872734
Hungary,HU,HUN,Europe,2012,population_total,9920362
Hungary,HU,HUN,Europe,2011,population_total,9971727
Hungary,HU,HUN,Europe,2010,population_total,10000023
Hungary,HU,HUN,Europe,2009,population_total,10022650
Hungary,HU,HUN,Europe,2008,population_total,10038188
Hungary,HU,HUN,Europe,2007,population_total,10055780
Hungary,HU,HUN,Europe,2006,population_total,10071370
Hungary,HU,HUN,Europe,2005,population_total,10087065
Hungary,HU,HUN,Europe,2004,population_total,10107146
Hungary,HU,HUN,Europe,2003,population_total,10129552
Hungary,HU,HUN,Europe,2002,population_total,10158608
Hungary,HU,HUN,Europe,2001,population_total,10187576
Hungary,HU,HUN,Europe,2000,population_total,10210971
Indonesia,ID,IDN,Asia,2024,gdp_current_usd,1396300098191
Indonesia,ID,IDN,Asia,2023,gdp_current_usd,1371169301564
Indonesia,ID,IDN,Asia,2022,gdp_current_usd,1319101183380
Indonesia,ID,IDN,Asia,2021,gdp_current_usd,1186509691087
Indonesia,ID,IDN,Asia,2020,gdp_current_usd,1059054842698
Indonesia,ID,IDN,Asia,2019,gdp_current_usd,1119099871350
Indonesia,ID,IDN,Asia,2018,gdp_current_usd,1042271532989
Indonesia,ID,IDN,Asia,2017,gdp_current_usd,1015618744160
Indonesia,ID,IDN,Asia,2016,gdp_current_usd,931877364038
Indonesia,ID,IDN,Asia,2015,gdp_current_usd,860854232686
Indonesia,ID,IDN,Asia,2014,gdp_current_usd,890814755534
Indonesia,ID,IDN,Asia,2013,gdp_current_usd,912524136718
Indonesia,ID,IDN,Asia,2012,gdp_current_usd,917869913333
Indonesia,ID,IDN,Asia,2011,gdp_current_usd,892969104563
Indonesia,ID,IDN,Asia,2010,gdp_current_usd,755094157622
Indonesia,ID,IDN,Asia,2009,gdp_current_usd,539580085612
Indonesia,ID,IDN,Asia,2008,gdp_current_usd,510228634992
Indonesia,ID,IDN,Asia,2007,gdp_current_usd,432216737775
Indonesia,ID,IDN,Asia,2006,gdp_current_usd,364570515618
Indonesia,ID,IDN,Asia,2005,gdp_current_usd,285868619196
Indonesia,ID,IDN,Asia,2004,gdp_current_usd,256836875295
Indonesia,ID,IDN,Asia,2003,gdp_current_usd,234772463824
Indonesia,ID,IDN,Asia,2002,gdp_current_usd,195660611165
Indonesia,ID,IDN,Asia,2001,gdp_current_usd,160446947785
Indonesia,ID,IDN,Asia,2000,gdp_current_usd,165021012078
Indonesia,ID,IDN,Asia,2024,gdp_per_capita_current_usd,4925
Indonesia,ID,IDN,Asia,2023,gdp_per_capita_current_usd,4876
Indonesia,ID,IDN,Asia,2022,gdp_per_capita_current_usd,4731
Indonesia,ID,IDN,Asia,2021,gdp_per_capita_current_usd,4287
Indonesia,ID,IDN,Asia,2020,gdp_per_capita_current_usd,3854
Indonesia,ID,IDN,Asia,2019,gdp_per_capita_current_usd,4107
Indonesia,ID,IDN,Asia,2018,gdp_per_capita_current_usd,3861
Indonesia,ID,IDN,Asia,2017,gdp_per_capita_current_usd,3799
Indonesia,ID,IDN,Asia,2016,gdp_per_capita_current_usd,3521
Indonesia,ID,IDN,Asia,2015,gdp_per_capita_current_usd,3288
Indonesia,ID,IDN,Asia,2014,gdp_per_capita_current_usd,3441
Indonesia,ID,IDN,Asia,2013,gdp_per_capita_current_usd,3567
Indonesia,ID,IDN,Asia,2012,gdp_per_capita_current_usd,3632
Indonesia,ID,IDN,Asia,2011,gdp_per_capita_current_usd,3579
Indonesia,ID,IDN,Asia,2010,gdp_per_capita_current_usd,3066
Indonesia,ID,IDN,Asia,2009,gdp_per_capita_current_usd,2218
Indonesia,ID,IDN,Asia,2008,gdp_per_capita_current_usd,2125
Indonesia,ID,IDN,Asia,2007,gdp_per_capita_current_usd,1823
Indonesia,ID,IDN,Asia,2006,gdp_per_capita_current_usd,1558
Indonesia,ID,IDN,Asia,2005,gdp_per_capita_current_usd,1238
Indonesia,ID,IDN,Asia,2004,gdp_per_capita_current_usd,1127
Indonesia,ID,IDN,Asia,2003,gdp_per_capita_current_usd,1043
Indonesia,ID,IDN,Asia,2002,gdp_per_capita_current_usd,881
Indonesia,ID,IDN,Asia,2001,gdp_per_capita_current_usd,732
Indonesia,ID,IDN,Asia,2000,gdp_per_capita_current_usd,764
Indonesia,ID,IDN,Asia,2024,population_total,283487931
Indonesia,ID,IDN,Asia,2023,population_total,281190067
Indonesia,ID,IDN,Asia,2022,population_total,278830529
Indonesia,ID,IDN,Asia,2021,population_total,276758053
Indonesia,ID,IDN,Asia,2020,population_total,274814866
Indonesia,ID,IDN,Asia,2019,population_total,272489381
Indonesia,ID,IDN,Asia,2018,population_total,269951846
Indonesia,ID,IDN,Asia,2017,population_total,267346658
Indonesia,ID,IDN,Asia,2016,population_total,264627418
Indonesia,ID,IDN,Asia,2015,population_total,261799249
Indonesia,ID,IDN,Asia,2014,population_total,258877399
Indonesia,ID,IDN,Asia,2013,population_total,255852467
Indonesia,ID,IDN,Asia,2012,population_total,252698525
Indonesia,ID,IDN,Asia,2011,population_total,249470032
Indonesia,ID,IDN,Asia,2010,population_total,246305322
Indonesia,ID,IDN,Asia,2009,population_total,243220028
Indonesia,ID,IDN,Asia,2008,population_total,240157903
Indonesia,ID,IDN,Asia,2007,population_total,237062337
Indonesia,ID,IDN,Asia,2006,population_total,233951652
Indonesia,ID,IDN,Asia,2005,population_total,230871650
Indonesia,ID,IDN,Asia,2004,population_total,227926649
Indonesia,ID,IDN,Asia,2003,population_total,225048008
Indonesia,ID,IDN,Asia,2002,population_total,222088495
Indonesia,ID,IDN,Asia,2001,population_total,219097902
Indonesia,ID,IDN,Asia,2000,population_total,216077790
Isle of Man,IM,IMN,Europe,2022,gdp_current_usd,7431257411
Isle of Man,IM,IMN,Europe,2021,gdp_current_usd,7931193222
Isle of Man,IM,IMN,Europe,2020,gdp_current_usd,6684225641
Isle of Man,IM,IMN,Europe,2019,gdp_current_usd,7314967866
Isle of Man,IM,IMN,Europe,2018,gdp_current_usd,7491649456
Isle of Man,IM,IMN,Europe,2017,gdp_current_usd,6979788334
Isle of Man,IM,IMN,Europe,2016,gdp_current_usd,6846377563
Isle of Man,IM,IMN,Europe,2015,gdp_current_usd,7084800892
Isle of Man,IM,IMN,Europe,2014,gdp_current_usd,7708454412
Isle of Man,IM,IMN,Europe,2013,gdp_current_usd,7001175623
Isle of Man,IM,IMN,Europe,2012,gdp_current_usd,6690228372
Isle of Man,IM,IMN,Europe,2011,gdp_current_usd,6565667053
Isle of Man,IM,IMN,Europe,2010,gdp_current_usd,5920369790
Isle of Man,IM,IMN,Europe,2009,gdp_current_usd,5486921247
Isle of Man,IM,IMN,Europe,2008,gdp_current_usd,5928791505
Isle of Man,IM,IMN,Europe,2007,gdp_current_usd,4466350656
Isle of Man,IM,IMN,Europe,2006,gdp_current_usd,3422733202
Isle of Man,IM,IMN,Europe,2005,gdp_current_usd,3032411027
Isle of Man,IM,IMN,Europe,2004,gdp_current_usd,2802206152
Isle of Man,IM,IMN,Europe,2003,gdp_current_usd,2252620408
Isle of Man,IM,IMN,Europe,2002,gdp_current_usd,1891002698
Isle of Man,IM,IMN,Europe,2001,gdp_current_usd,1668684324
Isle of Man,IM,IMN,Europe,2000,gdp_current_usd,1601050083
Isle of Man,IM,IMN,Europe,2022,gdp_per_capita_current_usd,88329
Isle of Man,IM,IMN,Europe,2021,gdp_per_capita_current_usd,94300
Isle of Man,IM,IMN,Europe,2020,gdp_per_capita_current_usd,79514
Isle of Man,IM,IMN,Europe,2019,gdp_per_capita_current_usd,87128
Isle of Man,IM,IMN,Europe,2018,gdp_per_capita_current_usd,89394
Isle of Man,IM,IMN,Europe,2017,gdp_per_capita_current_usd,83481
Isle of Man,IM,IMN,Europe,2016,gdp_per_capita_current_usd,82026
Isle of Man,IM,IMN,Europe,2015,gdp_per_capita_current_usd,84754
Isle of Man,IM,IMN,Europe,2014,gdp_per_capita_current_usd,91885
Isle of Man,IM,IMN,Europe,2013,gdp_per_capita_current_usd,83208
Isle of Man,IM,IMN,Europe,2012,gdp_per_capita_current_usd,79329
Isle of Man,IM,IMN,Europe,2011,gdp_per_capita_current_usd,77809
Isle of Man,IM,IMN,Europe,2010,gdp_per_capita_current_usd,70587
Isle of Man,IM,IMN,Europe,2009,gdp_per_capita_current_usd,66156
Isle of Man,IM,IMN,Europe,2008,gdp_per_capita_current_usd,72277
Isle of Man,IM,IMN,Europe,2007,gdp_per_capita_current_usd,55040
Isle of Man,IM,IMN,Europe,2006,gdp_per_capita_current_usd,42628
Isle of Man,IM,IMN,Europe,2005,gdp_per_capita_current_usd,38136
Isle of Man,IM,IMN,Europe,2004,gdp_per_capita_current_usd,35565
Isle of Man,IM,IMN,Europe,2003,gdp_per_capita_current_usd,28862
Isle of Man,IM,IMN,Europe,2002,gdp_per_capita_current_usd,24471
Isle of Man,IM,IMN,Europe,2001,gdp_per_capita_current_usd,21820
Isle of Man,IM,IMN,Europe,2000,gdp_per_capita_current_usd,21161
Isle of Man,IM,IMN,Europe,2024,population_total,84160
Isle of Man,IM,IMN,Europe,2023,population_total,84165
Isle of Man,IM,IMN,Europe,2022,population_total,84132
Isle of Man,IM,IMN,Europe,2021,population_total,84106
Isle of Man,IM,IMN,Europe,2020,population_total,84064
Isle of Man,IM,IMN,Europe,2019,population_total,83957
Isle of Man,IM,IMN,Europe,2018,population_total,83805
Isle of Man,IM,IMN,Europe,2017,population_total,83609
Isle of Man,IM,IMN,Europe,2016,population_total,83466
Isle of Man,IM,IMN,Europe,2015,population_total,83593
Isle of Man,IM,IMN,Europe,2014,population_total,83892
Isle of Man,IM,IMN,Europe,2013,population_total,84141
Isle of Man,IM,IMN,Europe,2012,population_total,84335
Isle of Man,IM,IMN,Europe,2011,population_total,84382
Isle of Man,IM,IMN,Europe,2010,population_total,83873
Isle of Man,IM,IMN,Europe,2009,population_total,82939
Isle of Man,IM,IMN,Europe,2008,population_total,82029
Isle of Man,IM,IMN,Europe,2007,population_total,81147
Isle of Man,IM,IMN,Europe,2006,population_total,80294
Isle of Man,IM,IMN,Europe,2005,population_total,79516
Isle of Man,IM,IMN,Europe,2004,population_total,78792
Isle of Man,IM,IMN,Europe,2003,population_total,78049
Isle of Man,IM,IMN,Europe,2002,population_total,77275
Isle of Man,IM,IMN,Europe,2001,population_total,76476
Isle of Man,IM,IMN,Europe,2000,population_total,75659
India,IN,IND,Asia,2024,gdp_current_usd,3912686168582
India,IN,IND,Asia,2023,gdp_current_usd,3638489096034
India,IN,IND,Asia,2022,gdp_current_usd,3346107287731
India,IN,IND,Asia,2021,gdp_current_usd,3167270623260
India,IN,IND,Asia,2020,gdp_current_usd,2674851578587
India,IN,IND,Asia,2019,gdp_current_usd,2835606256558
India,IN,IND,Asia,2018,gdp_current_usd,2702929641649
India,IN,IND,Asia,2017,gdp_current_usd,2651474262755
India,IN,IND,Asia,2016,gdp_current_usd,2294796885663
India,IN,IND,Asia,2015,gdp_current_usd,2103588360045
India,IN,IND,Asia,2014,gdp_current_usd,2039126479155
India,IN,IND,Asia,2013,gdp_current_usd,1856721507622
India,IN,IND,Asia,2012,gdp_current_usd,1827637590410
India,IN,IND,Asia,2011,gdp_current_usd,1823051829895
India,IN,IND,Asia,2010,gdp_current_usd,1675615519485
India,IN,IND,Asia,2009,gdp_current_usd,1341888016995
India,IN,IND,Asia,2008,gdp_current_usd,1198895139006
India,IN,IND,Asia,2007,gdp_current_usd,1216736438835
India,IN,IND,Asia,2006,gdp_current_usd,940259888788
India,IN,IND,Asia,2005,gdp_current_usd,820383763511
India,IN,IND,Asia,2004,gdp_current_usd,709152728831
India,IN,IND,Asia,2003,gdp_current_usd,607700687237
India,IN,IND,Asia,2002,gdp_current_usd,514939140319
India,IN,IND,Asia,2001,gdp_current_usd,485440139204
India,IN,IND,Asia,2000,gdp_current_usd,468395521654
India,IN,IND,Asia,2024,gdp_per_capita_current_usd,2697
India,IN,IND,Asia,2023,gdp_per_capita_current_usd,2530
India,IN,IND,Asia,2022,gdp_per_capita_current_usd,2347
India,IN,IND,Asia,2021,gdp_per_capita_current_usd,2240
India,IN,IND,Asia,2020,gdp_per_capita_current_usd,1907
India,IN,IND,Asia,2019,gdp_per_capita_current_usd,2041
India,IN,IND,Asia,2018,gdp_per_capita_current_usd,1966
India,IN,IND,Asia,2017,gdp_per_capita_current_usd,1950
India,IN,IND,Asia,2016,gdp_per_capita_current_usd,1708
India,IN,IND,Asia,2015,gdp_per_capita_current_usd,1584
India,IN,IND,Asia,2014,gdp_per_capita_current_usd,1554
India,IN,IND,Asia,2013,gdp_per_capita_current_usd,1433
India,IN,IND,Asia,2012,gdp_per_capita_current_usd,1429
India,IN,IND,Asia,2011,gdp_per_capita_current_usd,1445
India,IN,IND,Asia,2010,gdp_per_capita_current_usd,1348
India,IN,IND,Asia,2009,gdp_per_capita_current_usd,1095
India,IN,IND,Asia,2008,gdp_per_capita_current_usd,993
India,IN,IND,Asia,2007,gdp_per_capita_current_usd,1022
India,IN,IND,Asia,2006,gdp_per_capita_current_usd,802
India,IN,IND,Asia,2005,gdp_per_capita_current_usd,710
India,IN,IND,Asia,2004,gdp_per_capita_current_usd,624
India,IN,IND,Asia,2003,gdp_per_capita_current_usd,544
India,IN,IND,Asia,2002,gdp_per_capita_current_usd,469
India,IN,IND,Asia,2001,gdp_per_capita_current_usd,450
India,IN,IND,Asia,2000,gdp_per_capita_current_usd,443
India,IN,IND,Asia,2024,population_total,1450935791
India,IN,IND,Asia,2023,population_total,1438069596
India,IN,IND,Asia,2022,population_total,1425423212
India,IN,IND,Asia,2021,population_total,1414203896
India,IN,IND,Asia,2020,population_total,1402617695
India,IN,IND,Asia,2019,population_total,1389030312
India,IN,IND,Asia,2018,population_total,1374659064
India,IN,IND,Asia,2017,population_total,1359657400
India,IN,IND,Asia,2016,population_total,1343944296
India,IN,IND,Asia,2015,population_total,1328024498
India,IN,IND,Asia,2014,population_total,1312277191
India,IN,IND,Asia,2013,population_total,1295829511
India,IN,IND,Asia,2012,population_total,1278674502
India,IN,IND,Asia,2011,population_total,1261224954
India,IN,IND,Asia,2010,population_total,1243481564
India,IN,IND,Asia,2009,population_total,1225524753
India,IN,IND,Asia,2008,population_total,1207930964
India,IN,IND,Asia,2007,population_total,1190676021
India,IN,IND,Asia,2006,population_total,1172878890
India,IN,IND,Asia,2005,population_total,1154676322
India,IN,IND,Asia,2004,population_total,1135991513
India,IN,IND,Asia,2003,population_total,1116803006
India,IN,IND,Asia,2002,population_total,1097600380
India,IN,IND,Asia,2001,population_total,1077898575
India,IN,IND,Asia,2000,population_total,1057922733
Ireland,IE,IRL,Europe,2024,gdp_current_usd,577389475010
Ireland,IE,IRL,Europe,2023,gdp_current_usd,551394889340
Ireland,IE,IRL,Europe,2022,gdp_current_usd,548570250342
Ireland,IE,IRL,Europe,2021,gdp_current_usd,531306516908
Ireland,IE,IRL,Europe,2020,gdp_current_usd,436555518400
Ireland,IE,IRL,Europe,2019,gdp_current_usd,407124824065
Ireland,IE,IRL,Europe,2018,gdp_current_usd,395461216460
Ireland,IE,IRL,Europe,2017,gdp_current_usd,348532394024
Ireland,IE,IRL,Europe,2016,gdp_current_usd,305733136181
Ireland,IE,IRL,Europe,2015,gdp_current_usd,302391428540
Ireland,IE,IRL,Europe,2014,gdp_current_usd,266787238499
Ireland,IE,IRL,Europe,2013,gdp_current_usd,243301556085
Ireland,IE,IRL,Europe,2012,gdp_current_usd,227270922957
Ireland,IE,IRL,Europe,2011,gdp_current_usd,241337364610
Ireland,IE,IRL,Europe,2010,gdp_current_usd,221985621538
Ireland,IE,IRL,Europe,2009,gdp_current_usd,236443117248
Ireland,IE,IRL,Europe,2008,gdp_current_usd,275447471451
Ireland,IE,IRL,Europe,2007,gdp_current_usd,270079279420
Ireland,IE,IRL,Europe,2006,gdp_current_usd,232180617162
Ireland,IE,IRL,Europe,2005,gdp_current_usd,211876989656
Ireland,IE,IRL,Europe,2004,gdp_current_usd,194372115041
Ireland,IE,IRL,Europe,2003,gdp_current_usd,164670771260
Ireland,IE,IRL,Europe,2002,gdp_current_usd,128596035288
Ireland,IE,IRL,Europe,2001,gdp_current_usd,109346669230
Ireland,IE,IRL,Europe,2000,gdp_current_usd,100207610430
Ireland,IE,IRL,Europe,2024,gdp_per_capita_current_usd,107316
Ireland,IE,IRL,Europe,2023,gdp_per_capita_current_usd,103888
Ireland,IE,IRL,Europe,2022,gdp_per_capita_current_usd,105235
Ireland,IE,IRL,Europe,2021,gdp_per_capita_current_usd,103962
Ireland,IE,IRL,Europe,2020,gdp_per_capita_current_usd,86623
Ireland,IE,IRL,Europe,2019,gdp_per_capita_current_usd,81810
Ireland,IE,IRL,Europe,2018,gdp_per_capita_current_usd,80739
Ireland,IE,IRL,Europe,2017,gdp_per_capita_current_usd,72198
Ireland,IE,IRL,Europe,2016,gdp_per_capita_current_usd,64193
Ireland,IE,IRL,Europe,2015,gdp_per_capita_current_usd,64312
Ireland,IE,IRL,Europe,2014,gdp_per_capita_current_usd,57278
Ireland,IE,IRL,Europe,2013,gdp_per_capita_current_usd,52619
Ireland,IE,IRL,Europe,2012,gdp_per_capita_current_usd,49412
Ireland,IE,IRL,Europe,2011,gdp_per_capita_current_usd,52693
Ireland,IE,IRL,Europe,2010,gdp_per_capita_current_usd,48679
Ireland,IE,IRL,Europe,2009,gdp_per_capita_current_usd,52133
Ireland,IE,IRL,Europe,2008,gdp_per_capita_current_usd,61353
Ireland,IE,IRL,Europe,2007,gdp_per_capita_current_usd,61396
Ireland,IE,IRL,Europe,2006,gdp_per_capita_current_usd,54329
Ireland,IE,IRL,Europe,2005,gdp_per_capita_current_usd,50933
Ireland,IE,IRL,Europe,2004,gdp_per_capita_current_usd,47754
Ireland,IE,IRL,Europe,2003,gdp_per_capita_current_usd,41204
Ireland,IE,IRL,Europe,2002,gdp_per_capita_current_usd,32705
Ireland,IE,IRL,Europe,2001,gdp_per_capita_current_usd,28282
Ireland,IE,IRL,Europe,2000,gdp_per_capita_current_usd,26335
Ireland,IE,IRL,Europe,2024,population_total,5380257
Ireland,IE,IRL,Europe,2023,population_total,5307600
Ireland,IE,IRL,Europe,2022,population_total,5212836
Ireland,IE,IRL,Europe,2021,population_total,5110585
Ireland,IE,IRL,Europe,2020,population_total,5039747
Ireland,IE,IRL,Europe,2019,population_total,4976456
Ireland,IE,IRL,Europe,2018,population_total,4898022
Ireland,IE,IRL,Europe,2017,population_total,4827445
Ireland,IE,IRL,Europe,2016,population_total,4762722
Ireland,IE,IRL,Europe,2015,population_total,4701957
Ireland,IE,IRL,Europe,2014,population_total,4657740
Ireland,IE,IRL,Europe,2013,population_total,4623816
Ireland,IE,IRL,Europe,2012,population_total,4599533
Ireland,IE,IRL,Europe,2011,population_total,4580084
Ireland,IE,IRL,Europe,2010,population_total,4560155
Ireland,IE,IRL,Europe,2009,population_total,4535375
Ireland,IE,IRL,Europe,2008,population_total,4489544
Ireland,IE,IRL,Europe,2007,population_total,4398942
Ireland,IE,IRL,Europe,2006,population_total,4273591
Ireland,IE,IRL,Europe,2005,population_total,4159914
Ireland,IE,IRL,Europe,2004,population_total,4070262
Ireland,IE,IRL,Europe,2003,population_total,3996521
Ireland,IE,IRL,Europe,2002,population_total,3931947
Ireland,IE,IRL,Europe,2001,population_total,3866243
Ireland,IE,IRL,Europe,2000,population_total,3805174
"Iran, Islamic Republic of",IR,IRN,Asia,2024,gdp_current_usd,436906331672
"Iran, Islamic Republic of",IR,IRN,Asia,2023,gdp_current_usd,404625655076
"Iran, Islamic Republic of",IR,IRN,Asia,2022,gdp_current_usd,394362621793
"Iran, Islamic Republic of",IR,IRN,Asia,2021,gdp_current_usd,383436202447
"Iran, Islamic Republic of",IR,IRN,Asia,2020,gdp_current_usd,262186179356
"Iran, Islamic Republic of",IR,IRN,Asia,2019,gdp_current_usd,333519146339
"Iran, Islamic Republic of",IR,IRN,Asia,2018,gdp_current_usd,398880231367
"Iran, Islamic Republic of",IR,IRN,Asia,2017,gdp_current_usd,489168731811
"Iran, Islamic Republic of",IR,IRN,Asia,2016,gdp_current_usd,459042684193
"Iran, Islamic Republic of",IR,IRN,Asia,2015,gdp_current_usd,409191686497
"Iran, Islamic Republic of",IR,IRN,Asia,2014,gdp_current_usd,462284793281
"Iran, Islamic Republic of",IR,IRN,Asia,2013,gdp_current_usd,500399839840
"Iran, Islamic Republic of",IR,IRN,Asia,2012,gdp_current_usd,644019315004
"Iran, Islamic Republic of",IR,IRN,Asia,2011,gdp_current_usd,629082257472
"Iran, Islamic Republic of",IR,IRN,Asia,2010,gdp_current_usd,487069570461
"Iran, Islamic Republic of",IR,IRN,Asia,2009,gdp_current_usd,414059094950
"Iran, Islamic Republic of",IR,IRN,Asia,2008,gdp_current_usd,406070949551
"Iran, Islamic Republic of",IR,IRN,Asia,2007,gdp_current_usd,349736591836
"Iran, Islamic Republic of",IR,IRN,Asia,2006,gdp_current_usd,265602187406
"Iran, Islamic Republic of",IR,IRN,Asia,2005,gdp_current_usd,224970371329
"Iran, Islamic Republic of",IR,IRN,Asia,2004,gdp_current_usd,187754571247
"Iran, Islamic Republic of",IR,IRN,Asia,2003,gdp_current_usd,151911222120
"Iran, Islamic Republic of",IR,IRN,Asia,2002,gdp_current_usd,128626917504
"Iran, Islamic Republic of",IR,IRN,Asia,2001,gdp_current_usd,126878750296
"Iran, Islamic Republic of",IR,IRN,Asia,2000,gdp_current_usd,109591707801
"Iran, Islamic Republic of",IR,IRN,Asia,2024,gdp_per_capita_current_usd,4771
"Iran, Islamic Republic of",IR,IRN,Asia,2023,gdp_per_capita_current_usd,4466
"Iran, Islamic Republic of",IR,IRN,Asia,2022,gdp_per_capita_current_usd,4405
"Iran, Islamic Republic of",IR,IRN,Asia,2021,gdp_per_capita_current_usd,4335
"Iran, Islamic Republic of",IR,IRN,Asia,2020,gdp_per_capita_current_usd,2989
"Iran, Islamic Republic of",IR,IRN,Asia,2019,gdp_per_capita_current_usd,3831
"Iran, Islamic Republic of",IR,IRN,Asia,2018,gdp_per_capita_current_usd,4632
"Iran, Islamic Republic of",IR,IRN,Asia,2017,gdp_per_capita_current_usd,5753
"Iran, Islamic Republic of",IR,IRN,Asia,2016,gdp_per_capita_current_usd,5477
"Iran, Islamic Republic of",IR,IRN,Asia,2015,gdp_per_capita_current_usd,4953
"Iran, Islamic Republic of",IR,IRN,Asia,2014,gdp_per_capita_current_usd,5672
"Iran, Islamic Republic of",IR,IRN,Asia,2013,gdp_per_capita_current_usd,6223
"Iran, Islamic Republic of",IR,IRN,Asia,2012,gdp_per_capita_current_usd,8114
"Iran, Islamic Republic of",IR,IRN,Asia,2011,gdp_per_capita_current_usd,8026
"Iran, Islamic Republic of",IR,IRN,Asia,2010,gdp_per_capita_current_usd,6291
"Iran, Islamic Republic of",IR,IRN,Asia,2009,gdp_per_capita_current_usd,5416
"Iran, Islamic Republic of",IR,IRN,Asia,2008,gdp_per_capita_current_usd,5377
"Iran, Islamic Republic of",IR,IRN,Asia,2007,gdp_per_capita_current_usd,4688
"Iran, Islamic Republic of",IR,IRN,Asia,2006,gdp_per_capita_current_usd,3619
"Iran, Islamic Republic of",IR,IRN,Asia,2005,gdp_per_capita_current_usd,3132
"Iran, Islamic Republic of",IR,IRN,Asia,2004,gdp_per_capita_current_usd,2672
"Iran, Islamic Republic of",IR,IRN,Asia,2003,gdp_per_capita_current_usd,2209
"Iran, Islamic Republic of",IR,IRN,Asia,2002,gdp_per_capita_current_usd,1891
"Iran, Islamic Republic of",IR,IRN,Asia,2001,gdp_per_capita_current_usd,1881
"Iran, Islamic Republic of",IR,IRN,Asia,2000,gdp_per_capita_current_usd,1650
"Iran, Islamic Republic of",IR,IRN,Asia,2024,population_total,91567738
"Iran, Islamic Republic of",IR,IRN,Asia,2023,population_total,90608707
"Iran, Islamic Republic of",IR,IRN,Asia,2022,population_total,89524246
"Iran, Islamic Republic of",IR,IRN,Asia,2021,population_total,88455488
"Iran, Islamic Republic of",IR,IRN,Asia,2020,population_total,87723443
"Iran, Islamic Republic of",IR,IRN,Asia,2019,population_total,87051648
"Iran, Islamic Republic of",IR,IRN,Asia,2018,population_total,86117998
"Iran, Islamic Republic of",IR,IRN,Asia,2017,population_total,85026754
"Iran, Islamic Republic of",IR,IRN,Asia,2016,population_total,83812228
"Iran, Islamic Republic of",IR,IRN,Asia,2015,population_total,82619362
"Iran, Islamic Republic of",IR,IRN,Asia,2014,population_total,81502045
"Iran, Islamic Republic of",IR,IRN,Asia,2013,population_total,80414686
"Iran, Islamic Republic of",IR,IRN,Asia,2012,population_total,79370580
"Iran, Islamic Republic of",IR,IRN,Asia,2011,population_total,78383598
"Iran, Islamic Republic of",IR,IRN,Asia,2010,population_total,77420842
"Iran, Islamic Republic of",IR,IRN,Asia,2009,population_total,76457825
"Iran, Islamic Republic of",IR,IRN,Asia,2008,population_total,75514204
"Iran, Islamic Republic of",IR,IRN,Asia,2007,population_total,74602648
"Iran, Islamic Republic of",IR,IRN,Asia,2006,population_total,73392747
"Iran, Islamic Republic of",IR,IRN,Asia,2005,population_total,71828455
"Iran, Islamic Republic of",IR,IRN,Asia,2004,population_total,70256316
"Iran, Islamic Republic of",IR,IRN,Asia,2003,population_total,68769340
"Iran, Islamic Republic of",IR,IRN,Asia,2002,population_total,68011317
"Iran, Islamic Republic of",IR,IRN,Asia,2001,population_total,67452005
"Iran, Islamic Republic of",IR,IRN,Asia,2000,population_total,66418659
Iraq,IQ,IRQ,Asia,2024,gdp_current_usd,279641257615
Iraq,IQ,IRQ,Asia,2023,gdp_current_usd,268881051644
Iraq,IQ,IRQ,Asia,2022,gdp_current_usd,287372232138
Iraq,IQ,IRQ,Asia,2021,gdp_current_usd,209691945713
Iraq,IQ,IRQ,Asia,2020,gdp_current_usd,180898797517
Iraq,IQ,IRQ,Asia,2019,gdp_current_usd,233636097800
Iraq,IQ,IRQ,Asia,2018,gdp_current_usd,227367469034
Iraq,IQ,IRQ,Asia,2017,gdp_current_usd,187217660051
Iraq,IQ,IRQ,Asia,2016,gdp_current_usd,166743557748
Iraq,IQ,IRQ,Asia,2015,gdp_current_usd,166774104959
Iraq,IQ,IRQ,Asia,2014,gdp_current_usd,228415656175
Iraq,IQ,IRQ,Asia,2013,gdp_current_usd,234637675129
Iraq,IQ,IRQ,Asia,2012,gdp_current_usd,218002476129
Iraq,IQ,IRQ,Asia,2011,gdp_current_usd,185749664444
Iraq,IQ,IRQ,Asia,2010,gdp_current_usd,138516722650
Iraq,IQ,IRQ,Asia,2009,gdp_current_usd,111657580326
Iraq,IQ,IRQ,Asia,2008,gdp_current_usd,131614434154
Iraq,IQ,IRQ,Asia,2007,gdp_current_usd,88837057320
Iraq,IQ,IRQ,Asia,2006,gdp_current_usd,65147051918
Iraq,IQ,IRQ,Asia,2005,gdp_current_usd,50065104668
Iraq,IQ,IRQ,Asia,2004,gdp_current_usd,36633669269
Iraq,IQ,IRQ,Asia,2003,gdp_current_usd,21921569479
Iraq,IQ,IRQ,Asia,2002,gdp_current_usd,32928454672
Iraq,IQ,IRQ,Asia,2001,gdp_current_usd,36176430129
Iraq,IQ,IRQ,Asia,2000,gdp_current_usd,48364250944
Iraq,IQ,IRQ,Asia,2024,gdp_per_capita_current_usd,6074
Iraq,IQ,IRQ,Asia,2023,gdp_per_capita_current_usd,5965
Iraq,IQ,IRQ,Asia,2022,gdp_per_capita_current_usd,6521
Iraq,IQ,IRQ,Asia,2021,gdp_per_capita_current_usd,4868
Iraq,IQ,IRQ,Asia,2020,gdp_per_capita_current_usd,4295
Iraq,IQ,IRQ,Asia,2019,gdp_per_capita_current_usd,5672
Iraq,IQ,IRQ,Asia,2018,gdp_per_capita_current_usd,5647
Iraq,IQ,IRQ,Asia,2017,gdp_per_capita_current_usd,4759
Iraq,IQ,IRQ,Asia,2016,gdp_per_capita_current_usd,4334
Iraq,IQ,IRQ,Asia,2015,gdp_per_capita_current_usd,4440
Iraq,IQ,IRQ,Asia,2014,gdp_per_capita_current_usd,6249
Iraq,IQ,IRQ,Asia,2013,gdp_per_capita_current_usd,6650
Iraq,IQ,IRQ,Asia,2012,gdp_per_capita_current_usd,6478
Iraq,IQ,IRQ,Asia,2011,gdp_per_capita_current_usd,5776
Iraq,IQ,IRQ,Asia,2010,gdp_per_capita_current_usd,4462
Iraq,IQ,IRQ,Asia,2009,gdp_per_capita_current_usd,3715
Iraq,IQ,IRQ,Asia,2008,gdp_per_capita_current_usd,4543
Iraq,IQ,IRQ,Asia,2007,gdp_per_capita_current_usd,3129
Iraq,IQ,IRQ,Asia,2006,gdp_per_capita_current_usd,2277
Iraq,IQ,IRQ,Asia,2005,gdp_per_capita_current_usd,1762
Iraq,IQ,IRQ,Asia,2004,gdp_per_capita_current_usd,1328
Iraq,IQ,IRQ,Asia,2003,gdp_per_capita_current_usd,818
Iraq,IQ,IRQ,Asia,2002,gdp_per_capita_current_usd,1266
Iraq,IQ,IRQ,Asia,2001,gdp_per_capita_current_usd,1436
Iraq,IQ,IRQ,Asia,2000,gdp_per_capita_current_usd,1980
Iraq,IQ,IRQ,Asia,2024,population_total,46042015
Iraq,IQ,IRQ,Asia,2023,population_total,45074049
Iraq,IQ,IRQ,Asia,2022,population_total,44070551
Iraq,IQ,IRQ,Asia,2021,population_total,43071211
Iraq,IQ,IRQ,Asia,2020,population_total,42116605
Iraq,IQ,IRQ,Asia,2019,population_total,41192171
Iraq,IQ,IRQ,Asia,2018,population_total,40265624
Iraq,IQ,IRQ,Asia,2017,population_total,39337353
Iraq,IQ,IRQ,Asia,2016,population_total,38469627
Iraq,IQ,IRQ,Asia,2015,population_total,37560535
Iraq,IQ,IRQ,Asia,2014,population_total,36550059
Iraq,IQ,IRQ,Asia,2013,population_total,35281989
Iraq,IQ,IRQ,Asia,2012,population_total,33654842
Iraq,IQ,IRQ,Asia,2011,population_total,32161424
Iraq,IQ,IRQ,Asia,2010,population_total,31045366
Iraq,IQ,IRQ,Asia,2009,population_total,30058206
Iraq,IQ,IRQ,Asia,2008,population_total,28971036
Iraq,IQ,IRQ,Asia,2007,population_total,28391607
Iraq,IQ,IRQ,Asia,2006,population_total,28616515
Iraq,IQ,IRQ,Asia,2005,population_total,28407448
Iraq,IQ,IRQ,Asia,2004,population_total,27577878
Iraq,IQ,IRQ,Asia,2003,population_total,26802659
Iraq,IQ,IRQ,Asia,2002,population_total,26006559
Iraq,IQ,IRQ,Asia,2001,population_total,25197840
Iraq,IQ,IRQ,Asia,2000,population_total,24424056
Iceland,IS,ISL,Europe,2024,gdp_current_usd,33462807983
Iceland,IS,ISL,Europe,2023,gdp_current_usd,31452223862
Iceland,IS,ISL,Europe,2022,gdp_current_usd,28696453180
Iceland,IS,ISL,Europe,2021,gdp_current_usd,25770339317
Iceland,IS,ISL,Europe,2020,gdp_current_usd,21629953194
Iceland,IS,ISL,Europe,2019,gdp_current_usd,24681343649
Iceland,IS,ISL,Europe,2018,gdp_current_usd,26260850582
Iceland,IS,ISL,Europe,2017,gdp_current_usd,24728285177
Iceland,IS,ISL,Europe,2016,gdp_current_usd,20793168031
Iceland,IS,ISL,Europe,2015,gdp_current_usd,17517210519
Iceland,IS,ISL,Europe,2014,gdp_current_usd,17867662178
Iceland,IS,ISL,Europe,2013,gdp_current_usd,16125060515
Iceland,IS,ISL,Europe,2012,gdp_current_usd,14751508134
Iceland,IS,ISL,Europe,2011,gdp_current_usd,15221622926
Iceland,IS,ISL,Europe,2010,gdp_current_usd,13751161918
Iceland,IS,ISL,Europe,2009,gdp_current_usd,13154414219
Iceland,IS,ISL,Europe,2008,gdp_current_usd,18074622987
Iceland,IS,ISL,Europe,2007,gdp_current_usd,21652505597
Iceland,IS,ISL,Europe,2006,gdp_current_usd,17465318552
Iceland,IS,ISL,Europe,2005,gdp_current_usd,16852963067
Iceland,IS,ISL,Europe,2004,gdp_current_usd,13825302536
Iceland,IS,ISL,Europe,2003,gdp_current_usd,11429333038
Iceland,IS,ISL,Europe,2002,gdp_current_usd,9318395055
Iceland,IS,ISL,Europe,2001,gdp_current_usd,8234846805
Iceland,IS,ISL,Europe,2000,gdp_current_usd,9025660362
Iceland,IS,ISL,Europe,2024,gdp_per_capita_current_usd,82704
Iceland,IS,ISL,Europe,2023,gdp_per_capita_current_usd,79960
Iceland,IS,ISL,Europe,2022,gdp_per_capita_current_usd,75121
Iceland,IS,ISL,Europe,2021,gdp_per_capita_current_usd,69178
Iceland,IS,ISL,Europe,2020,gdp_per_capita_current_usd,59024
Iceland,IS,ISL,Europe,2019,gdp_per_capita_current_usd,68452
Iceland,IS,ISL,Europe,2018,gdp_per_capita_current_usd,74452
Iceland,IS,ISL,Europe,2017,gdp_per_capita_current_usd,72010
Iceland,IS,ISL,Europe,2016,gdp_per_capita_current_usd,61988
Iceland,IS,ISL,Europe,2015,gdp_per_capita_current_usd,52952
Iceland,IS,ISL,Europe,2014,gdp_per_capita_current_usd,54577
Iceland,IS,ISL,Europe,2013,gdp_per_capita_current_usd,49805
Iceland,IS,ISL,Europe,2012,gdp_per_capita_current_usd,45996
Iceland,IS,ISL,Europe,2011,gdp_per_capita_current_usd,47715
Iceland,IS,ISL,Europe,2010,gdp_per_capita_current_usd,43237
Iceland,IS,ISL,Europe,2009,gdp_per_capita_current_usd,41301
Iceland,IS,ISL,Europe,2008,gdp_per_capita_current_usd,56943
Iceland,IS,ISL,Europe,2007,gdp_per_capita_current_usd,69496
Iceland,IS,ISL,Europe,2006,gdp_per_capita_current_usd,57493
Iceland,IS,ISL,Europe,2005,gdp_per_capita_current_usd,56795
Iceland,IS,ISL,Europe,2004,gdp_per_capita_current_usd,47335
Iceland,IS,ISL,Europe,2003,gdp_per_capita_current_usd,39477
Iceland,IS,ISL,Europe,2002,gdp_per_capita_current_usd,32409
Iceland,IS,ISL,Europe,2001,gdp_per_capita_current_usd,28897
Iceland,IS,ISL,Europe,2000,gdp_per_capita_current_usd,32096
Iceland,IS,ISL,Europe,2024,population_total,404610
Iceland,IS,ISL,Europe,2023,population_total,393349
Iceland,IS,ISL,Europe,2022,population_total,382003
Iceland,IS,ISL,Europe,2021,population_total,372520
Iceland,IS,ISL,Europe,2020,population_total,366463
Iceland,IS,ISL,Europe,2019,population_total,360563
Iceland,IS,ISL,Europe,2018,population_total,352721
Iceland,IS,ISL,Europe,2017,population_total,343400
Iceland,IS,ISL,Europe,2016,population_total,335439
Iceland,IS,ISL,Europe,2015,population_total,330815
Iceland,IS,ISL,Europe,2014,population_total,327386
Iceland,IS,ISL,Europe,2013,population_total,323764
Iceland,IS,ISL,Europe,2012,population_total,320716
Iceland,IS,ISL,Europe,2011,population_total,319014
Iceland,IS,ISL,Europe,2010,population_total,318041
Iceland,IS,ISL,Europe,2009,population_total,318499
Iceland,IS,ISL,Europe,2008,population_total,317414
Iceland,IS,ISL,Europe,2007,population_total,311566
Iceland,IS,ISL,Europe,2006,population_total,303782
Iceland,IS,ISL,Europe,2005,population_total,296734
Iceland,IS,ISL,Europe,2004,population_total,292074
Iceland,IS,ISL,Europe,2003,population_total,289521
Iceland,IS,ISL,Europe,2002,population_total,287523
Iceland,IS,ISL,Europe,2001,population_total,284968
Iceland,IS,ISL,Europe,2000,population_total,281205
Israel,IL,ISR,Asia,2024,gdp_current_usd,540379921262
Israel,IL,ISR,Asia,2023,gdp_current_usd,512184638999
Israel,IL,ISR,Asia,2022,gdp_current_usd,525181008026
Israel,IL,ISR,Asia,2021,gdp_current_usd,489851549972
Israel,IL,ISR,Asia,2020,gdp_current_usd,410768352658
Israel,IL,ISR,Asia,2019,gdp_current_usd,400645216359
Israel,IL,ISR,Asia,2018,gdp_current_usd,376299083108
Israel,IL,ISR,Asia,2017,gdp_current_usd,358451839053
Israel,IL,ISR,Asia,2016,gdp_current_usd,321940971558
Israel,IL,ISR,Asia,2015,gdp_current_usd,303469434072
Israel,IL,ISR,Asia,2014,gdp_current_usd,315017088117
Israel,IL,ISR,Asia,2013,gdp_current_usd,298478070673
Israel,IL,ISR,Asia,2012,gdp_current_usd,263589172712
Israel,IL,ISR,Asia,2011,gdp_current_usd,268094998225
Israel,IL,ISR,Asia,2010,gdp_current_usd,239679036634
Israel,IL,ISR,Asia,2009,gdp_current_usd,213403181853
Israel,IL,ISR,Asia,2008,gdp_current_usd,221231658863
Israel,IL,ISR,Asia,2007,gdp_current_usd,184681214673
Israel,IL,ISR,Asia,2006,gdp_current_usd,158900547825
Israel,IL,ISR,Asia,2005,gdp_current_usd,147519922009
Israel,IL,ISR,Asia,2004,gdp_current_usd,140047984605
Israel,IL,ISR,Asia,2003,gdp_current_usd,131408914824
Israel,IL,ISR,Asia,2002,gdp_current_usd,125332331884
Israel,IL,ISR,Asia,2001,gdp_current_usd,135002039613
Israel,IL,ISR,Asia,2000,gdp_current_usd,136512300542
Israel,IL,ISR,Asia,2024,gdp_per_capita_current_usd,54177
Israel,IL,ISR,Asia,2023,gdp_per_capita_current_usd,52004
Israel,IL,ISR,Asia,2022,gdp_per_capita_current_usd,54950
Israel,IL,ISR,Asia,2021,gdp_per_capita_current_usd,52271
Israel,IL,ISR,Asia,2020,gdp_per_capita_current_usd,44576
Israel,IL,ISR,Asia,2019,gdp_per_capita_current_usd,44251
Israel,IL,ISR,Asia,2018,gdp_per_capita_current_usd,42363
Israel,IL,ISR,Asia,2017,gdp_per_capita_current_usd,41138
Israel,IL,ISR,Asia,2016,gdp_per_capita_current_usd,37672
Israel,IL,ISR,Asia,2015,gdp_per_capita_current_usd,36213
Israel,IL,ISR,Asia,2014,gdp_per_capita_current_usd,38343
Israel,IL,ISR,Asia,2013,gdp_per_capita_current_usd,37034
Israel,IL,ISR,Asia,2012,gdp_per_capita_current_usd,33321
Israel,IL,ISR,Asia,2011,gdp_per_capita_current_usd,34523
Israel,IL,ISR,Asia,2010,gdp_per_capita_current_usd,31439
Israel,IL,ISR,Asia,2009,gdp_per_capita_current_usd,28508
Israel,IL,ISR,Asia,2008,gdp_per_capita_current_usd,30269
Israel,IL,ISR,Asia,2007,gdp_per_capita_current_usd,25721
Israel,IL,ISR,Asia,2006,gdp_per_capita_current_usd,22527
Israel,IL,ISR,Asia,2005,gdp_per_capita_current_usd,21287
Israel,IL,ISR,Asia,2004,gdp_per_capita_current_usd,20568
Israel,IL,ISR,Asia,2003,gdp_per_capita_current_usd,19643
Israel,IL,ISR,Asia,2002,gdp_per_capita_current_usd,19076
Israel,IL,ISR,Asia,2001,gdp_per_capita_current_usd,20966
Israel,IL,ISR,Asia,2000,gdp_per_capita_current_usd,21707
Israel,IL,ISR,Asia,2024,population_total,9974400
Israel,IL,ISR,Asia,2023,population_total,9849000
Israel,IL,ISR,Asia,2022,population_total,9557500
Israel,IL,ISR,Asia,2021,population_total,9371400
Israel,IL,ISR,Asia,2020,population_total,9215100
Israel,IL,ISR,Asia,2019,population_total,9054000
Israel,IL,ISR,Asia,2018,population_total,8882800
Israel,IL,ISR,Asia,2017,population_total,8713300
Israel,IL,ISR,Asia,2016,population_total,8546000
Israel,IL,ISR,Asia,2015,population_total,8380100
Israel,IL,ISR,Asia,2014,population_total,8215700
Israel,IL,ISR,Asia,2013,population_total,8059500
Israel,IL,ISR,Asia,2012,population_total,7910500
Israel,IL,ISR,Asia,2011,population_total,7765800
Israel,IL,ISR,Asia,2010,population_total,7623600
Israel,IL,ISR,Asia,2009,population_total,7485600
Israel,IL,ISR,Asia,2008,population_total,7308800
Israel,IL,ISR,Asia,2007,population_total,7180100
Israel,IL,ISR,Asia,2006,population_total,7053700
Israel,IL,ISR,Asia,2005,population_total,6930100
Israel,IL,ISR,Asia,2004,population_total,6809000
Israel,IL,ISR,Asia,2003,population_total,6689700
Israel,IL,ISR,Asia,2002,population_total,6570000
Israel,IL,ISR,Asia,2001,population_total,6439000
Israel,IL,ISR,Asia,2000,population_total,6289000
Italy,IT,ITA,Europe,2024,gdp_current_usd,2372774547793
Italy,IT,ITA,Europe,2023,gdp_current_usd,2304605139863
Italy,IT,ITA,Europe,2022,gdp_current_usd,2104067630319
Italy,IT,ITA,Europe,2021,gdp_current_usd,2179207773596
Italy,IT,ITA,Europe,2020,gdp_current_usd,1907481094079
Italy,IT,ITA,Europe,2019,gdp_current_usd,2019606796584
Italy,IT,ITA,Europe,2018,gdp_current_usd,2099435266459
Italy,IT,ITA,Europe,2017,gdp_current_usd,1970720904585
Italy,IT,ITA,Europe,2016,gdp_current_usd,1887111188177
Italy,IT,ITA,Europe,2015,gdp_current_usd,1845428048839
Italy,IT,ITA,Europe,2014,gdp_current_usd,2173255507986
Italy,IT,ITA,Europe,2013,gdp_current_usd,2153225581941
Italy,IT,ITA,Europe,2012,gdp_current_usd,2097929495122
Italy,IT,ITA,Europe,2011,gdp_current_usd,2306974020278
Italy,IT,ITA,Europe,2010,gdp_current_usd,2144936254535
Italy,IT,ITA,Europe,2009,gdp_current_usd,2209484319013
Italy,IT,ITA,Europe,2008,gdp_current_usd,2417508414187
Italy,IT,ITA,Europe,2007,gdp_current_usd,2222524108128
Italy,IT,ITA,Europe,2006,gdp_current_usd,1958563654386
Italy,IT,ITA,Europe,2005,gdp_current_usd,1864982261287
Italy,IT,ITA,Europe,2004,gdp_current_usd,1812808753295
Italy,IT,ITA,Europe,2003,gdp_current_usd,1582930016539
Italy,IT,ITA,Europe,2002,gdp_current_usd,1281746271196
Italy,IT,ITA,Europe,2001,gdp_current_usd,1172041488806
Italy,IT,ITA,Europe,2000,gdp_current_usd,1149661363439
Italy,IT,ITA,Europe,2024,gdp_per_capita_current_usd,40226
Italy,IT,ITA,Europe,2023,gdp_per_capita_current_usd,39065
Italy,IT,ITA,Europe,2022,gdp_per_capita_current_usd,35654
Italy,IT,ITA,Europe,2021,gdp_per_capita_current_usd,36853
Italy,IT,ITA,Europe,2020,gdp_per_capita_current_usd,32091
Italy,IT,ITA,Europe,2019,gdp_per_capita_current_usd,33813
Italy,IT,ITA,Europe,2018,gdp_per_capita_current_usd,34904
Italy,IT,ITA,Europe,2017,gdp_per_capita_current_usd,32844
Italy,IT,ITA,Europe,2016,gdp_per_capita_current_usd,31392
Italy,IT,ITA,Europe,2015,gdp_per_capita_current_usd,30640
Italy,IT,ITA,Europe,2014,gdp_per_capita_current_usd,36028
Italy,IT,ITA,Europe,2013,gdp_per_capita_current_usd,35702
Italy,IT,ITA,Europe,2012,gdp_per_capita_current_usd,34854
Italy,IT,ITA,Europe,2011,gdp_per_capita_current_usd,38432
Italy,IT,ITA,Europe,2010,gdp_per_capita_current_usd,35857
Italy,IT,ITA,Europe,2009,gdp_per_capita_current_usd,37100
Italy,IT,ITA,Europe,2008,gdp_per_capita_current_usd,40829
Italy,IT,ITA,Europe,2007,gdp_per_capita_current_usd,37826
Italy,IT,ITA,Europe,2006,gdp_per_capita_current_usd,33537
Italy,IT,ITA,Europe,2005,gdp_per_capita_current_usd,32063
Italy,IT,ITA,Europe,2004,gdp_per_capita_current_usd,31348
Italy,IT,ITA,Europe,2003,gdp_per_capita_current_usd,27578
Italy,IT,ITA,Europe,2002,gdp_per_capita_current_usd,22451
Italy,IT,ITA,Europe,2001,gdp_per_capita_current_usd,20570
Italy,IT,ITA,Europe,2000,gdp_per_capita_current_usd,20190
Italy,IT,ITA,Europe,2024,population_total,58986023
Italy,IT,ITA,Europe,2023,population_total,58993475
Italy,IT,ITA,Europe,2022,population_total,59013667
Italy,IT,ITA,Europe,2021,population_total,59133173
Italy,IT,ITA,Europe,2020,population_total,59438851
Italy,IT,ITA,Europe,2019,population_total,59729081
Italy,IT,ITA,Europe,2018,population_total,60148658
Italy,IT,ITA,Europe,2017,population_total,60002252
Italy,IT,ITA,Europe,2016,population_total,60115223
Italy,IT,ITA,Europe,2015,population_total,60229605
Italy,IT,ITA,Europe,2014,population_total,60320707
Italy,IT,ITA,Europe,2013,population_total,60311613
Italy,IT,ITA,Europe,2012,population_total,60191247
Italy,IT,ITA,Europe,2011,population_total,60026841
Italy,IT,ITA,Europe,2010,population_total,59819407
Italy,IT,ITA,Europe,2009,population_total,59555454
Italy,IT,ITA,Europe,2008,population_total,59211181
Italy,IT,ITA,Europe,2007,population_total,58756247
Italy,IT,ITA,Europe,2006,population_total,58399861
Italy,IT,ITA,Europe,2005,population_total,58166682
Italy,IT,ITA,Europe,2004,population_total,57828179
Italy,IT,ITA,Europe,2003,population_total,57399184
Italy,IT,ITA,Europe,2002,population_total,57089824
Italy,IT,ITA,Europe,2001,population_total,56976981
Italy,IT,ITA,Europe,2000,population_total,56942108
Jamaica,JM,JAM,North America,2024,gdp_current_usd,19930288337
Jamaica,JM,JAM,North America,2023,gdp_current_usd,19423355367
Jamaica,JM,JAM,North America,2022,gdp_current_usd,17097760687
Jamaica,JM,JAM,North America,2021,gdp_current_usd,14657586159
Jamaica,JM,JAM,North America,2020,gdp_current_usd,13812421836
Jamaica,JM,JAM,North America,2019,gdp_current_usd,15830766531
Jamaica,JM,JAM,North America,2018,gdp_current_usd,15730792876
Jamaica,JM,JAM,North America,2017,gdp_current_usd,14808985133
Jamaica,JM,JAM,North America,2016,gdp_current_usd,14077096677
Jamaica,JM,JAM,North America,2015,gdp_current_usd,14188936918
Jamaica,JM,JAM,North America,2014,gdp_current_usd,13899217680
Jamaica,JM,JAM,North America,2013,gdp_current_usd,14264205153
Jamaica,JM,JAM,North America,2012,gdp_current_usd,14807086556
Jamaica,JM,JAM,North America,2011,gdp_current_usd,14444661522
Jamaica,JM,JAM,North America,2010,gdp_current_usd,13220549908
Jamaica,JM,JAM,North America,2009,gdp_current_usd,12120458115
Jamaica,JM,JAM,North America,2008,gdp_current_usd,13709401520
Jamaica,JM,JAM,North America,2007,gdp_current_usd,12799600047
Jamaica,JM,JAM,North America,2006,gdp_current_usd,11930179090
Jamaica,JM,JAM,North America,2005,gdp_current_usd,11243865778
Jamaica,JM,JAM,North America,2004,gdp_current_usd,10174664854
Jamaica,JM,JAM,North America,2003,gdp_current_usd,9430234811
Jamaica,JM,JAM,North America,2002,gdp_current_usd,9719009495
Jamaica,JM,JAM,North America,2001,gdp_current_usd,9194727831
Jamaica,JM,JAM,North America,2000,gdp_current_usd,9005064475
Jamaica,JM,JAM,North America,2024,gdp_per_capita_current_usd,7020
Jamaica,JM,JAM,North America,2023,gdp_per_capita_current_usd,6840
Jamaica,JM,JAM,North America,2022,gdp_per_capita_current_usd,6022
Jamaica,JM,JAM,North America,2021,gdp_per_capita_current_usd,5165
Jamaica,JM,JAM,North America,2020,gdp_per_capita_current_usd,4879
Jamaica,JM,JAM,North America,2019,gdp_per_capita_current_usd,5607
Jamaica,JM,JAM,North America,2018,gdp_per_capita_current_usd,5578
Jamaica,JM,JAM,North America,2017,gdp_per_capita_current_usd,5259
Jamaica,JM,JAM,North America,2016,gdp_per_capita_current_usd,5010
Jamaica,JM,JAM,North America,2015,gdp_per_capita_current_usd,5063
Jamaica,JM,JAM,North America,2014,gdp_per_capita_current_usd,4975
Jamaica,JM,JAM,North America,2013,gdp_per_capita_current_usd,5124
Jamaica,JM,JAM,North America,2012,gdp_per_capita_current_usd,5341
Jamaica,JM,JAM,North America,2011,gdp_per_capita_current_usd,5233
Jamaica,JM,JAM,North America,2010,gdp_per_capita_current_usd,4810
Jamaica,JM,JAM,North America,2009,gdp_per_capita_current_usd,4428
Jamaica,JM,JAM,North America,2008,gdp_per_capita_current_usd,5030
Jamaica,JM,JAM,North America,2007,gdp_per_capita_current_usd,4716
Jamaica,JM,JAM,North America,2006,gdp_per_capita_current_usd,4417
Jamaica,JM,JAM,North America,2005,gdp_per_capita_current_usd,4184
Jamaica,JM,JAM,North America,2004,gdp_per_capita_current_usd,3808
Jamaica,JM,JAM,North America,2003,gdp_per_capita_current_usd,3550
Jamaica,JM,JAM,North America,2002,gdp_per_capita_current_usd,3681
Jamaica,JM,JAM,North America,2001,gdp_per_capita_current_usd,3504
Jamaica,JM,JAM,North America,2000,gdp_per_capita_current_usd,3453
Jamaica,JM,JAM,North America,2024,population_total,2839175
Jamaica,JM,JAM,North America,2023,population_total,2839786
Jamaica,JM,JAM,North America,2022,population_total,2839144
Jamaica,JM,JAM,North America,2021,population_total,2837682
Jamaica,JM,JAM,North America,2020,population_total,2830739
Jamaica,JM,JAM,North America,2019,population_total,2823271
Jamaica,JM,JAM,North America,2018,population_total,2820097
Jamaica,JM,JAM,North America,2017,population_total,2815764
Jamaica,JM,JAM,North America,2016,population_total,2809915
Jamaica,JM,JAM,North America,2015,population_total,2802534
Jamaica,JM,JAM,North America,2014,population_total,2793749
Jamaica,JM,JAM,North America,2013,population_total,2783687
Jamaica,JM,JAM,North America,2012,population_total,2772430
Jamaica,JM,JAM,North America,2011,population_total,2760494
Jamaica,JM,JAM,North America,2010,population_total,2748568
Jamaica,JM,JAM,North America,2009,population_total,2736995
Jamaica,JM,JAM,North America,2008,population_total,2725635
Jamaica,JM,JAM,North America,2007,population_total,2713800
Jamaica,JM,JAM,North America,2006,population_total,2700968
Jamaica,JM,JAM,North America,2005,population_total,2687066
Jamaica,JM,JAM,North America,2004,population_total,2672225
Jamaica,JM,JAM,North America,2003,population_total,2656623
Jamaica,JM,JAM,North America,2002,population_total,2640572
Jamaica,JM,JAM,North America,2001,population_total,2624403
Jamaica,JM,JAM,North America,2000,population_total,2607826
Jordan,JO,JOR,Asia,2024,gdp_current_usd,53352289577
Jordan,JO,JOR,Asia,2023,gdp_current_usd,51088476338
Jordan,JO,JOR,Asia,2022,gdp_current_usd,48764963380
Jordan,JO,JOR,Asia,2021,gdp_current_usd,46296100141
Jordan,JO,JOR,Asia,2020,gdp_current_usd,43700383099
Jordan,JO,JOR,Asia,2019,gdp_current_usd,44503006338
Jordan,JO,JOR,Asia,2018,gdp_current_usd,43370860704
Jordan,JO,JOR,Asia,2017,gdp_current_usd,41608435915
Jordan,JO,JOR,Asia,2016,gdp_current_usd,39892551127
Jordan,JO,JOR,Asia,2015,gdp_current_usd,38587017887
Jordan,JO,JOR,Asia,2014,gdp_current_usd,36847643521
Jordan,JO,JOR,Asia,2013,gdp_current_usd,34454440141
Jordan,JO,JOR,Asia,2012,gdp_current_usd,31634561690
Jordan,JO,JOR,Asia,2011,gdp_current_usd,29524149155
Jordan,JO,JOR,Asia,2010,gdp_current_usd,27133804225
Jordan,JO,JOR,Asia,2009,gdp_current_usd,24537876056
Jordan,JO,JOR,Asia,2008,gdp_current_usd,22658715989
Jordan,JO,JOR,Asia,2007,gdp_current_usd,17110437236
Jordan,JO,JOR,Asia,2006,gdp_current_usd,15056981664
Jordan,JO,JOR,Asia,2005,gdp_current_usd,12588998590
Jordan,JO,JOR,Asia,2004,gdp_current_usd,11411706629
Jordan,JO,JOR,Asia,2003,gdp_current_usd,10195627645
Jordan,JO,JOR,Asia,2002,gdp_current_usd,9582510578
Jordan,JO,JOR,Asia,2001,gdp_current_usd,8975814653
Jordan,JO,JOR,Asia,2000,gdp_current_usd,8460789845
Jordan,JO,JOR,Asia,2024,gdp_per_capita_current_usd,4618
Jordan,JO,JOR,Asia,2023,gdp_per_capita_current_usd,4466
Jordan,JO,JOR,Asia,2022,gdp_per_capita_current_usd,4332
Jordan,JO,JOR,Asia,2021,gdp_per_capita_current_usd,4183
Jordan,JO,JOR,Asia,2020,gdp_per_capita_current_usd,4022
Jordan,JO,JOR,Asia,2019,gdp_per_capita_current_usd,4170
Jordan,JO,JOR,Asia,2018,gdp_per_capita_current_usd,4145
Jordan,JO,JOR,Asia,2017,gdp_per_capita_current_usd,4066
Jordan,JO,JOR,Asia,2016,gdp_per_capita_current_usd,3987
Jordan,JO,JOR,Asia,2015,gdp_per_capita_current_usd,4043
Jordan,JO,JOR,Asia,2014,gdp_per_capita_current_usd,4191
Jordan,JO,JOR,Asia,2013,gdp_per_capita_current_usd,4311
Jordan,JO,JOR,Asia,2012,gdp_per_capita_current_usd,4170
Jordan,JO,JOR,Asia,2011,gdp_per_capita_current_usd,3947
Jordan,JO,JOR,Asia,2010,gdp_per_capita_current_usd,3718
Jordan,JO,JOR,Asia,2009,gdp_per_capita_current_usd,3436
Jordan,JO,JOR,Asia,2008,gdp_per_capita_current_usd,3242
Jordan,JO,JOR,Asia,2007,gdp_per_capita_current_usd,2506
Jordan,JO,JOR,Asia,2006,gdp_per_capita_current_usd,2343
Jordan,JO,JOR,Asia,2005,gdp_per_capita_current_usd,2088
Jordan,JO,JOR,Asia,2004,gdp_per_capita_current_usd,1940
Jordan,JO,JOR,Asia,2003,gdp_per_capita_current_usd,1776
Jordan,JO,JOR,Asia,2002,gdp_per_capita_current_usd,1706
Jordan,JO,JOR,Asia,2001,gdp_per_capita_current_usd,1632
Jordan,JO,JOR,Asia,2000,gdp_per_capita_current_usd,1571
Jordan,JO,JOR,Asia,2024,population_total,11552876
Jordan,JO,JOR,Asia,2023,population_total,11439213
Jordan,JO,JOR,Asia,2022,population_total,11256263
Jordan,JO,JOR,Asia,2021,population_total,11066356
Jordan,JO,JOR,Asia,2020,population_total,10865228
Jordan,JO,JOR,Asia,2019,population_total,10671891
Jordan,JO,JOR,Asia,2018,population_total,10462306
Jordan,JO,JOR,Asia,2017,population_total,10234226
Jordan,JO,JOR,Asia,2016,population_total,10006367
Jordan,JO,JOR,Asia,2015,population_total,9544729
Jordan,JO,JOR,Asia,2014,population_total,8791710
Jordan,JO,JOR,Asia,2013,population_total,7991809
Jordan,JO,JOR,Asia,2012,population_total,7587127
Jordan,JO,JOR,Asia,2011,population_total,7480424
Jordan,JO,JOR,Asia,2010,population_total,7297043
Jordan,JO,JOR,Asia,2009,population_total,7141753
Jordan,JO,JOR,Asia,2008,population_total,6989866
Jordan,JO,JOR,Asia,2007,population_total,6827227
Jordan,JO,JOR,Asia,2006,population_total,6427371
Jordan,JO,JOR,Asia,2005,population_total,6029587
Jordan,JO,JOR,Asia,2004,population_total,5882061
Jordan,JO,JOR,Asia,2003,population_total,5741828
Jordan,JO,JOR,Asia,2002,population_total,5616066
Jordan,JO,JOR,Asia,2001,population_total,5498894
Jordan,JO,JOR,Asia,2000,population_total,5386945
Japan,JP,JPN,Asia,2024,gdp_current_usd,4026210821147
Japan,JP,JPN,Asia,2023,gdp_current_usd,4213167237906
Japan,JP,JPN,Asia,2022,gdp_current_usd,4262463317797
Japan,JP,JPN,Asia,2021,gdp_current_usd,5039148168861
Japan,JP,JPN,Asia,2020,gdp_current_usd,5054068005376
Japan,JP,JPN,Asia,2019,gdp_current_usd,5117993853017
Japan,JP,JPN,Asia,2018,gdp_current_usd,5040880939325
Japan,JP,JPN,Asia,2017,gdp_current_usd,4930837369151
Japan,JP,JPN,Asia,2016,gdp_current_usd,5003677627544
Japan,JP,JPN,Asia,2015,gdp_current_usd,4444930651964
Japan,JP,JPN,Asia,2014,gdp_current_usd,4896994405353
Japan,JP,JPN,Asia,2013,gdp_current_usd,5212328181166
Japan,JP,JPN,Asia,2012,gdp_current_usd,6272362996105
Japan,JP,JPN,Asia,2011,gdp_current_usd,6233147172341
Japan,JP,JPN,Asia,2010,gdp_current_usd,5759071769013
Japan,JP,JPN,Asia,2009,gdp_current_usd,5289493117994
Japan,JP,JPN,Asia,2008,gdp_current_usd,5106679115127
Japan,JP,JPN,Asia,2007,gdp_current_usd,4579750920355
Japan,JP,JPN,Asia,2006,gdp_current_usd,4601663122650
Japan,JP,JPN,Asia,2005,gdp_current_usd,4831467035390
Japan,JP,JPN,Asia,2004,gdp_current_usd,4893116005657
Japan,JP,JPN,Asia,2003,gdp_current_usd,4519561645254
Japan,JP,JPN,Asia,2002,gdp_current_usd,4182846045874
Japan,JP,JPN,Asia,2001,gdp_current_usd,4374711694091
Japan,JP,JPN,Asia,2000,gdp_current_usd,4968359075957
Japan,JP,JPN,Asia,2024,gdp_per_capita_current_usd,32476
Japan,JP,JPN,Asia,2023,gdp_per_capita_current_usd,33836
Japan,JP,JPN,Asia,2022,gdp_per_capita_current_usd,34066
Japan,JP,JPN,Asia,2021,gdp_per_capita_current_usd,40095
Japan,JP,JPN,Asia,2020,gdp_per_capita_current_usd,40029
Japan,JP,JPN,Asia,2019,gdp_per_capita_current_usd,40416
Japan,JP,JPN,Asia,2018,gdp_per_capita_current_usd,39751
Japan,JP,JPN,Asia,2017,gdp_per_capita_current_usd,38834
Japan,JP,JPN,Asia,2016,gdp_per_capita_current_usd,39375
Japan,JP,JPN,Asia,2015,gdp_per_capita_current_usd,34961
Japan,JP,JPN,Asia,2014,gdp_per_capita_current_usd,38475
Japan,JP,JPN,Asia,2013,gdp_per_capita_current_usd,40899
Japan,JP,JPN,Asia,2012,gdp_per_capita_current_usd,49145
Japan,JP,JPN,Asia,2011,gdp_per_capita_current_usd,48760
Japan,JP,JPN,Asia,2010,gdp_per_capita_current_usd,44968
Japan,JP,JPN,Asia,2009,gdp_per_capita_current_usd,41309
Japan,JP,JPN,Asia,2008,gdp_per_capita_current_usd,39876
Japan,JP,JPN,Asia,2007,gdp_per_capita_current_usd,35779
Japan,JP,JPN,Asia,2006,gdp_per_capita_current_usd,35992
Japan,JP,JPN,Asia,2005,gdp_per_capita_current_usd,37813
Japan,JP,JPN,Asia,2004,gdp_per_capita_current_usd,38299
Japan,JP,JPN,Asia,2003,gdp_per_capita_current_usd,35387
Japan,JP,JPN,Asia,2002,gdp_per_capita_current_usd,32821
Japan,JP,JPN,Asia,2001,gdp_per_capita_current_usd,34406
Japan,JP,JPN,Asia,2000,gdp_per_capita_current_usd,39169
Japan,JP,JPN,Asia,2024,population_total,123975371
Japan,JP,JPN,Asia,2023,population_total,124516650
Japan,JP,JPN,Asia,2022,population_total,125124989
Japan,JP,JPN,Asia,2021,population_total,125681593
Japan,JP,JPN,Asia,2020,population_total,126261000
Japan,JP,JPN,Asia,2019,population_total,126633000
Japan,JP,JPN,Asia,2018,population_total,126811000
Japan,JP,JPN,Asia,2017,population_total,126972000
Japan,JP,JPN,Asia,2016,population_total,127076000
Japan,JP,JPN,Asia,2015,population_total,127141000
Japan,JP,JPN,Asia,2014,population_total,127276000
Japan,JP,JPN,Asia,2013,population_total,127445000
Japan,JP,JPN,Asia,2012,population_total,127629000
Japan,JP,JPN,Asia,2011,population_total,127833000
Japan,JP,JPN,Asia,2010,population_total,128070000
Japan,JP,JPN,Asia,2009,population_total,128047000
Japan,JP,JPN,Asia,2008,population_total,128063000
Japan,JP,JPN,Asia,2007,population_total,128001000
Japan,JP,JPN,Asia,2006,population_total,127854000
Japan,JP,JPN,Asia,2005,population_total,127773000
Japan,JP,JPN,Asia,2004,population_total,127761000
Japan,JP,JPN,Asia,2003,population_total,127718000
Japan,JP,JPN,Asia,2002,population_total,127445000
Japan,JP,JPN,Asia,2001,population_total,127149000
Japan,JP,JPN,Asia,2000,population_total,126843000
Kazakhstan,KZ,KAZ,Asia,2024,gdp_current_usd,288406138231
Kazakhstan,KZ,KAZ,Asia,2023,gdp_current_usd,261840101060
Kazakhstan,KZ,KAZ,Asia,2022,gdp_current_usd,225496328925
Kazakhstan,KZ,KAZ,Asia,2021,gdp_current_usd,197112255361
Kazakhstan,KZ,KAZ,Asia,2020,gdp_current_usd,171082365861
Kazakhstan,KZ,KAZ,Asia,2019,gdp_current_usd,181667184855
Kazakhstan,KZ,KAZ,Asia,2018,gdp_current_usd,179339977690
Kazakhstan,KZ,KAZ,Asia,2017,gdp_current_usd,166805788827
Kazakhstan,KZ,KAZ,Asia,2016,gdp_current_usd,137278320084
Kazakhstan,KZ,KAZ,Asia,2015,gdp_current_usd,184388404706
Kazakhstan,KZ,KAZ,Asia,2014,gdp_current_usd,221415613595
Kazakhstan,KZ,KAZ,Asia,2013,gdp_current_usd,236634603409
Kazakhstan,KZ,KAZ,Asia,2012,gdp_current_usd,207998568866
Kazakhstan,KZ,KAZ,Asia,2011,gdp_current_usd,192626464617
Kazakhstan,KZ,KAZ,Asia,2010,gdp_current_usd,148047348241
Kazakhstan,KZ,KAZ,Asia,2009,gdp_current_usd,115308686941
Kazakhstan,KZ,KAZ,Asia,2008,gdp_current_usd,133441648852
Kazakhstan,KZ,KAZ,Asia,2007,gdp_current_usd,104849915058
Kazakhstan,KZ,KAZ,Asia,2006,gdp_current_usd,81003864630
Kazakhstan,KZ,KAZ,Asia,2005,gdp_current_usd,57123671734
Kazakhstan,KZ,KAZ,Asia,2004,gdp_current_usd,43151647003
Kazakhstan,KZ,KAZ,Asia,2003,gdp_current_usd,30833692900
Kazakhstan,KZ,KAZ,Asia,2002,gdp_current_usd,24636598527
Kazakhstan,KZ,KAZ,Asia,2001,gdp_current_usd,22152689180
Kazakhstan,KZ,KAZ,Asia,2000,gdp_current_usd,18291990662
Kazakhstan,KZ,KAZ,Asia,2024,gdp_per_capita_current_usd,14005
Kazakhstan,KZ,KAZ,Asia,2023,gdp_per_capita_current_usd,12879
Kazakhstan,KZ,KAZ,Asia,2022,gdp_per_capita_current_usd,11255
Kazakhstan,KZ,KAZ,Asia,2021,gdp_per_capita_current_usd,9984
Kazakhstan,KZ,KAZ,Asia,2020,gdp_per_capita_current_usd,8782
Kazakhstan,KZ,KAZ,Asia,2019,gdp_per_capita_current_usd,9457
Kazakhstan,KZ,KAZ,Asia,2018,gdp_per_capita_current_usd,9472
Kazakhstan,KZ,KAZ,Asia,2017,gdp_per_capita_current_usd,8943
Kazakhstan,KZ,KAZ,Asia,2016,gdp_per_capita_current_usd,7476
Kazakhstan,KZ,KAZ,Asia,2015,gdp_per_capita_current_usd,10196
Kazakhstan,KZ,KAZ,Asia,2014,gdp_per_capita_current_usd,12428
Kazakhstan,KZ,KAZ,Asia,2013,gdp_per_capita_current_usd,13478
Kazakhstan,KZ,KAZ,Asia,2012,gdp_per_capita_current_usd,12019
Kazakhstan,KZ,KAZ,Asia,2011,gdp_per_capita_current_usd,11287
Kazakhstan,KZ,KAZ,Asia,2010,gdp_per_capita_current_usd,8793
Kazakhstan,KZ,KAZ,Asia,2009,gdp_per_capita_current_usd,6938
Kazakhstan,KZ,KAZ,Asia,2008,gdp_per_capita_current_usd,8124
Kazakhstan,KZ,KAZ,Asia,2007,gdp_per_capita_current_usd,6449
Kazakhstan,KZ,KAZ,Asia,2006,gdp_per_capita_current_usd,5030
Kazakhstan,KZ,KAZ,Asia,2005,gdp_per_capita_current_usd,3577
Kazakhstan,KZ,KAZ,Asia,2004,gdp_per_capita_current_usd,2722
Kazakhstan,KZ,KAZ,Asia,2003,gdp_per_capita_current_usd,1958
Kazakhstan,KZ,KAZ,Asia,2002,gdp_per_capita_current_usd,1574
Kazakhstan,KZ,KAZ,Asia,2001,gdp_per_capita_current_usd,1422
Kazakhstan,KZ,KAZ,Asia,2000,gdp_per_capita_current_usd,1180
Kazakhstan,KZ,KAZ,Asia,2024,population_total,20592571
Kazakhstan,KZ,KAZ,Asia,2023,population_total,20330104
Kazakhstan,KZ,KAZ,Asia,2022,population_total,20034609
Kazakhstan,KZ,KAZ,Asia,2021,population_total,19743603
Kazakhstan,KZ,KAZ,Asia,2020,population_total,19482117
Kazakhstan,KZ,KAZ,Asia,2019,population_total,19209555
Kazakhstan,KZ,KAZ,Asia,2018,population_total,18932727
Kazakhstan,KZ,KAZ,Asia,2017,population_total,18651931
Kazakhstan,KZ,KAZ,Asia,2016,population_total,18363600
Kazakhstan,KZ,KAZ,Asia,2015,population_total,18084169
Kazakhstan,KZ,KAZ,Asia,2014,population_total,17816285
Kazakhstan,KZ,KAZ,Asia,2013,population_total,17556502
Kazakhstan,KZ,KAZ,Asia,2012,population_total,17306106
Kazakhstan,KZ,KAZ,Asia,2011,population_total,17066002
Kazakhstan,KZ,KAZ,Asia,2010,population_total,16836810
Kazakhstan,KZ,KAZ,Asia,2009,population_total,16619846
Kazakhstan,KZ,KAZ,Asia,2008,population_total,16426525
Kazakhstan,KZ,KAZ,Asia,2007,population_total,16257214
Kazakhstan,KZ,KAZ,Asia,2006,population_total,16103716
Kazakhstan,KZ,KAZ,Asia,2005,population_total,15968117
Kazakhstan,KZ,KAZ,Asia,2004,population_total,15850159
Kazakhstan,KZ,KAZ,Asia,2003,population_total,15747380
Kazakhstan,KZ,KAZ,Asia,2002,population_total,15656677
Kazakhstan,KZ,KAZ,Asia,2001,population_total,15575550
Kazakhstan,KZ,KAZ,Asia,2000,population_total,15501103
Kenya,KE,KEN,Africa,2024,gdp_current_usd,124498691699
Kenya,KE,KEN,Africa,2023,gdp_current_usd,108038588971
Kenya,KE,KEN,Africa,2022,gdp_current_usd,114448978153
Kenya,KE,KEN,Africa,2021,gdp_current_usd,109703658905
Kenya,KE,KEN,Africa,2020,gdp_current_usd,100657505751
Kenya,KE,KEN,Africa,2019,gdp_current_usd,100378436207
Kenya,KE,KEN,Africa,2018,gdp_current_usd,92202979985
Kenya,KE,KEN,Africa,2017,gdp_current_usd,82036510877
Kenya,KE,KEN,Africa,2016,gdp_current_usd,74815144164
Kenya,KE,KEN,Africa,2015,gdp_current_usd,70120446897
Kenya,KE,KEN,Africa,2014,gdp_current_usd,68285796514
Kenya,KE,KEN,Africa,2013,gdp_current_usd,61671440408
Kenya,KE,KEN,Africa,2012,gdp_current_usd,56396704672
Kenya,KE,KEN,Africa,2011,gdp_current_usd,46869473151
Kenya,KE,KEN,Africa,2010,gdp_current_usd,45405615064
Kenya,KE,KEN,Africa,2009,gdp_current_usd,42347217913
Kenya,KE,KEN,Africa,2008,gdp_current_usd,35895153328
Kenya,KE,KEN,Africa,2007,gdp_current_usd,31958195182
Kenya,KE,KEN,Africa,2006,gdp_current_usd,25825512284
Kenya,KE,KEN,Africa,2005,gdp_current_usd,18737895513
Kenya,KE,KEN,Africa,2004,gdp_current_usd,16095337094
Kenya,KE,KEN,Africa,2003,gdp_current_usd,14904517650
Kenya,KE,KEN,Africa,2002,gdp_current_usd,13147736899
Kenya,KE,KEN,Africa,2001,gdp_current_usd,12986007426
Kenya,KE,KEN,Africa,2000,gdp_current_usd,12705350098
Kenya,KE,KEN,Africa,2024,gdp_per_capita_current_usd,2206
Kenya,KE,KEN,Africa,2023,gdp_per_capita_current_usd,1952
Kenya,KE,KEN,Africa,2022,gdp_per_capita_current_usd,2110
Kenya,KE,KEN,Africa,2021,gdp_per_capita_current_usd,2061
Kenya,KE,KEN,Africa,2020,gdp_per_capita_current_usd,1928
Kenya,KE,KEN,Africa,2019,gdp_per_capita_current_usd,1960
Kenya,KE,KEN,Africa,2018,gdp_per_capita_current_usd,1836
Kenya,KE,KEN,Africa,2017,gdp_per_capita_current_usd,1667
Kenya,KE,KEN,Africa,2016,gdp_per_capita_current_usd,1554
Kenya,KE,KEN,Africa,2015,gdp_per_capita_current_usd,1489
Kenya,KE,KEN,Africa,2014,gdp_per_capita_current_usd,1483
Kenya,KE,KEN,Africa,2013,gdp_per_capita_current_usd,1371
Kenya,KE,KEN,Africa,2012,gdp_per_capita_current_usd,1285
Kenya,KE,KEN,Africa,2011,gdp_per_capita_current_usd,1096
Kenya,KE,KEN,Africa,2010,gdp_per_capita_current_usd,1092
Kenya,KE,KEN,Africa,2009,gdp_per_capita_current_usd,1048
Kenya,KE,KEN,Africa,2008,gdp_per_capita_current_usd,916
Kenya,KE,KEN,Africa,2007,gdp_per_capita_current_usd,840
Kenya,KE,KEN,Africa,2006,gdp_per_capita_current_usd,700
Kenya,KE,KEN,Africa,2005,gdp_per_capita_current_usd,523
Kenya,KE,KEN,Africa,2004,gdp_per_capita_current_usd,464
Kenya,KE,KEN,Africa,2003,gdp_per_capita_current_usd,443
Kenya,KE,KEN,Africa,2002,gdp_per_capita_current_usd,403
Kenya,KE,KEN,Africa,2001,gdp_per_capita_current_usd,411
Kenya,KE,KEN,Africa,2000,gdp_per_capita_current_usd,415
Kenya,KE,KEN,Africa,2024,population_total,56432944
Kenya,KE,KEN,Africa,2023,population_total,55339003
Kenya,KE,KEN,Africa,2022,population_total,54252461
Kenya,KE,KEN,Africa,2021,population_total,53219166
Kenya,KE,KEN,Africa,2020,population_total,52217334
Kenya,KE,KEN,Africa,2019,population_total,51202827
Kenya,KE,KEN,Africa,2018,population_total,50207107
Kenya,KE,KEN,Africa,2017,population_total,49197766
Kenya,KE,KEN,Africa,2016,population_total,48139687
Kenya,KE,KEN,Africa,2015,population_total,47088526
Kenya,KE,KEN,Africa,2014,population_total,46051440
Kenya,KE,KEN,Africa,2013,population_total,44986791
Kenya,KE,KEN,Africa,2012,population_total,43888303
Kenya,KE,KEN,Africa,2011,population_total,42758461
Kenya,KE,KEN,Africa,2010,population_total,41598567
Kenya,KE,KEN,Africa,2009,population_total,40408891
Kenya,KE,KEN,Africa,2008,population_total,39206351
Kenya,KE,KEN,Africa,2007,population_total,38036349
Kenya,KE,KEN,Africa,2006,population_total,36904008
Kenya,KE,KEN,Africa,2005,population_total,35796484
Kenya,KE,KEN,Africa,2004,population_total,34713455
Kenya,KE,KEN,Africa,2003,population_total,33652223
Kenya,KE,KEN,Africa,2002,population_total,32629808
Kenya,KE,KEN,Africa,2001,population_total,31619170
Kenya,KE,KEN,Africa,2000,population_total,30642890
Kyrgyzstan,KG,KGZ,Asia,2024,gdp_current_usd,17478259659
Kyrgyzstan,KG,KGZ,Asia,2023,gdp_current_usd,15180842369
Kyrgyzstan,KG,KGZ,Asia,2022,gdp_current_usd,12134931018
Kyrgyzstan,KG,KGZ,Asia,2021,gdp_current_usd,9249133946
Kyrgyzstan,KG,KGZ,Asia,2020,gdp_current_usd,8270468614
Kyrgyzstan,KG,KGZ,Asia,2019,gdp_current_usd,9371275264
Kyrgyzstan,KG,KGZ,Asia,2018,gdp_current_usd,8271106235
Kyrgyzstan,KG,KGZ,Asia,2017,gdp_current_usd,7702938379
Kyrgyzstan,KG,KGZ,Asia,2016,gdp_current_usd,6813095379
Kyrgyzstan,KG,KGZ,Asia,2015,gdp_current_usd,6678177512
Kyrgyzstan,KG,KGZ,Asia,2014,gdp_current_usd,7468102413
Kyrgyzstan,KG,KGZ,Asia,2013,gdp_current_usd,7335033801
Kyrgyzstan,KG,KGZ,Asia,2012,gdp_current_usd,6605142884
Kyrgyzstan,KG,KGZ,Asia,2011,gdp_current_usd,6197765984
Kyrgyzstan,KG,KGZ,Asia,2010,gdp_current_usd,4794361863
Kyrgyzstan,KG,KGZ,Asia,2009,gdp_current_usd,4690061381
Kyrgyzstan,KG,KGZ,Asia,2008,gdp_current_usd,5139958909
Kyrgyzstan,KG,KGZ,Asia,2007,gdp_current_usd,3802570553
Kyrgyzstan,KG,KGZ,Asia,2006,gdp_current_usd,2834168889
Kyrgyzstan,KG,KGZ,Asia,2005,gdp_current_usd,2460246766
Kyrgyzstan,KG,KGZ,Asia,2004,gdp_current_usd,2211534585
Kyrgyzstan,KG,KGZ,Asia,2003,gdp_current_usd,1919008090
Kyrgyzstan,KG,KGZ,Asia,2002,gdp_current_usd,1605643105
Kyrgyzstan,KG,KGZ,Asia,2001,gdp_current_usd,1525116370
Kyrgyzstan,KG,KGZ,Asia,2000,gdp_current_usd,1369688498
Kyrgyzstan,KG,KGZ,Asia,2024,gdp_per_capita_current_usd,2419
Kyrgyzstan,KG,KGZ,Asia,2023,gdp_per_capita_current_usd,2138
Kyrgyzstan,KG,KGZ,Asia,2022,gdp_per_capita_current_usd,1740
Kyrgyzstan,KG,KGZ,Asia,2021,gdp_per_capita_current_usd,1350
Kyrgyzstan,KG,KGZ,Asia,2020,gdp_per_capita_current_usd,1230
Kyrgyzstan,KG,KGZ,Asia,2019,gdp_per_capita_current_usd,1422
Kyrgyzstan,KG,KGZ,Asia,2018,gdp_per_capita_current_usd,1284
Kyrgyzstan,KG,KGZ,Asia,2017,gdp_per_capita_current_usd,1221
Kyrgyzstan,KG,KGZ,Asia,2016,gdp_per_capita_current_usd,1103
Kyrgyzstan,KG,KGZ,Asia,2015,gdp_per_capita_current_usd,1106
Kyrgyzstan,KG,KGZ,Asia,2014,gdp_per_capita_current_usd,1265
Kyrgyzstan,KG,KGZ,Asia,2013,gdp_per_capita_current_usd,1270
Kyrgyzstan,KG,KGZ,Asia,2012,gdp_per_capita_current_usd,1169
Kyrgyzstan,KG,KGZ,Asia,2011,gdp_per_capita_current_usd,1117
Kyrgyzstan,KG,KGZ,Asia,2010,gdp_per_capita_current_usd,877
Kyrgyzstan,KG,KGZ,Asia,2009,gdp_per_capita_current_usd,870
Kyrgyzstan,KG,KGZ,Asia,2008,gdp_per_capita_current_usd,966
Kyrgyzstan,KG,KGZ,Asia,2007,gdp_per_capita_current_usd,722
Kyrgyzstan,KG,KGZ,Asia,2006,gdp_per_capita_current_usd,543
Kyrgyzstan,KG,KGZ,Asia,2005,gdp_per_capita_current_usd,477
Kyrgyzstan,KG,KGZ,Asia,2004,gdp_per_capita_current_usd,433
Kyrgyzstan,KG,KGZ,Asia,2003,gdp_per_capita_current_usd,381
Kyrgyzstan,KG,KGZ,Asia,2002,gdp_per_capita_current_usd,322
Kyrgyzstan,KG,KGZ,Asia,2001,gdp_per_capita_current_usd,308
Kyrgyzstan,KG,KGZ,Asia,2000,gdp_per_capita_current_usd,280
Kyrgyzstan,KG,KGZ,Asia,2024,population_total,7224614
Kyrgyzstan,KG,KGZ,Asia,2023,population_total,7099750
Kyrgyzstan,KG,KGZ,Asia,2022,population_total,6975220
Kyrgyzstan,KG,KGZ,Asia,2021,population_total,6851224
Kyrgyzstan,KG,KGZ,Asia,2020,population_total,6726596
Kyrgyzstan,KG,KGZ,Asia,2019,population_total,6590211
Kyrgyzstan,KG,KGZ,Asia,2018,population_total,6444079
Kyrgyzstan,KG,KGZ,Asia,2017,population_total,6306696
Kyrgyzstan,KG,KGZ,Asia,2016,population_total,6175338
Kyrgyzstan,KG,KGZ,Asia,2015,population_total,6040036
Kyrgyzstan,KG,KGZ,Asia,2014,population_total,5905848
Kyrgyzstan,KG,KGZ,Asia,2013,population_total,5777150
Kyrgyzstan,KG,KGZ,Asia,2012,population_total,5652076
Kyrgyzstan,KG,KGZ,Asia,2011,population_total,5546587
Kyrgyzstan,KG,KGZ,Asia,2010,population_total,5467059
Kyrgyzstan,KG,KGZ,Asia,2009,population_total,5389643
Kyrgyzstan,KG,KGZ,Asia,2008,population_total,5318729
Kyrgyzstan,KG,KGZ,Asia,2007,population_total,5268385
Kyrgyzstan,KG,KGZ,Asia,2006,population_total,5218373
Kyrgyzstan,KG,KGZ,Asia,2005,population_total,5162640
Kyrgyzstan,KG,KGZ,Asia,2004,population_total,5104713
Kyrgyzstan,KG,KGZ,Asia,2003,population_total,5043308
Kyrgyzstan,KG,KGZ,Asia,2002,population_total,4990704
Kyrgyzstan,KG,KGZ,Asia,2001,population_total,4945073
Kyrgyzstan,KG,KGZ,Asia,2000,population_total,4898362
Cambodia,KH,KHM,Asia,2024,gdp_current_usd,46352647035
Cambodia,KH,KHM,Asia,2023,gdp_current_usd,42335646896
Cambodia,KH,KHM,Asia,2022,gdp_current_usd,39994532960
Cambodia,KH,KHM,Asia,2021,gdp_current_usd,36790163687
Cambodia,KH,KHM,Asia,2020,gdp_current_usd,34818073901
Cambodia,KH,KHM,Asia,2019,gdp_current_usd,36685356408
Cambodia,KH,KHM,Asia,2018,gdp_current_usd,33145892169
Cambodia,KH,KHM,Asia,2017,gdp_current_usd,29355665910
Cambodia,KH,KHM,Asia,2016,gdp_current_usd,26556545153
Cambodia,KH,KHM,Asia,2015,gdp_current_usd,24174170369
Cambodia,KH,KHM,Asia,2014,gdp_current_usd,22041463968
Cambodia,KH,KHM,Asia,2013,gdp_current_usd,19807135253
Cambodia,KH,KHM,Asia,2012,gdp_current_usd,17826536700
Cambodia,KH,KHM,Asia,2011,gdp_current_usd,16032622024
Cambodia,KH,KHM,Asia,2010,gdp_current_usd,13808673288
Cambodia,KH,KHM,Asia,2009,gdp_current_usd,12502901170
Cambodia,KH,KHM,Asia,2008,gdp_current_usd,12174303999
Cambodia,KH,KHM,Asia,2007,gdp_current_usd,10127916460
Cambodia,KH,KHM,Asia,2006,gdp_current_usd,8350531017
Cambodia,KH,KHM,Asia,2005,gdp_current_usd,7066296463
Cambodia,KH,KHM,Asia,2004,gdp_current_usd,5883297160
Cambodia,KH,KHM,Asia,2003,gdp_current_usd,5046693484
Cambodia,KH,KHM,Asia,2002,gdp_current_usd,4501227627
Cambodia,KH,KHM,Asia,2001,gdp_current_usd,4145665970
Cambodia,KH,KHM,Asia,2000,gdp_current_usd,3694168979
Cambodia,KH,KHM,Asia,2024,gdp_per_capita_current_usd,2628
Cambodia,KH,KHM,Asia,2023,gdp_per_capita_current_usd,2430
Cambodia,KH,KHM,Asia,2022,gdp_per_capita_current_usd,2325
Cambodia,KH,KHM,Asia,2021,gdp_per_capita_current_usd,2167
Cambodia,KH,KHM,Asia,2020,gdp_per_capita_current_usd,2082
Cambodia,KH,KHM,Asia,2019,gdp_per_capita_current_usd,2226
Cambodia,KH,KHM,Asia,2018,gdp_per_capita_current_usd,2037
Cambodia,KH,KHM,Asia,2017,gdp_per_capita_current_usd,1826
Cambodia,KH,KHM,Asia,2016,gdp_per_capita_current_usd,1675
Cambodia,KH,KHM,Asia,2015,gdp_per_capita_current_usd,1547
Cambodia,KH,KHM,Asia,2014,gdp_per_capita_current_usd,1432
Cambodia,KH,KHM,Asia,2013,gdp_per_capita_current_usd,1306
Cambodia,KH,KHM,Asia,2012,gdp_per_capita_current_usd,1193
Cambodia,KH,KHM,Asia,2011,gdp_per_capita_current_usd,1089
Cambodia,KH,KHM,Asia,2010,gdp_per_capita_current_usd,952
Cambodia,KH,KHM,Asia,2009,gdp_per_capita_current_usd,876
Cambodia,KH,KHM,Asia,2008,gdp_per_capita_current_usd,866
Cambodia,KH,KHM,Asia,2007,gdp_per_capita_current_usd,732
Cambodia,KH,KHM,Asia,2006,gdp_per_capita_current_usd,612
Cambodia,KH,KHM,Asia,2005,gdp_per_capita_current_usd,526
Cambodia,KH,KHM,Asia,2004,gdp_per_capita_current_usd,444
Cambodia,KH,KHM,Asia,2003,gdp_per_capita_current_usd,387
Cambodia,KH,KHM,Asia,2002,gdp_per_capita_current_usd,350
Cambodia,KH,KHM,Asia,2001,gdp_per_capita_current_usd,328
Cambodia,KH,KHM,Asia,2000,gdp_per_capita_current_usd,296
Cambodia,KH,KHM,Asia,2024,population_total,17638801
Cambodia,KH,KHM,Asia,2023,population_total,17423880
Cambodia,KH,KHM,Asia,2022,population_total,17201724
Cambodia,KH,KHM,Asia,2021,population_total,16974305
Cambodia,KH,KHM,Asia,2020,population_total,16725474
Cambodia,KH,KHM,Asia,2019,population_total,16481304
Cambodia,KH,KHM,Asia,2018,population_total,16274522
Cambodia,KH,KHM,Asia,2017,population_total,16073372
Cambodia,KH,KHM,Asia,2016,population_total,15852803
Cambodia,KH,KHM,Asia,2015,population_total,15623251
Cambodia,KH,KHM,Asia,2014,population_total,15396772
Cambodia,KH,KHM,Asia,2013,population_total,15170208
Cambodia,KH,KHM,Asia,2012,population_total,14945085
Cambodia,KH,KHM,Asia,2011,population_total,14722584
Cambodia,KH,KHM,Asia,2010,population_total,14500726
Cambodia,KH,KHM,Asia,2009,population_total,14276810
Cambodia,KH,KHM,Asia,2008,population_total,14053479
Cambodia,KH,KHM,Asia,2007,population_total,13841770
Cambodia,KH,KHM,Asia,2006,population_total,13639028
Cambodia,KH,KHM,Asia,2005,population_total,13439202
Cambodia,KH,KHM,Asia,2004,population_total,13244731
Cambodia,KH,KHM,Asia,2003,population_total,13050968
Cambodia,KH,KHM,Asia,2002,population_total,12855241
Cambodia,KH,KHM,Asia,2001,population_total,12658484
Cambodia,KH,KHM,Asia,2000,population_total,12462336
Kiribati,KI,KIR,Oceania,2024,gdp_current_usd,307862547
Kiribati,KI,KIR,Oceania,2023,gdp_current_usd,288610732
Kiribati,KI,KIR,Oceania,2022,gdp_current_usd,270040457
Kiribati,KI,KIR,Oceania,2021,gdp_current_usd,285259894
Kiribati,KI,KIR,Oceania,2020,gdp_current_usd,220897999
Kiribati,KI,KIR,Oceania,2019,gdp_current_usd,216985388
Kiribati,KI,KIR,Oceania,2018,gdp_current_usd,233514717
Kiribati,KI,KIR,Oceania,2017,gdp_current_usd,222875736
Kiribati,KI,KIR,Oceania,2016,gdp_current_usd,206467819
Kiribati,KI,KIR,Oceania,2015,gdp_current_usd,191559399
Kiribati,KI,KIR,Oceania,2014,gdp_current_usd,200287282
Kiribati,KI,KIR,Oceania,2013,gdp_current_usd,201730861
Kiribati,KI,KIR,Oceania,2012,gdp_current_usd,207001546
Kiribati,KI,KIR,Oceania,2011,gdp_current_usd,195970140
Kiribati,KI,KIR,Oceania,2010,gdp_current_usd,165458433
Kiribati,KI,KIR,Oceania,2009,gdp_current_usd,140177384
Kiribati,KI,KIR,Oceania,2008,gdp_current_usd,147017895
Kiribati,KI,KIR,Oceania,2007,gdp_current_usd,138054946
Kiribati,KI,KIR,Oceania,2006,gdp_current_usd,112338353
Kiribati,KI,KIR,Oceania,2005,gdp_current_usd,113895437
Kiribati,KI,KIR,Oceania,2004,gdp_current_usd,104085892
Kiribati,KI,KIR,Oceania,2003,gdp_current_usd,96105619
Kiribati,KI,KIR,Oceania,2002,gdp_current_usd,74743869
Kiribati,KI,KIR,Oceania,2001,gdp_current_usd,64935850
Kiribati,KI,KIR,Oceania,2000,gdp_current_usd,74910527
Kiribati,KI,KIR,Oceania,2024,gdp_per_capita_current_usd,2289
Kiribati,KI,KIR,Oceania,2023,gdp_per_capita_current_usd,2178
Kiribati,KI,KIR,Oceania,2022,gdp_per_capita_current_usd,2070
Kiribati,KI,KIR,Oceania,2021,gdp_per_capita_current_usd,2222
Kiribati,KI,KIR,Oceania,2020,gdp_per_capita_current_usd,1752
Kiribati,KI,KIR,Oceania,2019,gdp_per_capita_current_usd,1751
Kiribati,KI,KIR,Oceania,2018,gdp_per_capita_current_usd,1913
Kiribati,KI,KIR,Oceania,2017,gdp_per_capita_current_usd,1853
Kiribati,KI,KIR,Oceania,2016,gdp_per_capita_current_usd,1743
Kiribati,KI,KIR,Oceania,2015,gdp_per_capita_current_usd,1640
Kiribati,KI,KIR,Oceania,2014,gdp_per_capita_current_usd,1737
Kiribati,KI,KIR,Oceania,2013,gdp_per_capita_current_usd,1772
Kiribati,KI,KIR,Oceania,2012,gdp_per_capita_current_usd,1844
Kiribati,KI,KIR,Oceania,2011,gdp_per_capita_current_usd,1771
Kiribati,KI,KIR,Oceania,2010,gdp_per_capita_current_usd,1522
Kiribati,KI,KIR,Oceania,2009,gdp_per_capita_current_usd,1317
Kiribati,KI,KIR,Oceania,2008,gdp_per_capita_current_usd,1411
Kiribati,KI,KIR,Oceania,2007,gdp_per_capita_current_usd,1353
Kiribati,KI,KIR,Oceania,2006,gdp_per_capita_current_usd,1123
Kiribati,KI,KIR,Oceania,2005,gdp_per_capita_current_usd,1162
Kiribati,KI,KIR,Oceania,2004,gdp_per_capita_current_usd,1083
Kiribati,KI,KIR,Oceania,2003,gdp_per_capita_current_usd,1021
Kiribati,KI,KIR,Oceania,2002,gdp_per_capita_current_usd,810
Kiribati,KI,KIR,Oceania,2001,gdp_per_capita_current_usd,719
Kiribati,KI,KIR,Oceania,2000,gdp_per_capita_current_usd,845
Kiribati,KI,KIR,Oceania,2024,population_total,134518
Kiribati,KI,KIR,Oceania,2023,population_total,132530
Kiribati,KI,KIR,Oceania,2022,population_total,130469
Kiribati,KI,KIR,Oceania,2021,population_total,128377
Kiribati,KI,KIR,Oceania,2020,population_total,126099
Kiribati,KI,KIR,Oceania,2019,population_total,123921
Kiribati,KI,KIR,Oceania,2018,population_total,122084
Kiribati,KI,KIR,Oceania,2017,population_total,120275
Kiribati,KI,KIR,Oceania,2016,population_total,118478
Kiribati,KI,KIR,Oceania,2015,population_total,116815
Kiribati,KI,KIR,Oceania,2014,population_total,115326
Kiribati,KI,KIR,Oceania,2013,population_total,113838
Kiribati,KI,KIR,Oceania,2012,population_total,112284
Kiribati,KI,KIR,Oceania,2011,population_total,110647
Kiribati,KI,KIR,Oceania,2010,population_total,108704
Kiribati,KI,KIR,Oceania,2009,population_total,106467
Kiribati,KI,KIR,Oceania,2008,population_total,104222
Kiribati,KI,KIR,Oceania,2007,population_total,102068
Kiribati,KI,KIR,Oceania,2006,population_total,100017
Kiribati,KI,KIR,Oceania,2005,population_total,98035
Kiribati,KI,KIR,Oceania,2004,population_total,96085
Kiribati,KI,KIR,Oceania,2003,population_total,94175
Kiribati,KI,KIR,Oceania,2002,population_total,92264
Kiribati,KI,KIR,Oceania,2001,population_total,90335
Kiribati,KI,KIR,Oceania,2000,population_total,88613
Saint Kitts and Nevis,KN,KNA,North America,2024,gdp_current_usd,1066681481
Saint Kitts and Nevis,KN,KNA,North America,2023,gdp_current_usd,1056751852
Saint Kitts and Nevis,KN,KNA,North America,2022,gdp_current_usd,980188889
Saint Kitts and Nevis,KN,KNA,North America,2021,gdp_current_usd,858622222
Saint Kitts and Nevis,KN,KNA,North America,2020,gdp_current_usd,883922222
Saint Kitts and Nevis,KN,KNA,North America,2019,gdp_current_usd,1107855556
Saint Kitts and Nevis,KN,KNA,North America,2018,gdp_current_usd,1076548148
Saint Kitts and Nevis,KN,KNA,North America,2017,gdp_current_usd,1056977778
Saint Kitts and Nevis,KN,KNA,North America,2016,gdp_current_usd,1006818519
Saint Kitts and Nevis,KN,KNA,North America,2015,gdp_current_usd,957222222
Saint Kitts and Nevis,KN,KNA,North America,2014,gdp_current_usd,952111111
Saint Kitts and Nevis,KN,KNA,North America,2013,gdp_current_usd,874548148
Saint Kitts and Nevis,KN,KNA,North America,2012,gdp_current_usd,824585185
Saint Kitts and Nevis,KN,KNA,North America,2011,gdp_current_usd,836092593
Saint Kitts and Nevis,KN,KNA,North America,2010,gdp_current_usd,778718519
Saint Kitts and Nevis,KN,KNA,North America,2009,gdp_current_usd,774274074
Saint Kitts and Nevis,KN,KNA,North America,2008,gdp_current_usd,777692593
Saint Kitts and Nevis,KN,KNA,North America,2007,gdp_current_usd,689285185
Saint Kitts and Nevis,KN,KNA,North America,2006,gdp_current_usd,644414815
Saint Kitts and Nevis,KN,KNA,North America,2005,gdp_current_usd,547203704
Saint Kitts and Nevis,KN,KNA,North America,2004,gdp_current_usd,506900000
Saint Kitts and Nevis,KN,KNA,North America,2003,gdp_current_usd,469869870
Saint Kitts and Nevis,KN,KNA,North America,2002,gdp_current_usd,481077374
Saint Kitts and Nevis,KN,KNA,North America,2001,gdp_current_usd,458643829
Saint Kitts and Nevis,KN,KNA,North America,2000,gdp_current_usd,421695770
Saint Kitts and Nevis,KN,KNA,North America,2024,gdp_per_capita_current_usd,22771
Saint Kitts and Nevis,KN,KNA,North America,2023,gdp_per_capita_current_usd,22600
Saint Kitts and Nevis,KN,KNA,North America,2022,gdp_per_capita_current_usd,20985
Saint Kitts and Nevis,KN,KNA,North America,2021,gdp_per_capita_current_usd,18361
Saint Kitts and Nevis,KN,KNA,North America,2020,gdp_per_capita_current_usd,18859
Saint Kitts and Nevis,KN,KNA,North America,2019,gdp_per_capita_current_usd,23595
Saint Kitts and Nevis,KN,KNA,North America,2018,gdp_per_capita_current_usd,22901
Saint Kitts and Nevis,KN,KNA,North America,2017,gdp_per_capita_current_usd,22465
Saint Kitts and Nevis,KN,KNA,North America,2016,gdp_per_capita_current_usd,21388
Saint Kitts and Nevis,KN,KNA,North America,2015,gdp_per_capita_current_usd,20329
Saint Kitts and Nevis,KN,KNA,North America,2014,gdp_per_capita_current_usd,20219
Saint Kitts and Nevis,KN,KNA,North America,2013,gdp_per_capita_current_usd,18580
Saint Kitts and Nevis,KN,KNA,North America,2012,gdp_per_capita_current_usd,17532
Saint Kitts and Nevis,KN,KNA,North America,2011,gdp_per_capita_current_usd,17832
Saint Kitts and Nevis,KN,KNA,North America,2010,gdp_per_capita_current_usd,16623
Saint Kitts and Nevis,KN,KNA,North America,2009,gdp_per_capita_current_usd,16503
Saint Kitts and Nevis,KN,KNA,North America,2008,gdp_per_capita_current_usd,16605
Saint Kitts and Nevis,KN,KNA,North America,2007,gdp_per_capita_current_usd,14758
Saint Kitts and Nevis,KN,KNA,North America,2006,gdp_per_capita_current_usd,13838
Saint Kitts and Nevis,KN,KNA,North America,2005,gdp_per_capita_current_usd,11784
Saint Kitts and Nevis,KN,KNA,North America,2004,gdp_per_capita_current_usd,10945
Saint Kitts and Nevis,KN,KNA,North America,2003,gdp_per_capita_current_usd,10176
Saint Kitts and Nevis,KN,KNA,North America,2002,gdp_per_capita_current_usd,10454
Saint Kitts and Nevis,KN,KNA,North America,2001,gdp_per_capita_current_usd,10023
Saint Kitts and Nevis,KN,KNA,North America,2000,gdp_per_capita_current_usd,9320
Saint Kitts and Nevis,KN,KNA,North America,2024,population_total,46843
Saint Kitts and Nevis,KN,KNA,North America,2023,population_total,46758
Saint Kitts and Nevis,KN,KNA,North America,2022,population_total,46709
Saint Kitts and Nevis,KN,KNA,North America,2021,population_total,46763
Saint Kitts and Nevis,KN,KNA,North America,2020,population_total,46870
Saint Kitts and Nevis,KN,KNA,North America,2019,population_total,46952
Saint Kitts and Nevis,KN,KNA,North America,2018,population_total,47008
Saint Kitts and Nevis,KN,KNA,North America,2017,population_total,47050
Saint Kitts and Nevis,KN,KNA,North America,2016,population_total,47075
Saint Kitts and Nevis,KN,KNA,North America,2015,population_total,47087
Saint Kitts and Nevis,KN,KNA,North America,2014,population_total,47089
Saint Kitts and Nevis,KN,KNA,North America,2013,population_total,47069
Saint Kitts and Nevis,KN,KNA,North America,2012,population_total,47033
Saint Kitts and Nevis,KN,KNA,North America,2011,population_total,46886
Saint Kitts and Nevis,KN,KNA,North America,2010,population_total,46846
Saint Kitts and Nevis,KN,KNA,North America,2009,population_total,46916
Saint Kitts and Nevis,KN,KNA,North America,2008,population_total,46835
Saint Kitts and Nevis,KN,KNA,North America,2007,population_total,46706
Saint Kitts and Nevis,KN,KNA,North America,2006,population_total,46569
Saint Kitts and Nevis,KN,KNA,North America,2005,population_total,46437
Saint Kitts and Nevis,KN,KNA,North America,2004,population_total,46315
Saint Kitts and Nevis,KN,KNA,North America,2003,population_total,46176
Saint Kitts and Nevis,KN,KNA,North America,2002,population_total,46020
Saint Kitts and Nevis,KN,KNA,North America,2001,population_total,45761
Saint Kitts and Nevis,KN,KNA,North America,2000,population_total,45248
"Korea, Republic of",KR,KOR,Asia,2023,gdp_current_usd,1712792854202
"Korea, Republic of",KR,KOR,Asia,2022,gdp_current_usd,1673916511800
"Korea, Republic of",KR,KOR,Asia,2021,gdp_current_usd,1818432106880
"Korea, Republic of",KR,KOR,Asia,2020,gdp_current_usd,1644312831906
"Korea, Republic of",KR,KOR,Asia,2019,gdp_current_usd,1651422932448
"Korea, Republic of",KR,KOR,Asia,2018,gdp_current_usd,1725373496825
"Korea, Republic of",KR,KOR,Asia,2017,gdp_current_usd,1623074183502
"Korea, Republic of",KR,KOR,Asia,2016,gdp_current_usd,1499679823910
"Korea, Republic of",KR,KOR,Asia,2015,gdp_current_usd,1466038936206
"Korea, Republic of",KR,KOR,Asia,2014,gdp_current_usd,1484488526272
"Korea, Republic of",KR,KOR,Asia,2013,gdp_current_usd,1370632955321
"Korea, Republic of",KR,KOR,Asia,2012,gdp_current_usd,1278046536287
"Korea, Republic of",KR,KOR,Asia,2011,gdp_current_usd,1253289537501
"Korea, Republic of",KR,KOR,Asia,2010,gdp_current_usd,1143672241150
"Korea, Republic of",KR,KOR,Asia,2009,gdp_current_usd,943941876219
"Korea, Republic of",KR,KOR,Asia,2008,gdp_current_usd,1047339010225
"Korea, Republic of",KR,KOR,Asia,2007,gdp_current_usd,1172614086540
"Korea, Republic of",KR,KOR,Asia,2006,gdp_current_usd,1053216909888
"Korea, Republic of",KR,KOR,Asia,2005,gdp_current_usd,934901071333
"Korea, Republic of",KR,KOR,Asia,2004,gdp_current_usd,793175561887
"Korea, Republic of",KR,KOR,Asia,2003,gdp_current_usd,702714855194
"Korea, Republic of",KR,KOR,Asia,2002,gdp_current_usd,627246933730
"Korea, Republic of",KR,KOR,Asia,2001,gdp_current_usd,547656279895
"Korea, Republic of",KR,KOR,Asia,2000,gdp_current_usd,576179387820
"Korea, Republic of",KR,KOR,Asia,2023,gdp_per_capita_current_usd,33121
"Korea, Republic of",KR,KOR,Asia,2022,gdp_per_capita_current_usd,32395
"Korea, Republic of",KR,KOR,Asia,2021,gdp_per_capita_current_usd,35126
"Korea, Republic of",KR,KOR,Asia,2020,gdp_per_capita_current_usd,31721
"Korea, Republic of",KR,KOR,Asia,2019,gdp_per_capita_current_usd,31902
"Korea, Republic of",KR,KOR,Asia,2018,gdp_per_capita_current_usd,33447
"Korea, Republic of",KR,KOR,Asia,2017,gdp_per_capita_current_usd,31601
"Korea, Republic of",KR,KOR,Asia,2016,gdp_per_capita_current_usd,29280
"Korea, Republic of",KR,KOR,Asia,2015,gdp_per_capita_current_usd,28737
"Korea, Republic of",KR,KOR,Asia,2014,gdp_per_capita_current_usd,29253
"Korea, Republic of",KR,KOR,Asia,2013,gdp_per_capita_current_usd,27180
"Korea, Republic of",KR,KOR,Asia,2012,gdp_per_capita_current_usd,25459
"Korea, Republic of",KR,KOR,Asia,2011,gdp_per_capita_current_usd,25098
"Korea, Republic of",KR,KOR,Asia,2010,gdp_per_capita_current_usd,23079
"Korea, Republic of",KR,KOR,Asia,2009,gdp_per_capita_current_usd,19144
"Korea, Republic of",KR,KOR,Asia,2008,gdp_per_capita_current_usd,21350
"Korea, Republic of",KR,KOR,Asia,2007,gdp_per_capita_current_usd,24086
"Korea, Republic of",KR,KOR,Asia,2006,gdp_per_capita_current_usd,21743
"Korea, Republic of",KR,KOR,Asia,2005,gdp_per_capita_current_usd,19403
"Korea, Republic of",KR,KOR,Asia,2004,gdp_per_capita_current_usd,16496
"Korea, Republic of",KR,KOR,Asia,2003,gdp_per_capita_current_usd,14673
"Korea, Republic of",KR,KOR,Asia,2002,gdp_per_capita_current_usd,13165
"Korea, Republic of",KR,KOR,Asia,2001,gdp_per_capita_current_usd,11561
"Korea, Republic of",KR,KOR,Asia,2000,gdp_per_capita_current_usd,12257
"Korea, Republic of",KR,KOR,Asia,2024,population_total,51751065
"Korea, Republic of",KR,KOR,Asia,2023,population_total,51712619
"Korea, Republic of",KR,KOR,Asia,2022,population_total,51672569
"Korea, Republic of",KR,KOR,Asia,2021,population_total,51769539
"Korea, Republic of",KR,KOR,Asia,2020,population_total,51836239
"Korea, Republic of",KR,KOR,Asia,2019,population_total,51764822
"Korea, Republic of",KR,KOR,Asia,2018,population_total,51585058
"Korea, Republic of",KR,KOR,Asia,2017,population_total,51361911
"Korea, Republic of",KR,KOR,Asia,2016,population_total,51217803
"Korea, Republic of",KR,KOR,Asia,2015,population_total,51014947
"Korea, Republic of",KR,KOR,Asia,2014,population_total,50746659
"Korea, Republic of",KR,KOR,Asia,2013,population_total,50428893
"Korea, Republic of",KR,KOR,Asia,2012,population_total,50199853
"Korea, Republic of",KR,KOR,Asia,2011,population_total,49936638
"Korea, Republic of",KR,KOR,Asia,2010,population_total,49554112
"Korea, Republic of",KR,KOR,Asia,2009,population_total,49307835
"Korea, Republic of",KR,KOR,Asia,2008,population_total,49054708
"Korea, Republic of",KR,KOR,Asia,2007,population_total,48683638
"Korea, Republic of",KR,KOR,Asia,2006,population_total,48438292
"Korea, Republic of",KR,KOR,Asia,2005,population_total,48184561
"Korea, Republic of",KR,KOR,Asia,2004,population_total,48082519
"Korea, Republic of",KR,KOR,Asia,2003,population_total,47892330
"Korea, Republic of",KR,KOR,Asia,2002,population_total,47644736
"Korea, Republic of",KR,KOR,Asia,2001,population_total,47370164
"Korea, Republic of",KR,KOR,Asia,2000,population_total,47008111
Kuwait,KW,KWT,Asia,2024,gdp_current_usd,160227273001
Kuwait,KW,KWT,Asia,2023,gdp_current_usd,165384407267
Kuwait,KW,KWT,Asia,2022,gdp_current_usd,183502046669
Kuwait,KW,KWT,Asia,2021,gdp_current_usd,148350671614
Kuwait,KW,KWT,Asia,2020,gdp_current_usd,111045470461
Kuwait,KW,KWT,Asia,2019,gdp_current_usd,140856394870
Kuwait,KW,KWT,Asia,2018,gdp_current_usd,138646316322
Kuwait,KW,KWT,Asia,2017,gdp_current_usd,120687539676
Kuwait,KW,KWT,Asia,2016,gdp_current_usd,109406674088
Kuwait,KW,KWT,Asia,2015,gdp_current_usd,114585555831
Kuwait,KW,KWT,Asia,2014,gdp_current_usd,162650450785
Kuwait,KW,KWT,Asia,2013,gdp_current_usd,174168116687
Kuwait,KW,KWT,Asia,2012,gdp_current_usd,174047662555
Kuwait,KW,KWT,Asia,2011,gdp_current_usd,154039231299
Kuwait,KW,KWT,Asia,2010,gdp_current_usd,115416245238
Kuwait,KW,KWT,Asia,2009,gdp_current_usd,105968691905
Kuwait,KW,KWT,Asia,2008,gdp_current_usd,147379737230
Kuwait,KW,KWT,Asia,2007,gdp_current_usd,114634043362
Kuwait,KW,KWT,Asia,2006,gdp_current_usd,101557330723
Kuwait,KW,KWT,Asia,2005,gdp_current_usd,80798630137
Kuwait,KW,KWT,Asia,2004,gdp_current_usd,59439090601
Kuwait,KW,KWT,Asia,2003,gdp_current_usd,47874582232
Kuwait,KW,KWT,Asia,2002,gdp_current_usd,38135788414
Kuwait,KW,KWT,Asia,2001,gdp_current_usd,34889559870
Kuwait,KW,KWT,Asia,2000,gdp_current_usd,37718743480
Kuwait,KW,KWT,Asia,2024,gdp_per_capita_current_usd,32214
Kuwait,KW,KWT,Asia,2023,gdp_per_capita_current_usd,34076
Kuwait,KW,KWT,Asia,2022,gdp_per_capita_current_usd,39982
Kuwait,KW,KWT,Asia,2021,gdp_per_capita_current_usd,34019
Kuwait,KW,KWT,Asia,2020,gdp_per_capita_current_usd,25236
Kuwait,KW,KWT,Asia,2019,gdp_per_capita_current_usd,31708
Kuwait,KW,KWT,Asia,2018,gdp_per_capita_current_usd,32068
Kuwait,KW,KWT,Asia,2017,gdp_per_capita_current_usd,29048
Kuwait,KW,KWT,Asia,2016,gdp_per_capita_current_usd,27324
Kuwait,KW,KWT,Asia,2015,gdp_per_capita_current_usd,29882
Kuwait,KW,KWT,Asia,2014,gdp_per_capita_current_usd,44369
Kuwait,KW,KWT,Asia,2013,gdp_per_capita_current_usd,49651
Kuwait,KW,KWT,Asia,2012,gdp_per_capita_current_usd,52155
Kuwait,KW,KWT,Asia,2011,gdp_per_capita_current_usd,49170
Kuwait,KW,KWT,Asia,2010,gdp_per_capita_current_usd,39212
Kuwait,KW,KWT,Asia,2009,gdp_per_capita_current_usd,37907
Kuwait,KW,KWT,Asia,2008,gdp_per_capita_current_usd,55585
Kuwait,KW,KWT,Asia,2007,gdp_per_capita_current_usd,45709
Kuwait,KW,KWT,Asia,2006,gdp_per_capita_current_usd,42947
Kuwait,KW,KWT,Asia,2005,gdp_per_capita_current_usd,36123
Kuwait,KW,KWT,Asia,2004,gdp_per_capita_current_usd,27552
Kuwait,KW,KWT,Asia,2003,gdp_per_capita_current_usd,22691
Kuwait,KW,KWT,Asia,2002,gdp_per_capita_current_usd,18513
Kuwait,KW,KWT,Asia,2001,gdp_per_capita_current_usd,17374
Kuwait,KW,KWT,Asia,2000,gdp_per_capita_current_usd,19296
Kuwait,KW,KWT,Asia,2024,population_total,4973861
Kuwait,KW,KWT,Asia,2023,population_total,4853420
Kuwait,KW,KWT,Asia,2022,population_total,4589643
Kuwait,KW,KWT,Asia,2021,population_total,4360865
Kuwait,KW,KWT,Asia,2020,population_total,4400267
Kuwait,KW,KWT,Asia,2019,population_total,4442316
Kuwait,KW,KWT,Asia,2018,population_total,4323515
Kuwait,KW,KWT,Asia,2017,population_total,4154812
Kuwait,KW,KWT,Asia,2016,population_total,4004096
Kuwait,KW,KWT,Asia,2015,population_total,3834574
Kuwait,KW,KWT,Asia,2014,population_total,3665876
Kuwait,KW,KWT,Asia,2013,population_total,3507844
Kuwait,KW,KWT,Asia,2012,population_total,3337109
Kuwait,KW,KWT,Asia,2011,population_total,3132814
Kuwait,KW,KWT,Asia,2010,population_total,2943372
Kuwait,KW,KWT,Asia,2009,population_total,2795484
Kuwait,KW,KWT,Asia,2008,population_total,2651421
Kuwait,KW,KWT,Asia,2007,population_total,2507887
Kuwait,KW,KWT,Asia,2006,population_total,2364733
Kuwait,KW,KWT,Asia,2005,population_total,2236788
Kuwait,KW,KWT,Asia,2004,population_total,2157320
Kuwait,KW,KWT,Asia,2003,population_total,2109881
Kuwait,KW,KWT,Asia,2002,population_total,2059974
Kuwait,KW,KWT,Asia,2001,population_total,2008121
Kuwait,KW,KWT,Asia,2000,population_total,1954709
Lao People's Democratic Republic,LA,LAO,Asia,2024,gdp_current_usd,16502933121
Lao People's Democratic Republic,LA,LAO,Asia,2023,gdp_current_usd,15843155731
Lao People's Democratic Republic,LA,LAO,Asia,2022,gdp_current_usd,15468785204
Lao People's Democratic Republic,LA,LAO,Asia,2021,gdp_current_usd,18827148531
Lao People's Democratic Republic,LA,LAO,Asia,2020,gdp_current_usd,18981805250
Lao People's Democratic Republic,LA,LAO,Asia,2019,gdp_current_usd,18740561513
Lao People's Democratic Republic,LA,LAO,Asia,2018,gdp_current_usd,18141641090
Lao People's Democratic Republic,LA,LAO,Asia,2017,gdp_current_usd,17071155481
Lao People's Democratic Republic,LA,LAO,Asia,2016,gdp_current_usd,15912501723
Lao People's Democratic Republic,LA,LAO,Asia,2015,gdp_current_usd,14426380126
Lao People's Democratic Republic,LA,LAO,Asia,2014,gdp_current_usd,13279245886
Lao People's Democratic Republic,LA,LAO,Asia,2013,gdp_current_usd,11983252627
Lao People's Democratic Republic,LA,LAO,Asia,2012,gdp_current_usd,10192846339
Lao People's Democratic Republic,LA,LAO,Asia,2011,gdp_current_usd,8750104617
Lao People's Democratic Republic,LA,LAO,Asia,2010,gdp_current_usd,7131771015
Lao People's Democratic Republic,LA,LAO,Asia,2009,gdp_current_usd,5836137330
Lao People's Democratic Republic,LA,LAO,Asia,2008,gdp_current_usd,5446433157
Lao People's Democratic Republic,LA,LAO,Asia,2007,gdp_current_usd,4223152739
Lao People's Democratic Republic,LA,LAO,Asia,2006,gdp_current_usd,3455030061
Lao People's Democratic Republic,LA,LAO,Asia,2005,gdp_current_usd,2735558735
Lao People's Democratic Republic,LA,LAO,Asia,2004,gdp_current_usd,2366398120
Lao People's Democratic Republic,LA,LAO,Asia,2003,gdp_current_usd,2023324407
Lao People's Democratic Republic,LA,LAO,Asia,2002,gdp_current_usd,1758176653
Lao People's Democratic Republic,LA,LAO,Asia,2001,gdp_current_usd,1768619058
Lao People's Democratic Republic,LA,LAO,Asia,2000,gdp_current_usd,1731198022
Lao People's Democratic Republic,LA,LAO,Asia,2024,gdp_per_capita_current_usd,2124
Lao People's Democratic Republic,LA,LAO,Asia,2023,gdp_per_capita_current_usd,2067
Lao People's Democratic Republic,LA,LAO,Asia,2022,gdp_per_capita_current_usd,2046
Lao People's Democratic Republic,LA,LAO,Asia,2021,gdp_per_capita_current_usd,2526
Lao People's Democratic Republic,LA,LAO,Asia,2020,gdp_per_capita_current_usd,2584
Lao People's Democratic Republic,LA,LAO,Asia,2019,gdp_per_capita_current_usd,2589
Lao People's Democratic Republic,LA,LAO,Asia,2018,gdp_per_capita_current_usd,2545
Lao People's Democratic Republic,LA,LAO,Asia,2017,gdp_per_capita_current_usd,2432
Lao People's Democratic Republic,LA,LAO,Asia,2016,gdp_per_capita_current_usd,2303
Lao People's Democratic Republic,LA,LAO,Asia,2015,gdp_per_capita_current_usd,2121
Lao People's Democratic Republic,LA,LAO,Asia,2014,gdp_per_capita_current_usd,1981
Lao People's Democratic Republic,LA,LAO,Asia,2013,gdp_per_capita_current_usd,1813
Lao People's Democratic Republic,LA,LAO,Asia,2012,gdp_per_capita_current_usd,1564
Lao People's Democratic Republic,LA,LAO,Asia,2011,gdp_per_capita_current_usd,1362
Lao People's Democratic Republic,LA,LAO,Asia,2010,gdp_per_capita_current_usd,1126
Lao People's Democratic Republic,LA,LAO,Asia,2009,gdp_per_capita_current_usd,935
Lao People's Democratic Republic,LA,LAO,Asia,2008,gdp_per_capita_current_usd,886
Lao People's Democratic Republic,LA,LAO,Asia,2007,gdp_per_capita_current_usd,697
Lao People's Democratic Republic,LA,LAO,Asia,2006,gdp_per_capita_current_usd,579
Lao People's Democratic Republic,LA,LAO,Asia,2005,gdp_per_capita_current_usd,466
Lao People's Democratic Republic,LA,LAO,Asia,2004,gdp_per_capita_current_usd,409
Lao People's Democratic Republic,LA,LAO,Asia,2003,gdp_per_capita_current_usd,355
Lao People's Democratic Republic,LA,LAO,Asia,2002,gdp_per_capita_current_usd,313
Lao People's Democratic Republic,LA,LAO,Asia,2001,gdp_per_capita_current_usd,320
Lao People's Democratic Republic,LA,LAO,Asia,2000,gdp_per_capita_current_usd,319
Lao People's Democratic Republic,LA,LAO,Asia,2024,population_total,7769819
Lao People's Democratic Republic,LA,LAO,Asia,2023,population_total,7664993
Lao People's Democratic Republic,LA,LAO,Asia,2022,population_total,7559007
Lao People's Democratic Republic,LA,LAO,Asia,2021,population_total,7453194
Lao People's Democratic Republic,LA,LAO,Asia,2020,population_total,7346533
Lao People's Democratic Republic,LA,LAO,Asia,2019,population_total,7237636
Lao People's Democratic Republic,LA,LAO,Asia,2018,population_total,7128045
Lao People's Democratic Republic,LA,LAO,Asia,2017,population_total,7018147
Lao People's Democratic Republic,LA,LAO,Asia,2016,population_total,6908802
Lao People's Democratic Republic,LA,LAO,Asia,2015,population_total,6801645
Lao People's Democratic Republic,LA,LAO,Asia,2014,population_total,6703172
Lao People's Democratic Republic,LA,LAO,Asia,2013,population_total,6611385
Lao People's Democratic Republic,LA,LAO,Asia,2012,population_total,6518978
Lao People's Democratic Republic,LA,LAO,Asia,2011,population_total,6426590
Lao People's Democratic Republic,LA,LAO,Asia,2010,population_total,6334194
Lao People's Democratic Republic,LA,LAO,Asia,2009,population_total,6241642
Lao People's Democratic Republic,LA,LAO,Asia,2008,population_total,6148969
Lao People's Democratic Republic,LA,LAO,Asia,2007,population_total,6056236
Lao People's Democratic Republic,LA,LAO,Asia,2006,population_total,5963200
Lao People's Democratic Republic,LA,LAO,Asia,2005,population_total,5869523
Lao People's Democratic Republic,LA,LAO,Asia,2004,population_total,5781626
Lao People's Democratic Republic,LA,LAO,Asia,2003,population_total,5697945
Lao People's Democratic Republic,LA,LAO,Asia,2002,population_total,5610889
Lao People's Democratic Republic,LA,LAO,Asia,2001,population_total,5521482
Lao People's Democratic Republic,LA,LAO,Asia,2000,population_total,5431212
Lebanon,LB,LBN,Asia,2023,gdp_current_usd,20078620357
Lebanon,LB,LBN,Asia,2022,gdp_current_usd,20992421949
Lebanon,LB,LBN,Asia,2021,gdp_current_usd,23131941557
Lebanon,LB,LBN,Asia,2020,gdp_current_usd,31712128254
Lebanon,LB,LBN,Asia,2019,gdp_current_usd,51605959131
Lebanon,LB,LBN,Asia,2018,gdp_current_usd,54901519156
Lebanon,LB,LBN,Asia,2017,gdp_current_usd,53027680686
Lebanon,LB,LBN,Asia,2016,gdp_current_usd,51147308774
Lebanon,LB,LBN,Asia,2015,gdp_current_usd,49929337837
Lebanon,LB,LBN,Asia,2014,gdp_current_usd,48095213747
Lebanon,LB,LBN,Asia,2013,gdp_current_usd,46880103081
Lebanon,LB,LBN,Asia,2012,gdp_current_usd,44016799516
Lebanon,LB,LBN,Asia,2011,gdp_current_usd,39927125962
Lebanon,LB,LBN,Asia,2010,gdp_current_usd,38443907042
Lebanon,LB,LBN,Asia,2009,gdp_current_usd,35399582929
Lebanon,LB,LBN,Asia,2008,gdp_current_usd,29118916105
Lebanon,LB,LBN,Asia,2007,gdp_current_usd,24827355015
Lebanon,LB,LBN,Asia,2006,gdp_current_usd,22022709851
Lebanon,LB,LBN,Asia,2005,gdp_current_usd,21497336499
Lebanon,LB,LBN,Asia,2004,gdp_current_usd,21159827992
Lebanon,LB,LBN,Asia,2003,gdp_current_usd,20082918740
Lebanon,LB,LBN,Asia,2002,gdp_current_usd,19152238806
Lebanon,LB,LBN,Asia,2001,gdp_current_usd,17649751244
Lebanon,LB,LBN,Asia,2000,gdp_current_usd,17260364842
Lebanon,LB,LBN,Asia,2023,gdp_per_capita_current_usd,3478
Lebanon,LB,LBN,Asia,2022,gdp_per_capita_current_usd,3654
Lebanon,LB,LBN,Asia,2021,gdp_per_capita_current_usd,4045
Lebanon,LB,LBN,Asia,2020,gdp_per_capita_current_usd,5561
Lebanon,LB,LBN,Asia,2019,gdp_per_capita_current_usd,8906
Lebanon,LB,LBN,Asia,2018,gdp_per_capita_current_usd,9175
Lebanon,LB,LBN,Asia,2017,gdp_per_capita_current_usd,8608
Lebanon,LB,LBN,Asia,2016,gdp_per_capita_current_usd,8089
Lebanon,LB,LBN,Asia,2015,gdp_per_capita_current_usd,7714
Lebanon,LB,LBN,Asia,2014,gdp_per_capita_current_usd,7578
Lebanon,LB,LBN,Asia,2013,gdp_per_capita_current_usd,8162
Lebanon,LB,LBN,Asia,2012,gdp_per_capita_current_usd,8407
Lebanon,LB,LBN,Asia,2011,gdp_per_capita_current_usd,7835
Lebanon,LB,LBN,Asia,2010,gdp_per_capita_current_usd,7626
Lebanon,LB,LBN,Asia,2009,gdp_per_capita_current_usd,7091
Lebanon,LB,LBN,Asia,2008,gdp_per_capita_current_usd,5912
Lebanon,LB,LBN,Asia,2007,gdp_per_capita_current_usd,5125
Lebanon,LB,LBN,Asia,2006,gdp_per_capita_current_usd,4635
Lebanon,LB,LBN,Asia,2005,gdp_per_capita_current_usd,4602
Lebanon,LB,LBN,Asia,2004,gdp_per_capita_current_usd,4601
Lebanon,LB,LBN,Asia,2003,gdp_per_capita_current_usd,4438
Lebanon,LB,LBN,Asia,2002,gdp_per_capita_current_usd,4291
Lebanon,LB,LBN,Asia,2001,gdp_per_capita_current_usd,4010
Lebanon,LB,LBN,Asia,2000,gdp_per_capita_current_usd,3987
Lebanon,LB,LBN,Asia,2024,population_total,5805962
Lebanon,LB,LBN,Asia,2023,population_total,5773493
Lebanon,LB,LBN,Asia,2022,population_total,5744489
Lebanon,LB,LBN,Asia,2021,population_total,5718122
Lebanon,LB,LBN,Asia,2020,population_total,5702398
Lebanon,LB,LBN,Asia,2019,population_total,5794594
Lebanon,LB,LBN,Asia,2018,population_total,5984119
Lebanon,LB,LBN,Asia,2017,population_total,6160128
Lebanon,LB,LBN,Asia,2016,population_total,6323060
Lebanon,LB,LBN,Asia,2015,population_total,6472469
Lebanon,LB,LBN,Asia,2014,population_total,6346990
Lebanon,LB,LBN,Asia,2013,population_total,5743436
Lebanon,LB,LBN,Asia,2012,population_total,5235742
Lebanon,LB,LBN,Asia,2011,population_total,5096020
Lebanon,LB,LBN,Asia,2010,population_total,5041288
Lebanon,LB,LBN,Asia,2009,population_total,4992287
Lebanon,LB,LBN,Asia,2008,population_total,4925354
Lebanon,LB,LBN,Asia,2007,population_total,4844118
Lebanon,LB,LBN,Asia,2006,population_total,4751136
Lebanon,LB,LBN,Asia,2005,population_total,4671102
Lebanon,LB,LBN,Asia,2004,population_total,4599279
Lebanon,LB,LBN,Asia,2003,population_total,4525508
Lebanon,LB,LBN,Asia,2002,population_total,4463504
Lebanon,LB,LBN,Asia,2001,population_total,4401918
Lebanon,LB,LBN,Asia,2000,population_total,4329340
Liberia,LR,LBR,Africa,2024,gdp_current_usd,4750000000
Liberia,LR,LBR,Africa,2023,gdp_current_usd,4390000000
Liberia,LR,LBR,Africa,2022,gdp_current_usd,4001047000
Liberia,LR,LBR,Africa,2021,gdp_current_usd,3513049500
Liberia,LR,LBR,Africa,2020,gdp_current_usd,3176126300
Liberia,LR,LBR,Africa,2019,gdp_current_usd,3319596500
Liberia,LR,LBR,Africa,2018,gdp_current_usd,3422754800
Liberia,LR,LBR,Africa,2017,gdp_current_usd,3390703400
Liberia,LR,LBR,Africa,2016,gdp_current_usd,3398419600
Liberia,LR,LBR,Africa,2015,gdp_current_usd,3227075700
Liberia,LR,LBR,Africa,2014,gdp_current_usd,3225652000
Liberia,LR,LBR,Africa,2013,gdp_current_usd,3177198100
Liberia,LR,LBR,Africa,2012,gdp_current_usd,2791614000
Liberia,LR,LBR,Africa,2011,gdp_current_usd,2398000000
Liberia,LR,LBR,Africa,2010,gdp_current_usd,1998000000
Liberia,LR,LBR,Africa,2009,gdp_current_usd,1768000000
Liberia,LR,LBR,Africa,2008,gdp_current_usd,1726000000
Liberia,LR,LBR,Africa,2007,gdp_current_usd,1373000000
Liberia,LR,LBR,Africa,2006,gdp_current_usd,1119000000
Liberia,LR,LBR,Africa,2005,gdp_current_usd,949000000
Liberia,LR,LBR,Africa,2004,gdp_current_usd,897000000
Liberia,LR,LBR,Africa,2003,gdp_current_usd,748000000
Liberia,LR,LBR,Africa,2002,gdp_current_usd,927000000
Liberia,LR,LBR,Africa,2001,gdp_current_usd,906000000
Liberia,LR,LBR,Africa,2000,gdp_current_usd,874000000
Liberia,LR,LBR,Africa,2024,gdp_per_capita_current_usd,846
Liberia,LR,LBR,Africa,2023,gdp_per_capita_current_usd,799
Liberia,LR,LBR,Africa,2022,gdp_per_capita_current_usd,745
Liberia,LR,LBR,Africa,2021,gdp_per_capita_current_usd,668
Liberia,LR,LBR,Africa,2020,gdp_per_capita_current_usd,617
Liberia,LR,LBR,Africa,2019,gdp_per_capita_current_usd,658
Liberia,LR,LBR,Africa,2018,gdp_per_capita_current_usd,692
Liberia,LR,LBR,Africa,2017,gdp_per_capita_current_usd,699
Liberia,LR,LBR,Africa,2016,gdp_per_capita_current_usd,715
Liberia,LR,LBR,Africa,2015,gdp_per_capita_current_usd,693
Liberia,LR,LBR,Africa,2014,gdp_per_capita_current_usd,707
Liberia,LR,LBR,Africa,2013,gdp_per_capita_current_usd,711
Liberia,LR,LBR,Africa,2012,gdp_per_capita_current_usd,638
Liberia,LR,LBR,Africa,2011,gdp_per_capita_current_usd,568
Liberia,LR,LBR,Africa,2010,gdp_per_capita_current_usd,492
Liberia,LR,LBR,Africa,2009,gdp_per_capita_current_usd,448
Liberia,LR,LBR,Africa,2008,gdp_per_capita_current_usd,452
Liberia,LR,LBR,Africa,2007,gdp_per_capita_current_usd,374
Liberia,LR,LBR,Africa,2006,gdp_per_capita_current_usd,321
Liberia,LR,LBR,Africa,2005,gdp_per_capita_current_usd,287
Liberia,LR,LBR,Africa,2004,gdp_per_capita_current_usd,284
Liberia,LR,LBR,Africa,2003,gdp_per_capita_current_usd,240
Liberia,LR,LBR,Africa,2002,gdp_per_capita_current_usd,300
Liberia,LR,LBR,Africa,2001,gdp_per_capita_current_usd,300
Liberia,LR,LBR,Africa,2000,gdp_per_capita_current_usd,298
Liberia,LR,LBR,Africa,2024,population_total,5612817
Liberia,LR,LBR,Africa,2023,population_total,5493031
Liberia,LR,LBR,Africa,2022,population_total,5373294
Liberia,LR,LBR,Africa,2021,population_total,5259323
Liberia,LR,LBR,Africa,2020,population_total,5149463
Liberia,LR,LBR,Africa,2019,population_total,5043721
Liberia,LR,LBR,Africa,2018,population_total,4944726
Liberia,LR,LBR,Africa,2017,population_total,4848925
Liberia,LR,LBR,Africa,2016,population_total,4755608
Liberia,LR,LBR,Africa,2015,population_total,4659431
Liberia,LR,LBR,Africa,2014,population_total,4564293
Liberia,LR,LBR,Africa,2013,population_total,4470239
Liberia,LR,LBR,Africa,2012,population_total,4373043
Liberia,LR,LBR,Africa,2011,population_total,4221178
Liberia,LR,LBR,Africa,2010,population_total,4058890
Liberia,LR,LBR,Africa,2009,population_total,3943028
Liberia,LR,LBR,Africa,2008,population_total,3821003
Liberia,LR,LBR,Africa,2007,population_total,3669050
Liberia,LR,LBR,Africa,2006,population_total,3490787
Liberia,LR,LBR,Africa,2005,population_total,3301015
Liberia,LR,LBR,Africa,2004,population_total,3156892
Liberia,LR,LBR,Africa,2003,population_total,3119532
Liberia,LR,LBR,Africa,2002,population_total,3094782
Liberia,LR,LBR,Africa,2001,population_total,3015338
Liberia,LR,LBR,Africa,2000,population_total,2928117
Libya,LY,LBY,Africa,2024,gdp_current_usd,46636278902
Libya,LY,LBY,Africa,2023,gdp_current_usd,45096462972
Libya,LY,LBY,Africa,2022,gdp_current_usd,43246297922
Libya,LY,LBY,Africa,2021,gdp_current_usd,35217995647
Libya,LY,LBY,Africa,2020,gdp_current_usd,46854285441
Libya,LY,LBY,Africa,2019,gdp_current_usd,69254496472
Libya,LY,LBY,Africa,2018,gdp_current_usd,76686029772
Libya,LY,LBY,Africa,2017,gdp_current_usd,67157452182
Libya,LY,LBY,Africa,2016,gdp_current_usd,49912073701
Libya,LY,LBY,Africa,2015,gdp_current_usd,48717501321
Libya,LY,LBY,Africa,2014,gdp_current_usd,57372355592
Libya,LY,LBY,Africa,2013,gdp_current_usd,75351107029
Libya,LY,LBY,Africa,2012,gdp_current_usd,92540938129
Libya,LY,LBY,Africa,2011,gdp_current_usd,48169263294
Libya,LY,LBY,Africa,2010,gdp_current_usd,75380825062
Libya,LY,LBY,Africa,2009,gdp_current_usd,60808562033
Libya,LY,LBY,Africa,2008,gdp_current_usd,86710767415
Libya,LY,LBY,Africa,2007,gdp_current_usd,68032978391
Libya,LY,LBY,Africa,2006,gdp_current_usd,60094231607
Libya,LY,LBY,Africa,2005,gdp_current_usd,47334691241
Libya,LY,LBY,Africa,2004,gdp_current_usd,33122307692
Libya,LY,LBY,Africa,2003,gdp_current_usd,26265625000
Libya,LY,LBY,Africa,2002,gdp_current_usd,20481889764
Libya,LY,LBY,Africa,2001,gdp_current_usd,34112093927
Libya,LY,LBY,Africa,2000,gdp_current_usd,38270954138
Libya,LY,LBY,Africa,2024,gdp_per_capita_current_usd,6318
Libya,LY,LBY,Africa,2023,gdp_per_capita_current_usd,6173
Libya,LY,LBY,Africa,2022,gdp_per_capita_current_usd,5987
Libya,LY,LBY,Africa,2021,gdp_per_capita_current_usd,4936
Libya,LY,LBY,Africa,2020,gdp_per_capita_current_usd,6650
Libya,LY,LBY,Africa,2019,gdp_per_capita_current_usd,9963
Libya,LY,LBY,Africa,2018,gdp_per_capita_current_usd,11197
Libya,LY,LBY,Africa,2017,gdp_per_capita_current_usd,9966
Libya,LY,LBY,Africa,2016,gdp_per_capita_current_usd,7526
Libya,LY,LBY,Africa,2015,gdp_per_capita_current_usd,7458
Libya,LY,LBY,Africa,2014,gdp_per_capita_current_usd,8926
Libya,LY,LBY,Africa,2013,gdp_per_capita_current_usd,11952
Libya,LY,LBY,Africa,2012,gdp_per_capita_current_usd,14976
Libya,LY,LBY,Africa,2011,gdp_per_capita_current_usd,7594
Libya,LY,LBY,Africa,2010,gdp_per_capita_current_usd,11601
Libya,LY,LBY,Africa,2009,gdp_per_capita_current_usd,9551
Libya,LY,LBY,Africa,2008,gdp_per_capita_current_usd,13906
Libya,LY,LBY,Africa,2007,gdp_per_capita_current_usd,11145
Libya,LY,LBY,Africa,2006,gdp_per_capita_current_usd,10049
Libya,LY,LBY,Africa,2005,gdp_per_capita_current_usd,8079
Libya,LY,LBY,Africa,2004,gdp_per_capita_current_usd,5774
Libya,LY,LBY,Africa,2003,gdp_per_capita_current_usd,4674
Libya,LY,LBY,Africa,2002,gdp_per_capita_current_usd,3718
Libya,LY,LBY,Africa,2001,gdp_per_capita_current_usd,6313
Libya,LY,LBY,Africa,2000,gdp_per_capita_current_usd,7214
Libya,LY,LBY,Africa,2024,population_total,7381023
Libya,LY,LBY,Africa,2023,population_total,7305659
Libya,LY,LBY,Africa,2022,population_total,7223805
Libya,LY,LBY,Africa,2021,population_total,7135175
Libya,LY,LBY,Africa,2020,population_total,7045399
Libya,LY,LBY,Africa,2019,population_total,6951033
Libya,LY,LBY,Africa,2018,population_total,6849055
Libya,LY,LBY,Africa,2017,population_total,6738770
Libya,LY,LBY,Africa,2016,population_total,6632126
Libya,LY,LBY,Africa,2015,population_total,6531819
Libya,LY,LBY,Africa,2014,population_total,6427252
Libya,LY,LBY,Africa,2013,population_total,6304628
Libya,LY,LBY,Africa,2012,population_total,6179328
Libya,LY,LBY,Africa,2011,population_total,6343203
Libya,LY,LBY,Africa,2010,population_total,6497839
Libya,LY,LBY,Africa,2009,population_total,6366686
Libya,LY,LBY,Africa,2008,population_total,6235430
Libya,LY,LBY,Africa,2007,population_total,6104380
Libya,LY,LBY,Africa,2006,population_total,5980211
Libya,LY,LBY,Africa,2005,population_total,5858798
Libya,LY,LBY,Africa,2004,population_total,5736693
Libya,LY,LBY,Africa,2003,population_total,5619398
Libya,LY,LBY,Africa,2002,population_total,5508410
Libya,LY,LBY,Africa,2001,population_total,5403639
Libya,LY,LBY,Africa,2000,population_total,5305021
Saint Lucia,LC,LCA,North America,2024,gdp_current_usd,2549062963
Saint Lucia,LC,LCA,North America,2023,gdp_current_usd,2430166667
Saint Lucia,LC,LCA,North America,2022,gdp_current_usd,2342714815
Saint Lucia,LC,LCA,North America,2021,gdp_current_usd,1867185185
Saint Lucia,LC,LCA,North America,2020,gdp_current_usd,1499274074
Saint Lucia,LC,LCA,North America,2019,gdp_current_usd,2095344444
Saint Lucia,LC,LCA,North America,2018,gdp_current_usd,2060955556
Saint Lucia,LC,LCA,North America,2017,gdp_current_usd,1998503704
Saint Lucia,LC,LCA,North America,2016,gdp_current_usd,1868544444
Saint Lucia,LC,LCA,North America,2015,gdp_current_usd,1807640741
Saint Lucia,LC,LCA,North America,2014,gdp_current_usd,1749185185
Saint Lucia,LC,LCA,North America,2013,gdp_current_usd,1660392593
Saint Lucia,LC,LCA,North America,2012,gdp_current_usd,1598207407
Saint Lucia,LC,LCA,North America,2011,gdp_current_usd,1568370370
Saint Lucia,LC,LCA,North America,2010,gdp_current_usd,1482385185
Saint Lucia,LC,LCA,North America,2009,gdp_current_usd,1401507889
Saint Lucia,LC,LCA,North America,2008,gdp_current_usd,1437731111
Saint Lucia,LC,LCA,North America,2007,gdp_current_usd,1336088815
Saint Lucia,LC,LCA,North America,2006,gdp_current_usd,1268319185
Saint Lucia,LC,LCA,North America,2005,gdp_current_usd,1135555556
Saint Lucia,LC,LCA,North America,2004,gdp_current_usd,1066666667
Saint Lucia,LC,LCA,North America,2003,gdp_current_usd,987407407
Saint Lucia,LC,LCA,North America,2002,gdp_current_usd,900000000
Saint Lucia,LC,LCA,North America,2001,gdp_current_usd,892592593
Saint Lucia,LC,LCA,North America,2000,gdp_current_usd,932592593
Saint Lucia,LC,LCA,North America,2024,gdp_per_capita_current_usd,14182
Saint Lucia,LC,LCA,North America,2023,gdp_per_capita_current_usd,13555
Saint Lucia,LC,LCA,North America,2022,gdp_per_capita_current_usd,13104
Saint Lucia,LC,LCA,North America,2021,gdp_per_capita_current_usd,10459
Saint Lucia,LC,LCA,North America,2020,gdp_per_capita_current_usd,8411
Saint Lucia,LC,LCA,North America,2019,gdp_per_capita_current_usd,11794
Saint Lucia,LC,LCA,North America,2018,gdp_per_capita_current_usd,11643
Saint Lucia,LC,LCA,North America,2017,gdp_per_capita_current_usd,11333
Saint Lucia,LC,LCA,North America,2016,gdp_per_capita_current_usd,10638
Saint Lucia,LC,LCA,North America,2015,gdp_per_capita_current_usd,10335
Saint Lucia,LC,LCA,North America,2014,gdp_per_capita_current_usd,10045
Saint Lucia,LC,LCA,North America,2013,gdp_per_capita_current_usd,9577
Saint Lucia,LC,LCA,North America,2012,gdp_per_capita_current_usd,9260
Saint Lucia,LC,LCA,North America,2011,gdp_per_capita_current_usd,9129
Saint Lucia,LC,LCA,North America,2010,gdp_per_capita_current_usd,8674
Saint Lucia,LC,LCA,North America,2009,gdp_per_capita_current_usd,8251
Saint Lucia,LC,LCA,North America,2008,gdp_per_capita_current_usd,8517
Saint Lucia,LC,LCA,North America,2007,gdp_per_capita_current_usd,7964
Saint Lucia,LC,LCA,North America,2006,gdp_per_capita_current_usd,7611
Saint Lucia,LC,LCA,North America,2005,gdp_per_capita_current_usd,6863
Saint Lucia,LC,LCA,North America,2004,gdp_per_capita_current_usd,6495
Saint Lucia,LC,LCA,North America,2003,gdp_per_capita_current_usd,6059
Saint Lucia,LC,LCA,North America,2002,gdp_per_capita_current_usd,5568
Saint Lucia,LC,LCA,North America,2001,gdp_per_capita_current_usd,5570
Saint Lucia,LC,LCA,North America,2000,gdp_per_capita_current_usd,5880
Saint Lucia,LC,LCA,North America,2024,population_total,179744
Saint Lucia,LC,LCA,North America,2023,population_total,179285
Saint Lucia,LC,LCA,North America,2022,population_total,178781
Saint Lucia,LC,LCA,North America,2021,population_total,178522
Saint Lucia,LC,LCA,North America,2020,population_total,178250
Saint Lucia,LC,LCA,North America,2019,population_total,177661
Saint Lucia,LC,LCA,North America,2018,population_total,177017
Saint Lucia,LC,LCA,North America,2017,population_total,176342
Saint Lucia,LC,LCA,North America,2016,population_total,175646
Saint Lucia,LC,LCA,North America,2015,population_total,174905
Saint Lucia,LC,LCA,North America,2014,population_total,174138
Saint Lucia,LC,LCA,North America,2013,population_total,173369
Saint Lucia,LC,LCA,North America,2012,population_total,172587
Saint Lucia,LC,LCA,North America,2011,population_total,171801
Saint Lucia,LC,LCA,North America,2010,population_total,170906
Saint Lucia,LC,LCA,North America,2009,population_total,169869
Saint Lucia,LC,LCA,North America,2008,population_total,168808
Saint Lucia,LC,LCA,North America,2007,population_total,167758
Saint Lucia,LC,LCA,North America,2006,population_total,166639
Saint Lucia,LC,LCA,North America,2005,population_total,165450
Saint Lucia,LC,LCA,North America,2004,population_total,164239
Saint Lucia,LC,LCA,North America,2003,population_total,162976
Saint Lucia,LC,LCA,North America,2002,population_total,161641
Saint Lucia,LC,LCA,North America,2001,population_total,160237
Saint Lucia,LC,LCA,North America,2000,population_total,158616
Liechtenstein,LI,LIE,Europe,2023,gdp_current_usd,8287748667
Liechtenstein,LI,LIE,Europe,2022,gdp_current_usd,7378156576
Liechtenstein,LI,LIE,Europe,2021,gdp_current_usd,7912602342
Liechtenstein,LI,LIE,Europe,2020,gdp_current_usd,6405870210
Liechtenstein,LI,LIE,Europe,2019,gdp_current_usd,6436467007
Liechtenstein,LI,LIE,Europe,2018,gdp_current_usd,6692620692
Liechtenstein,LI,LIE,Europe,2017,gdp_current_usd,6474308718
Liechtenstein,LI,LIE,Europe,2016,gdp_current_usd,6237302034
Liechtenstein,LI,LIE,Europe,2015,gdp_current_usd,6268515276
Liechtenstein,LI,LIE,Europe,2014,gdp_current_usd,6657526980
Liechtenstein,LI,LIE,Europe,2013,gdp_current_usd,6391708311
Liechtenstein,LI,LIE,Europe,2012,gdp_current_usd,5456102482
Liechtenstein,LI,LIE,Europe,2011,gdp_current_usd,5739706005
Liechtenstein,LI,LIE,Europe,2010,gdp_current_usd,5082337238
Liechtenstein,LI,LIE,Europe,2009,gdp_current_usd,4504375348
Liechtenstein,LI,LIE,Europe,2008,gdp_current_usd,5081479840
Liechtenstein,LI,LIE,Europe,2007,gdp_current_usd,4601429897
Liechtenstein,LI,LIE,Europe,2006,gdp_current_usd,4000102086
Liechtenstein,LI,LIE,Europe,2005,gdp_current_usd,3659319117
Liechtenstein,LI,LIE,Europe,2004,gdp_current_usd,3454373798
Liechtenstein,LI,LIE,Europe,2003,gdp_current_usd,3070803051
Liechtenstein,LI,LIE,Europe,2002,gdp_current_usd,2688618747
Liechtenstein,LI,LIE,Europe,2001,gdp_current_usd,2491800559
Liechtenstein,LI,LIE,Europe,2000,gdp_current_usd,2483889858
Liechtenstein,LI,LIE,Europe,2023,gdp_per_capita_current_usd,207974
Liechtenstein,LI,LIE,Europe,2022,gdp_per_capita_current_usd,186822
Liechtenstein,LI,LIE,Europe,2021,gdp_per_capita_current_usd,201945
Liechtenstein,LI,LIE,Europe,2020,gdp_per_capita_current_usd,164671
Liechtenstein,LI,LIE,Europe,2019,gdp_per_capita_current_usd,166908
Liechtenstein,LI,LIE,Europe,2018,gdp_per_capita_current_usd,174989
Liechtenstein,LI,LIE,Europe,2017,gdp_per_capita_current_usd,170547
Liechtenstein,LI,LIE,Europe,2016,gdp_per_capita_current_usd,165375
Liechtenstein,LI,LIE,Europe,2015,gdp_per_capita_current_usd,167187
Liechtenstein,LI,LIE,Europe,2014,gdp_per_capita_current_usd,178735
Liechtenstein,LI,LIE,Europe,2013,gdp_per_capita_current_usd,172824
Liechtenstein,LI,LIE,Europe,2012,gdp_per_capita_current_usd,148842
Liechtenstein,LI,LIE,Europe,2011,gdp_per_capita_current_usd,158066
Liechtenstein,LI,LIE,Europe,2010,gdp_per_capita_current_usd,141090
Liechtenstein,LI,LIE,Europe,2009,gdp_per_capita_current_usd,126025
Liechtenstein,LI,LIE,Europe,2008,gdp_per_capita_current_usd,143249
Liechtenstein,LI,LIE,Europe,2007,gdp_per_capita_current_usd,130493
Liechtenstein,LI,LIE,Europe,2006,gdp_per_capita_current_usd,114168
Liechtenstein,LI,LIE,Europe,2005,gdp_per_capita_current_usd,105295
Liechtenstein,LI,LIE,Europe,2004,gdp_per_capita_current_usd,100281
Liechtenstein,LI,LIE,Europe,2003,gdp_per_capita_current_usd,90108
Liechtenstein,LI,LIE,Europe,2002,gdp_per_capita_current_usd,79795
Liechtenstein,LI,LIE,Europe,2001,gdp_per_capita_current_usd,75068
Liechtenstein,LI,LIE,Europe,2000,gdp_per_capita_current_usd,76088
Liechtenstein,LI,LIE,Europe,2024,population_total,40197
Liechtenstein,LI,LIE,Europe,2023,population_total,39850
Liechtenstein,LI,LIE,Europe,2022,population_total,39493
Liechtenstein,LI,LIE,Europe,2021,population_total,39182
Liechtenstein,LI,LIE,Europe,2020,population_total,38901
Liechtenstein,LI,LIE,Europe,2019,population_total,38563
Liechtenstein,LI,LIE,Europe,2018,population_total,38246
Liechtenstein,LI,LIE,Europe,2017,population_total,37962
Liechtenstein,LI,LIE,Europe,2016,population_total,37716
Liechtenstein,LI,LIE,Europe,2015,population_total,37494
Liechtenstein,LI,LIE,Europe,2014,population_total,37248
Liechtenstein,LI,LIE,Europe,2013,population_total,36984
Liechtenstein,LI,LIE,Europe,2012,population_total,36657
Liechtenstein,LI,LIE,Europe,2011,population_total,36312
Liechtenstein,LI,LIE,Europe,2010,population_total,36022
Liechtenstein,LI,LIE,Europe,2009,population_total,35742
Liechtenstein,LI,LIE,Europe,2008,population_total,35473
Liechtenstein,LI,LIE,Europe,2007,population_total,35262
Liechtenstein,LI,LIE,Europe,2006,population_total,35037
Liechtenstein,LI,LIE,Europe,2005,population_total,34753
Liechtenstein,LI,LIE,Europe,2004,population_total,34447
Liechtenstein,LI,LIE,Europe,2003,population_total,34079
Liechtenstein,LI,LIE,Europe,2002,population_total,33694
Liechtenstein,LI,LIE,Europe,2001,population_total,33194
Liechtenstein,LI,LIE,Europe,2000,population_total,32645
Sri Lanka,LK,LKA,Asia,2024,gdp_current_usd,98963185510
Sri Lanka,LK,LKA,Asia,2023,gdp_current_usd,83716142582
Sri Lanka,LK,LKA,Asia,2022,gdp_current_usd,74143020263
Sri Lanka,LK,LKA,Asia,2021,gdp_current_usd,88556698938
Sri Lanka,LK,LKA,Asia,2020,gdp_current_usd,84335574582
Sri Lanka,LK,LKA,Asia,2019,gdp_current_usd,88998706297
Sri Lanka,LK,LKA,Asia,2018,gdp_current_usd,94450015983
Sri Lanka,LK,LKA,Asia,2017,gdp_current_usd,94369350286
Sri Lanka,LK,LKA,Asia,2016,gdp_current_usd,88000211172
Sri Lanka,LK,LKA,Asia,2015,gdp_current_usd,85090301052
Sri Lanka,LK,LKA,Asia,2014,gdp_current_usd,82528535714
Sri Lanka,LK,LKA,Asia,2013,gdp_current_usd,77000578167
Sri Lanka,LK,LKA,Asia,2012,gdp_current_usd,70447216891
Sri Lanka,LK,LKA,Asia,2011,gdp_current_usd,67753284044
Sri Lanka,LK,LKA,Asia,2010,gdp_current_usd,58636161082
Sri Lanka,LK,LKA,Asia,2009,gdp_current_usd,42066224093
Sri Lanka,LK,LKA,Asia,2008,gdp_current_usd,40713826215
Sri Lanka,LK,LKA,Asia,2007,gdp_current_usd,32350238760
Sri Lanka,LK,LKA,Asia,2006,gdp_current_usd,28279802406
Sri Lanka,LK,LKA,Asia,2005,gdp_current_usd,24405791045
Sri Lanka,LK,LKA,Asia,2004,gdp_current_usd,20662525941
Sri Lanka,LK,LKA,Asia,2003,gdp_current_usd,18881765437
Sri Lanka,LK,LKA,Asia,2002,gdp_current_usd,16536535647
Sri Lanka,LK,LKA,Asia,2001,gdp_current_usd,15749753805
Sri Lanka,LK,LKA,Asia,2000,gdp_current_usd,16330814180
Sri Lanka,LK,LKA,Asia,2024,gdp_per_capita_current_usd,4516
Sri Lanka,LK,LKA,Asia,2023,gdp_per_capita_current_usd,3799
Sri Lanka,LK,LKA,Asia,2022,gdp_per_capita_current_usd,3343
Sri Lanka,LK,LKA,Asia,2021,gdp_per_capita_current_usd,3997
Sri Lanka,LK,LKA,Asia,2020,gdp_per_capita_current_usd,3848
Sri Lanka,LK,LKA,Asia,2019,gdp_per_capita_current_usd,4082
Sri Lanka,LK,LKA,Asia,2018,gdp_per_capita_current_usd,4359
Sri Lanka,LK,LKA,Asia,2017,gdp_per_capita_current_usd,4399
Sri Lanka,LK,LKA,Asia,2016,gdp_per_capita_current_usd,4149
Sri Lanka,LK,LKA,Asia,2015,gdp_per_capita_current_usd,4058
Sri Lanka,LK,LKA,Asia,2014,gdp_per_capita_current_usd,3972
Sri Lanka,LK,LKA,Asia,2013,gdp_per_capita_current_usd,3741
Sri Lanka,LK,LKA,Asia,2012,gdp_per_capita_current_usd,3328
Sri Lanka,LK,LKA,Asia,2011,gdp_per_capita_current_usd,3225
Sri Lanka,LK,LKA,Asia,2010,gdp_per_capita_current_usd,2808
Sri Lanka,LK,LKA,Asia,2009,gdp_per_capita_current_usd,2027
Sri Lanka,LK,LKA,Asia,2008,gdp_per_capita_current_usd,1974
Sri Lanka,LK,LKA,Asia,2007,gdp_per_capita_current_usd,1579
Sri Lanka,LK,LKA,Asia,2006,gdp_per_capita_current_usd,1390
Sri Lanka,LK,LKA,Asia,2005,gdp_per_capita_current_usd,1207
Sri Lanka,LK,LKA,Asia,2004,gdp_per_capita_current_usd,1029
Sri Lanka,LK,LKA,Asia,2003,gdp_per_capita_current_usd,946
Sri Lanka,LK,LKA,Asia,2002,gdp_per_capita_current_usd,835
Sri Lanka,LK,LKA,Asia,2001,gdp_per_capita_current_usd,804
Sri Lanka,LK,LKA,Asia,2000,gdp_per_capita_current_usd,846
Sri Lanka,LK,LKA,Asia,2024,population_total,21916000
Sri Lanka,LK,LKA,Asia,2023,population_total,22037000
Sri Lanka,LK,LKA,Asia,2022,population_total,22181000
Sri Lanka,LK,LKA,Asia,2021,population_total,22156000
Sri Lanka,LK,LKA,Asia,2020,population_total,21919000
Sri Lanka,LK,LKA,Asia,2019,population_total,21803000
Sri Lanka,LK,LKA,Asia,2018,population_total,21670000
Sri Lanka,LK,LKA,Asia,2017,population_total,21453000
Sri Lanka,LK,LKA,Asia,2016,population_total,21209000
Sri Lanka,LK,LKA,Asia,2015,population_total,20970000
Sri Lanka,LK,LKA,Asia,2014,population_total,20778000
Sri Lanka,LK,LKA,Asia,2013,population_total,20585000
Sri Lanka,LK,LKA,Asia,2012,population_total,21169458
Sri Lanka,LK,LKA,Asia,2011,population_total,21009048
Sri Lanka,LK,LKA,Asia,2010,population_total,20879089
Sri Lanka,LK,LKA,Asia,2009,population_total,20756435
Sri Lanka,LK,LKA,Asia,2008,population_total,20629378
Sri Lanka,LK,LKA,Asia,2007,population_total,20492545
Sri Lanka,LK,LKA,Asia,2006,population_total,20352411
Sri Lanka,LK,LKA,Asia,2005,population_total,20216524
Sri Lanka,LK,LKA,Asia,2004,population_total,20087605
Sri Lanka,LK,LKA,Asia,2003,population_total,19951521
Sri Lanka,LK,LKA,Asia,2002,population_total,19805752
Sri Lanka,LK,LKA,Asia,2001,population_total,19600362
Sri Lanka,LK,LKA,Asia,2000,population_total,19293054
Lesotho,LS,LSO,Africa,2024,gdp_current_usd,2271541846
Lesotho,LS,LSO,Africa,2023,gdp_current_usd,2117962430
Lesotho,LS,LSO,Africa,2022,gdp_current_usd,2354980884
Lesotho,LS,LSO,Africa,2021,gdp_current_usd,2412130022
Lesotho,LS,LSO,Africa,2020,gdp_current_usd,2053699870
Lesotho,LS,LSO,Africa,2019,gdp_current_usd,2390702296
Lesotho,LS,LSO,Africa,2018,gdp_current_usd,2556247292
Lesotho,LS,LSO,Africa,2017,gdp_current_usd,2306741672
Lesotho,LS,LSO,Africa,2016,gdp_current_usd,2114426452
Lesotho,LS,LSO,Africa,2015,gdp_current_usd,2359686725
Lesotho,LS,LSO,Africa,2014,gdp_current_usd,2441063054
Lesotho,LS,LSO,Africa,2013,gdp_current_usd,2367112932
Lesotho,LS,LSO,Africa,2012,gdp_current_usd,2477702216
Lesotho,LS,LSO,Africa,2011,gdp_current_usd,2579409620
Lesotho,LS,LSO,Africa,2010,gdp_current_usd,2234754242
Lesotho,LS,LSO,Africa,2009,gdp_current_usd,1740894965
Lesotho,LS,LSO,Africa,2008,gdp_current_usd,1766902709
Lesotho,LS,LSO,Africa,2007,gdp_current_usd,1682131785
Lesotho,LS,LSO,Africa,2006,gdp_current_usd,1800092564
Lesotho,LS,LSO,Africa,2005,gdp_current_usd,1682343527
Lesotho,LS,LSO,Africa,2004,gdp_current_usd,1511236656
Lesotho,LS,LSO,Africa,2003,gdp_current_usd,1157825435
Lesotho,LS,LSO,Africa,2002,gdp_current_usd,775777239
Lesotho,LS,LSO,Africa,2001,gdp_current_usd,825706961
Lesotho,LS,LSO,Africa,2000,gdp_current_usd,887291688
Lesotho,LS,LSO,Africa,2024,gdp_per_capita_current_usd,972
Lesotho,LS,LSO,Africa,2023,gdp_per_capita_current_usd,916
Lesotho,LS,LSO,Africa,2022,gdp_per_capita_current_usd,1030
Lesotho,LS,LSO,Africa,2021,gdp_per_capita_current_usd,1067
Lesotho,LS,LSO,Africa,2020,gdp_per_capita_current_usd,919
Lesotho,LS,LSO,Africa,2019,gdp_per_capita_current_usd,1082
Lesotho,LS,LSO,Africa,2018,gdp_per_capita_current_usd,1171
Lesotho,LS,LSO,Africa,2017,gdp_per_capita_current_usd,1069
Lesotho,LS,LSO,Africa,2016,gdp_per_capita_current_usd,992
Lesotho,LS,LSO,Africa,2015,gdp_per_capita_current_usd,1121
Lesotho,LS,LSO,Africa,2014,gdp_per_capita_current_usd,1174
Lesotho,LS,LSO,Africa,2013,gdp_per_capita_current_usd,1151
Lesotho,LS,LSO,Africa,2012,gdp_per_capita_current_usd,1218
Lesotho,LS,LSO,Africa,2011,gdp_per_capita_current_usd,1281
Lesotho,LS,LSO,Africa,2010,gdp_per_capita_current_usd,1119
Lesotho,LS,LSO,Africa,2009,gdp_per_capita_current_usd,879
Lesotho,LS,LSO,Africa,2008,gdp_per_capita_current_usd,898
Lesotho,LS,LSO,Africa,2007,gdp_per_capita_current_usd,861
Lesotho,LS,LSO,Africa,2006,gdp_per_capita_current_usd,925
Lesotho,LS,LSO,Africa,2005,gdp_per_capita_current_usd,861
Lesotho,LS,LSO,Africa,2004,gdp_per_capita_current_usd,767
Lesotho,LS,LSO,Africa,2003,gdp_per_capita_current_usd,583
Lesotho,LS,LSO,Africa,2002,gdp_per_capita_current_usd,389
Lesotho,LS,LSO,Africa,2001,gdp_per_capita_current_usd,413
Lesotho,LS,LSO,Africa,2000,gdp_per_capita_current_usd,443
Lesotho,LS,LSO,Africa,2024,population_total,2337423
Lesotho,LS,LSO,Africa,2023,population_total,2311472
Lesotho,LS,LSO,Africa,2022,population_total,2286110
Lesotho,LS,LSO,Africa,2021,population_total,2261542
Lesotho,LS,LSO,Africa,2020,population_total,2235727
Lesotho,LS,LSO,Africa,2019,population_total,2209405
Lesotho,LS,LSO,Africa,2018,population_total,2183603
Lesotho,LS,LSO,Africa,2017,population_total,2157110
Lesotho,LS,LSO,Africa,2016,population_total,2130422
Lesotho,LS,LSO,Africa,2015,population_total,2104611
Lesotho,LS,LSO,Africa,2014,population_total,2080089
Lesotho,LS,LSO,Africa,2013,population_total,2056504
Lesotho,LS,LSO,Africa,2012,population_total,2034354
Lesotho,LS,LSO,Africa,2011,population_total,2014009
Lesotho,LS,LSO,Africa,2010,population_total,1996251
Lesotho,LS,LSO,Africa,2009,population_total,1980883
Lesotho,LS,LSO,Africa,2008,population_total,1966541
Lesotho,LS,LSO,Africa,2007,population_total,1953268
Lesotho,LS,LSO,Africa,2006,population_total,1945063
Lesotho,LS,LSO,Africa,2005,population_total,1953076
Lesotho,LS,LSO,Africa,2004,population_total,1971129
Lesotho,LS,LSO,Africa,2003,population_total,1985059
Lesotho,LS,LSO,Africa,2002,population_total,1994679
Lesotho,LS,LSO,Africa,2001,population_total,2000853
Lesotho,LS,LSO,Africa,2000,population_total,2003913
Lithuania,LT,LTU,Europe,2024,gdp_current_usd,84869215513
Lithuania,LT,LTU,Europe,2023,gdp_current_usd,79789877416
Lithuania,LT,LTU,Europe,2022,gdp_current_usd,71033884500
Lithuania,LT,LTU,Europe,2021,gdp_current_usd,67037321009
Lithuania,LT,LTU,Europe,2020,gdp_current_usd,57412038533
Lithuania,LT,LTU,Europe,2019,gdp_current_usd,55122066226
Lithuania,LT,LTU,Europe,2018,gdp_current_usd,54261795149
Lithuania,LT,LTU,Europe,2017,gdp_current_usd,47756764508
Lithuania,LT,LTU,Europe,2016,gdp_current_usd,42970749245
Lithuania,LT,LTU,Europe,2015,gdp_current_usd,41540954817
Lithuania,LT,LTU,Europe,2014,gdp_current_usd,48306546657
Lithuania,LT,LTU,Europe,2013,gdp_current_usd,46303660422
Lithuania,LT,LTU,Europe,2012,gdp_current_usd,42709372067
Lithuania,LT,LTU,Europe,2011,gdp_current_usd,43186501863
Lithuania,LT,LTU,Europe,2010,gdp_current_usd,36638128534
Lithuania,LT,LTU,Europe,2009,gdp_current_usd,37494380039
Lithuania,LT,LTU,Europe,2008,gdp_current_usd,47831254208
Lithuania,LT,LTU,Europe,2007,gdp_current_usd,39729151615
Lithuania,LT,LTU,Europe,2006,gdp_current_usd,30116192747
Lithuania,LT,LTU,Europe,2005,gdp_current_usd,26105207115
Lithuania,LT,LTU,Europe,2004,gdp_current_usd,22743164431
Lithuania,LT,LTU,Europe,2003,gdp_current_usd,18809197970
Lithuania,LT,LTU,Europe,2002,gdp_current_usd,14282292665
Lithuania,LT,LTU,Europe,2001,gdp_current_usd,12260761329
Lithuania,LT,LTU,Europe,2000,gdp_current_usd,11550695727
Lithuania,LT,LTU,Europe,2024,gdp_per_capita_current_usd,29386
Lithuania,LT,LTU,Europe,2023,gdp_per_capita_current_usd,27786
Lithuania,LT,LTU,Europe,2022,gdp_per_capita_current_usd,25086
Lithuania,LT,LTU,Europe,2021,gdp_per_capita_current_usd,23870
Lithuania,LT,LTU,Europe,2020,gdp_per_capita_current_usd,20429
Lithuania,LT,LTU,Europe,2019,gdp_per_capita_current_usd,19609
Lithuania,LT,LTU,Europe,2018,gdp_per_capita_current_usd,19247
Lithuania,LT,LTU,Europe,2017,gdp_per_capita_current_usd,16800
Lithuania,LT,LTU,Europe,2016,gdp_per_capita_current_usd,14934
Lithuania,LT,LTU,Europe,2015,gdp_per_capita_current_usd,14270
Lithuania,LT,LTU,Europe,2014,gdp_per_capita_current_usd,16446
Lithuania,LT,LTU,Europe,2013,gdp_per_capita_current_usd,15637
Lithuania,LT,LTU,Europe,2012,gdp_per_capita_current_usd,14288
Lithuania,LT,LTU,Europe,2011,gdp_per_capita_current_usd,14262
Lithuania,LT,LTU,Europe,2010,gdp_per_capita_current_usd,11829
Lithuania,LT,LTU,Europe,2009,gdp_per_capita_current_usd,11854
Lithuania,LT,LTU,Europe,2008,gdp_per_capita_current_usd,14956
Lithuania,LT,LTU,Europe,2007,gdp_per_capita_current_usd,12295
Lithuania,LT,LTU,Europe,2006,gdp_per_capita_current_usd,9210
Lithuania,LT,LTU,Europe,2005,gdp_per_capita_current_usd,7857
Lithuania,LT,LTU,Europe,2004,gdp_per_capita_current_usd,6735
Lithuania,LT,LTU,Europe,2003,gdp_per_capita_current_usd,5507
Lithuania,LT,LTU,Europe,2002,gdp_per_capita_current_usd,4148
Lithuania,LT,LTU,Europe,2001,gdp_per_capita_current_usd,3533
Lithuania,LT,LTU,Europe,2000,gdp_per_capita_current_usd,3301
Lithuania,LT,LTU,Europe,2024,population_total,2888055
Lithuania,LT,LTU,Europe,2023,population_total,2871585
Lithuania,LT,LTU,Europe,2022,population_total,2831639
Lithuania,LT,LTU,Europe,2021,population_total,2808380
Lithuania,LT,LTU,Europe,2020,population_total,2810369
Lithuania,LT,LTU,Europe,2019,population_total,2811089
Lithuania,LT,LTU,Europe,2018,population_total,2819200
Lithuania,LT,LTU,Europe,2017,population_total,2842639
Lithuania,LT,LTU,Europe,2016,population_total,2877325
Lithuania,LT,LTU,Europe,2015,population_total,2911109
Lithuania,LT,LTU,Europe,2014,population_total,2937253
Lithuania,LT,LTU,Europe,2013,population_total,2961250
Lithuania,LT,LTU,Europe,2012,population_total,2989139
Lithuania,LT,LTU,Europe,2011,population_total,3028115
Lithuania,LT,LTU,Europe,2010,population_total,3097282
Lithuania,LT,LTU,Europe,2009,population_total,3162916
Lithuania,LT,LTU,Europe,2008,population_total,3198231
Lithuania,LT,LTU,Europe,2007,population_total,3231294
Lithuania,LT,LTU,Europe,2006,population_total,3269909
Lithuania,LT,LTU,Europe,2005,population_total,3322528
Lithuania,LT,LTU,Europe,2004,population_total,3377075
Lithuania,LT,LTU,Europe,2003,population_total,3415213
Lithuania,LT,LTU,Europe,2002,population_total,3443067
Lithuania,LT,LTU,Europe,2001,population_total,3470818
Lithuania,LT,LTU,Europe,2000,population_total,3499536
Luxembourg,LU,LUX,Europe,2024,gdp_current_usd,93197329012
Luxembourg,LU,LUX,Europe,2023,gdp_current_usd,87574021092
Luxembourg,LU,LUX,Europe,2022,gdp_current_usd,80801680397
Luxembourg,LU,LUX,Europe,2021,gdp_current_usd,86386759695
Luxembourg,LU,LUX,Europe,2020,gdp_current_usd,73670782100
Luxembourg,LU,LUX,Europe,2019,gdp_current_usd,69872035114
Luxembourg,LU,LUX,Europe,2018,gdp_current_usd,71085623495
Luxembourg,LU,LUX,Europe,2017,gdp_current_usd,65712180343
Luxembourg,LU,LUX,Europe,2016,gdp_current_usd,62216885436
Luxembourg,LU,LUX,Europe,2015,gdp_current_usd,60071584216
Luxembourg,LU,LUX,Europe,2014,gdp_current_usd,68804811898
Luxembourg,LU,LUX,Europe,2013,gdp_current_usd,65203276467
Luxembourg,LU,LUX,Europe,2012,gdp_current_usd,59776383527
Luxembourg,LU,LUX,Europe,2011,gdp_current_usd,61696281326
Luxembourg,LU,LUX,Europe,2010,gdp_current_usd,56213985987
Luxembourg,LU,LUX,Europe,2009,gdp_current_usd,54467289898
Luxembourg,LU,LUX,Europe,2008,gdp_current_usd,58844277702
Luxembourg,LU,LUX,Europe,2007,gdp_current_usd,51587401416
Luxembourg,LU,LUX,Europe,2006,gdp_current_usd,42910146296
Luxembourg,LU,LUX,Europe,2005,gdp_current_usd,37672280120
Luxembourg,LU,LUX,Europe,2004,gdp_current_usd,35064843793
Luxembourg,LU,LUX,Europe,2003,gdp_current_usd,29667268248
Luxembourg,LU,LUX,Europe,2002,gdp_current_usd,23649833332
Luxembourg,LU,LUX,Europe,2001,gdp_current_usd,21387533703
Luxembourg,LU,LUX,Europe,2000,gdp_current_usd,21230182989
Luxembourg,LU,LUX,Europe,2024,gdp_per_capita_current_usd,137517
Luxembourg,LU,LUX,Europe,2023,gdp_per_capita_current_usd,131408
Luxembourg,LU,LUX,Europe,2022,gdp_per_capita_current_usd,123720
Luxembourg,LU,LUX,Europe,2021,gdp_per_capita_current_usd,134966
Luxembourg,LU,LUX,Europe,2020,gdp_per_capita_current_usd,116860
Luxembourg,LU,LUX,Europe,2019,gdp_per_capita_current_usd,112697
Luxembourg,LU,LUX,Europe,2018,gdp_per_capita_current_usd,116927
Luxembourg,LU,LUX,Europe,2017,gdp_per_capita_current_usd,110193
Luxembourg,LU,LUX,Europe,2016,gdp_per_capita_current_usd,106899
Luxembourg,LU,LUX,Europe,2015,gdp_per_capita_current_usd,105462
Luxembourg,LU,LUX,Europe,2014,gdp_per_capita_current_usd,123679
Luxembourg,LU,LUX,Europe,2013,gdp_per_capita_current_usd,120000
Luxembourg,LU,LUX,Europe,2012,gdp_per_capita_current_usd,112585
Luxembourg,LU,LUX,Europe,2011,gdp_per_capita_current_usd,119025
Luxembourg,LU,LUX,Europe,2010,gdp_per_capita_current_usd,110886
Luxembourg,LU,LUX,Europe,2009,gdp_per_capita_current_usd,109420
Luxembourg,LU,LUX,Europe,2008,gdp_per_capita_current_usd,120422
Luxembourg,LU,LUX,Europe,2007,gdp_per_capita_current_usd,107475
Luxembourg,LU,LUX,Europe,2006,gdp_per_capita_current_usd,90789
Luxembourg,LU,LUX,Europe,2005,gdp_per_capita_current_usd,80988
Luxembourg,LU,LUX,Europe,2004,gdp_per_capita_current_usd,76545
Luxembourg,LU,LUX,Europe,2003,gdp_per_capita_current_usd,65689
Luxembourg,LU,LUX,Europe,2002,gdp_per_capita_current_usd,53006
Luxembourg,LU,LUX,Europe,2001,gdp_per_capita_current_usd,48440
Luxembourg,LU,LUX,Europe,2000,gdp_per_capita_current_usd,48660
Luxembourg,LU,LUX,Europe,2024,population_total,677717
Luxembourg,LU,LUX,Europe,2023,population_total,666430
Luxembourg,LU,LUX,Europe,2022,population_total,653103
Luxembourg,LU,LUX,Europe,2021,population_total,640064
Luxembourg,LU,LUX,Europe,2020,population_total,630419
Luxembourg,LU,LUX,Europe,2019,population_total,620001
Luxembourg,LU,LUX,Europe,2018,population_total,607950
Luxembourg,LU,LUX,Europe,2017,population_total,596336
Luxembourg,LU,LUX,Europe,2016,population_total,582014
Luxembourg,LU,LUX,Europe,2015,population_total,569604
Luxembourg,LU,LUX,Europe,2014,population_total,556319
Luxembourg,LU,LUX,Europe,2013,population_total,543360
Luxembourg,LU,LUX,Europe,2012,population_total,530946
Luxembourg,LU,LUX,Europe,2011,population_total,518347
Luxembourg,LU,LUX,Europe,2010,population_total,506953
Luxembourg,LU,LUX,Europe,2009,population_total,497783
Luxembourg,LU,LUX,Europe,2008,population_total,488650
Luxembourg,LU,LUX,Europe,2007,population_total,479993
Luxembourg,LU,LUX,Europe,2006,population_total,472637
Luxembourg,LU,LUX,Europe,2005,population_total,465158
Luxembourg,LU,LUX,Europe,2004,population_total,458095
Luxembourg,LU,LUX,Europe,2003,population_total,451630
Luxembourg,LU,LUX,Europe,2002,population_total,446175
Luxembourg,LU,LUX,Europe,2001,population_total,441525
Luxembourg,LU,LUX,Europe,2000,population_total,436300
Latvia,LV,LVA,Europe,2024,gdp_current_usd,43520773851
Latvia,LV,LVA,Europe,2023,gdp_current_usd,42572151720
Latvia,LV,LVA,Europe,2022,gdp_current_usd,38014713596
Latvia,LV,LVA,Europe,2021,gdp_current_usd,38183326785
Latvia,LV,LVA,Europe,2020,gdp_current_usd,33379927435
Latvia,LV,LVA,Europe,2019,gdp_current_usd,33099503951
Latvia,LV,LVA,Europe,2018,gdp_current_usd,33247935477
Latvia,LV,LVA,Europe,2017,gdp_current_usd,29391059767
Latvia,LV,LVA,Europe,2016,gdp_current_usd,27117105060
Latvia,LV,LVA,Europe,2015,gdp_current_usd,26344565877
Latvia,LV,LVA,Europe,2014,gdp_current_usd,30277203767
Latvia,LV,LVA,Europe,2013,gdp_current_usd,29152128168
Latvia,LV,LVA,Europe,2012,gdp_current_usd,27116149949
Latvia,LV,LVA,Europe,2011,gdp_current_usd,26575547901
Latvia,LV,LVA,Europe,2010,gdp_current_usd,23468324572
Latvia,LV,LVA,Europe,2009,gdp_current_usd,25691530442
Latvia,LV,LVA,Europe,2008,gdp_current_usd,34135200994
Latvia,LV,LVA,Europe,2007,gdp_current_usd,29420499248
Latvia,LV,LVA,Europe,2006,gdp_current_usd,20434922247
Latvia,LV,LVA,Europe,2005,gdp_current_usd,16306935905
Latvia,LV,LVA,Europe,2004,gdp_current_usd,13827070379
Latvia,LV,LVA,Europe,2003,gdp_current_usd,11244337720
Latvia,LV,LVA,Europe,2002,gdp_current_usd,9249030241
Latvia,LV,LVA,Europe,2001,gdp_current_usd,8190888740
Latvia,LV,LVA,Europe,2000,gdp_current_usd,7761252607
Latvia,LV,LVA,Europe,2024,gdp_per_capita_current_usd,23368
Latvia,LV,LVA,Europe,2023,gdp_per_capita_current_usd,22676
Latvia,LV,LVA,Europe,2022,gdp_per_capita_current_usd,20227
Latvia,LV,LVA,Europe,2021,gdp_per_capita_current_usd,20262
Latvia,LV,LVA,Europe,2020,gdp_per_capita_current_usd,17564
Latvia,LV,LVA,Europe,2019,gdp_per_capita_current_usd,17295
Latvia,LV,LVA,Europe,2018,gdp_per_capita_current_usd,17252
Latvia,LV,LVA,Europe,2017,gdp_per_capita_current_usd,15132
Latvia,LV,LVA,Europe,2016,gdp_per_capita_current_usd,13839
Latvia,LV,LVA,Europe,2015,gdp_per_capita_current_usd,13322
Latvia,LV,LVA,Europe,2014,gdp_per_capita_current_usd,15186
Latvia,LV,LVA,Europe,2013,gdp_per_capita_current_usd,14484
Latvia,LV,LVA,Europe,2012,gdp_per_capita_current_usd,13329
Latvia,LV,LVA,Europe,2011,gdp_per_capita_current_usd,12903
Latvia,LV,LVA,Europe,2010,gdp_per_capita_current_usd,11188
Latvia,LV,LVA,Europe,2009,gdp_per_capita_current_usd,11996
Latvia,LV,LVA,Europe,2008,gdp_per_capita_current_usd,15678
Latvia,LV,LVA,Europe,2007,gdp_per_capita_current_usd,13371
Latvia,LV,LVA,Europe,2006,gdp_per_capita_current_usd,9212
Latvia,LV,LVA,Europe,2005,gdp_per_capita_current_usd,7284
Latvia,LV,LVA,Europe,2004,gdp_per_capita_current_usd,6110
Latvia,LV,LVA,Europe,2003,gdp_per_capita_current_usd,4915
Latvia,LV,LVA,Europe,2002,gdp_per_capita_current_usd,4004
Latvia,LV,LVA,Europe,2001,gdp_per_capita_current_usd,3505
Latvia,LV,LVA,Europe,2000,gdp_per_capita_current_usd,3278
Latvia,LV,LVA,Europe,2024,population_total,1862441
Latvia,LV,LVA,Europe,2023,population_total,1877445
Latvia,LV,LVA,Europe,2022,population_total,1879383
Latvia,LV,LVA,Europe,2021,population_total,1884490
Latvia,LV,LVA,Europe,2020,population_total,1900449
Latvia,LV,LVA,Europe,2019,population_total,1913822
Latvia,LV,LVA,Europe,2018,population_total,1927174
Latvia,LV,LVA,Europe,2017,population_total,1942248
Latvia,LV,LVA,Europe,2016,population_total,1959537
Latvia,LV,LVA,Europe,2015,population_total,1977527
Latvia,LV,LVA,Europe,2014,population_total,1993782
Latvia,LV,LVA,Europe,2013,population_total,2012647
Latvia,LV,LVA,Europe,2012,population_total,2034319
Latvia,LV,LVA,Europe,2011,population_total,2059709
Latvia,LV,LVA,Europe,2010,population_total,2097555
Latvia,LV,LVA,Europe,2009,population_total,2141669
Latvia,LV,LVA,Europe,2008,population_total,2177322
Latvia,LV,LVA,Europe,2007,population_total,2200325
Latvia,LV,LVA,Europe,2006,population_total,2218357
Latvia,LV,LVA,Europe,2005,population_total,2238799
Latvia,LV,LVA,Europe,2004,population_total,2263122
Latvia,LV,LVA,Europe,2003,population_total,2287955
Latvia,LV,LVA,Europe,2002,population_total,2310173
Latvia,LV,LVA,Europe,2001,population_total,2337170
Latvia,LV,LVA,Europe,2000,population_total,2367550
Macao,MO,MAC,Asia,2024,gdp_current_usd,50183212761
Macao,MO,MAC,Asia,2023,gdp_current_usd,45803067940
Macao,MO,MAC,Asia,2022,gdp_current_usd,24999113476
Macao,MO,MAC,Asia,2021,gdp_current_usd,30969334705
Macao,MO,MAC,Asia,2020,gdp_current_usd,25343525936
Macao,MO,MAC,Asia,2019,gdp_current_usd,55082293844
Macao,MO,MAC,Asia,2018,gdp_current_usd,55190661340
Macao,MO,MAC,Asia,2017,gdp_current_usd,50383871121
Macao,MO,MAC,Asia,2016,gdp_current_usd,45070808689
Macao,MO,MAC,Asia,2015,gdp_current_usd,45048190598
Macao,MO,MAC,Asia,2014,gdp_current_usd,54902831794
Macao,MO,MAC,Asia,2013,gdp_current_usd,51536595089
Macao,MO,MAC,Asia,2012,gdp_current_usd,43189721377
Macao,MO,MAC,Asia,2011,gdp_current_usd,36845888757
Macao,MO,MAC,Asia,2010,gdp_current_usd,28241798492
Macao,MO,MAC,Asia,2009,gdp_current_usd,21587786906
Macao,MO,MAC,Asia,2008,gdp_current_usd,21027018333
Macao,MO,MAC,Asia,2007,gdp_current_usd,18439981612
Macao,MO,MAC,Asia,2006,gdp_current_usd,14874098692
Macao,MO,MAC,Asia,2005,gdp_current_usd,12160056122
Macao,MO,MAC,Asia,2004,gdp_current_usd,10643253553
Macao,MO,MAC,Asia,2003,gdp_current_usd,8246479566
Macao,MO,MAC,Asia,2002,gdp_current_usd,7371692774
Macao,MO,MAC,Asia,2001,gdp_current_usd,6860272608
Macao,MO,MAC,Asia,2000,gdp_current_usd,6774193548
Macao,MO,MAC,Asia,2024,gdp_per_capita_current_usd,73047
Macao,MO,MAC,Asia,2023,gdp_per_capita_current_usd,67477
Macao,MO,MAC,Asia,2022,gdp_per_capita_current_usd,36910
Macao,MO,MAC,Asia,2021,gdp_per_capita_current_usd,45376
Macao,MO,MAC,Asia,2020,gdp_per_capita_current_usd,36976
Macao,MO,MAC,Asia,2019,gdp_per_capita_current_usd,81968
Macao,MO,MAC,Asia,2018,gdp_per_capita_current_usd,83762
Macao,MO,MAC,Asia,2017,gdp_per_capita_current_usd,77705
Macao,MO,MAC,Asia,2016,gdp_per_capita_current_usd,69074
Macao,MO,MAC,Asia,2015,gdp_per_capita_current_usd,70070
Macao,MO,MAC,Asia,2014,gdp_per_capita_current_usd,88311
Macao,MO,MAC,Asia,2013,gdp_per_capita_current_usd,87070
Macao,MO,MAC,Asia,2012,gdp_per_capita_current_usd,76052
Macao,MO,MAC,Asia,2011,gdp_per_capita_current_usd,67041
Macao,MO,MAC,Asia,2010,gdp_per_capita_current_usd,52592
Macao,MO,MAC,Asia,2009,gdp_per_capita_current_usd,40351
Macao,MO,MAC,Asia,2008,gdp_per_capita_current_usd,38889
Macao,MO,MAC,Asia,2007,gdp_per_capita_current_usd,35400
Macao,MO,MAC,Asia,2006,gdp_per_capita_current_usd,29814
Macao,MO,MAC,Asia,2005,gdp_per_capita_current_usd,25681
Macao,MO,MAC,Asia,2004,gdp_per_capita_current_usd,23407
Macao,MO,MAC,Asia,2003,gdp_per_capita_current_usd,18590
Macao,MO,MAC,Asia,2002,gdp_per_capita_current_usd,16815
Macao,MO,MAC,Asia,2001,gdp_per_capita_current_usd,15811
Macao,MO,MAC,Asia,2000,gdp_per_capita_current_usd,15732
Macao,MO,MAC,Asia,2024,population_total,687000
Macao,MO,MAC,Asia,2023,population_total,678800
Macao,MO,MAC,Asia,2022,population_total,677300
Macao,MO,MAC,Asia,2021,population_total,682500
Macao,MO,MAC,Asia,2020,population_total,685400
Macao,MO,MAC,Asia,2019,population_total,672000
Macao,MO,MAC,Asia,2018,population_total,658900
Macao,MO,MAC,Asia,2017,population_total,648400
Macao,MO,MAC,Asia,2016,population_total,652500
Macao,MO,MAC,Asia,2015,population_total,642900
Macao,MO,MAC,Asia,2014,population_total,621700
Macao,MO,MAC,Asia,2013,population_total,591900
Macao,MO,MAC,Asia,2012,population_total,567900
Macao,MO,MAC,Asia,2011,population_total,549600
Macao,MO,MAC,Asia,2010,population_total,537000
Macao,MO,MAC,Asia,2009,population_total,535000
Macao,MO,MAC,Asia,2008,population_total,540700
Macao,MO,MAC,Asia,2007,population_total,520900
Macao,MO,MAC,Asia,2006,population_total,498900
Macao,MO,MAC,Asia,2005,population_total,473500
Macao,MO,MAC,Asia,2004,population_total,454700
Macao,MO,MAC,Asia,2003,population_total,443600
Macao,MO,MAC,Asia,2002,population_total,438400
Macao,MO,MAC,Asia,2001,population_total,433900
Macao,MO,MAC,Asia,2000,population_total,430600
Saint Martin (French part),MF,MAF,North America,2021,gdp_current_usd,649206156
Saint Martin (French part),MF,MAF,North America,2019,gdp_current_usd,652205849
Saint Martin (French part),MF,MAF,North America,2014,gdp_current_usd,772921756
Saint Martin (French part),MF,MAF,North America,2011,gdp_current_usd,775875858
Saint Martin (French part),MF,MAF,North America,2021,gdp_per_capita_current_usd,21668
Saint Martin (French part),MF,MAF,North America,2019,gdp_per_capita_current_usd,19033
Saint Martin (French part),MF,MAF,North America,2014,gdp_per_capita_current_usd,20639
Saint Martin (French part),MF,MAF,North America,2011,gdp_per_capita_current_usd,20931
Saint Martin (French part),MF,MAF,North America,2024,population_total,26129
Saint Martin (French part),MF,MAF,North America,2023,population_total,27515
Saint Martin (French part),MF,MAF,North America,2022,population_total,28870
Saint Martin (French part),MF,MAF,North America,2021,population_total,29961
Saint Martin (French part),MF,MAF,North America,2020,population_total,31786
Saint Martin (French part),MF,MAF,North America,2019,population_total,34267
Saint Martin (French part),MF,MAF,North America,2018,population_total,36012
Saint Martin (French part),MF,MAF,North America,2017,population_total,36837
Saint Martin (French part),MF,MAF,North America,2016,population_total,37175
Saint Martin (French part),MF,MAF,North America,2015,population_total,37369
Saint Martin (French part),MF,MAF,North America,2014,population_total,37450
Saint Martin (French part),MF,MAF,North America,2013,population_total,37419
Saint Martin (French part),MF,MAF,North America,2012,population_total,37276
Saint Martin (French part),MF,MAF,North America,2011,population_total,37069
Saint Martin (French part),MF,MAF,North America,2010,population_total,36856
Saint Martin (French part),MF,MAF,North America,2009,population_total,36502
Saint Martin (French part),MF,MAF,North America,2008,population_total,35958
Saint Martin (French part),MF,MAF,North America,2007,population_total,35337
Saint Martin (French part),MF,MAF,North America,2006,population_total,34658
Saint Martin (French part),MF,MAF,North America,2005,population_total,33928
Saint Martin (French part),MF,MAF,North America,2004,population_total,33171
Saint Martin (French part),MF,MAF,North America,2003,population_total,32395
Saint Martin (French part),MF,MAF,North America,2002,population_total,31604
Saint Martin (French part),MF,MAF,North America,2001,population_total,30803
Saint Martin (French part),MF,MAF,North America,2000,population_total,29996
Morocco,MA,MAR,Africa,2024,gdp_current_usd,154430996473
Morocco,MA,MAR,Africa,2023,gdp_current_usd,144417103250
Morocco,MA,MAR,Africa,2022,gdp_current_usd,130951926351
Morocco,MA,MAR,Africa,2021,gdp_current_usd,142022058447
Morocco,MA,MAR,Africa,2020,gdp_current_usd,121353645057
Morocco,MA,MAR,Africa,2019,gdp_current_usd,128920266409
Morocco,MA,MAR,Africa,2018,gdp_current_usd,127341147582
Morocco,MA,MAR,Africa,2017,gdp_current_usd,118540573368
Morocco,MA,MAR,Africa,2016,gdp_current_usd,111572947005
Morocco,MA,MAR,Africa,2015,gdp_current_usd,110413823842
Morocco,MA,MAR,Africa,2014,gdp_current_usd,119130841412
Morocco,MA,MAR,Africa,2013,gdp_current_usd,115739287305
Morocco,MA,MAR,Africa,2012,gdp_current_usd,106937392311
Morocco,MA,MAR,Africa,2011,gdp_current_usd,110080631332
Morocco,MA,MAR,Africa,2010,gdp_current_usd,100865329473
Morocco,MA,MAR,Africa,2009,gdp_current_usd,101154952241
Morocco,MA,MAR,Africa,2008,gdp_current_usd,101822906949
Morocco,MA,MAR,Africa,2007,gdp_current_usd,86947913287
Morocco,MA,MAR,Africa,2006,gdp_current_usd,75883823301
Morocco,MA,MAR,Africa,2005,gdp_current_usd,68852658069
Morocco,MA,MAR,Africa,2004,gdp_current_usd,66114145451
Morocco,MA,MAR,Africa,2003,gdp_current_usd,58029363354
Morocco,MA,MAR,Africa,2002,gdp_current_usd,47077192188
Morocco,MA,MAR,Africa,2001,gdp_current_usd,43831480208
Morocco,MA,MAR,Africa,2000,gdp_current_usd,43017455402
Morocco,MA,MAR,Africa,2024,gdp_per_capita_current_usd,3993
Morocco,MA,MAR,Africa,2023,gdp_per_capita_current_usd,3771
Morocco,MA,MAR,Africa,2022,gdp_per_capita_current_usd,3455
Morocco,MA,MAR,Africa,2021,gdp_per_capita_current_usd,3786
Morocco,MA,MAR,Africa,2020,gdp_per_capita_current_usd,3268
Morocco,MA,MAR,Africa,2019,gdp_per_capita_current_usd,3508
Morocco,MA,MAR,Africa,2018,gdp_per_capita_current_usd,3502
Morocco,MA,MAR,Africa,2017,gdp_per_capita_current_usd,3297
Morocco,MA,MAR,Africa,2016,gdp_per_capita_current_usd,3141
Morocco,MA,MAR,Africa,2015,gdp_per_capita_current_usd,3146
Morocco,MA,MAR,Africa,2014,gdp_per_capita_current_usd,3435
Morocco,MA,MAR,Africa,2013,gdp_per_capita_current_usd,3380
Morocco,MA,MAR,Africa,2012,gdp_per_capita_current_usd,3164
Morocco,MA,MAR,Africa,2011,gdp_per_capita_current_usd,3302
Morocco,MA,MAR,Africa,2010,gdp_per_capita_current_usd,3068
Morocco,MA,MAR,Africa,2009,gdp_per_capita_current_usd,3120
Morocco,MA,MAR,Africa,2008,gdp_per_capita_current_usd,3183
Morocco,MA,MAR,Africa,2007,gdp_per_capita_current_usd,2756
Morocco,MA,MAR,Africa,2006,gdp_per_capita_current_usd,2438
Morocco,MA,MAR,Africa,2005,gdp_per_capita_current_usd,2243
Morocco,MA,MAR,Africa,2004,gdp_per_capita_current_usd,2184
Morocco,MA,MAR,Africa,2003,gdp_per_capita_current_usd,1942
Morocco,MA,MAR,Africa,2002,gdp_per_capita_current_usd,1596
Morocco,MA,MAR,Africa,2001,gdp_per_capita_current_usd,1506
Morocco,MA,MAR,Africa,2000,gdp_per_capita_current_usd,1499
Morocco,MA,MAR,Africa,2024,population_total,38081173
Morocco,MA,MAR,Africa,2023,population_total,37712505
Morocco,MA,MAR,Africa,2022,population_total,37329064
Morocco,MA,MAR,Africa,2021,population_total,36954442
Morocco,MA,MAR,Africa,2020,population_total,36584208
Morocco,MA,MAR,Africa,2019,population_total,36210898
Morocco,MA,MAR,Africa,2018,population_total,35839760
Morocco,MA,MAR,Africa,2017,population_total,35446392
Morocco,MA,MAR,Africa,2016,population_total,35023457
Morocco,MA,MAR,Africa,2015,population_total,34607588
Morocco,MA,MAR,Africa,2014,population_total,34204780
Morocco,MA,MAR,Africa,2013,population_total,33787571
Morocco,MA,MAR,Africa,2012,population_total,33355241
Morocco,MA,MAR,Africa,2011,population_total,32912588
Morocco,MA,MAR,Africa,2010,population_total,32467016
Morocco,MA,MAR,Africa,2009,population_total,32030778
Morocco,MA,MAR,Africa,2008,population_total,31606767
Morocco,MA,MAR,Africa,2007,population_total,31186468
Morocco,MA,MAR,Africa,2006,population_total,30771178
Morocco,MA,MAR,Africa,2005,population_total,30358144
Morocco,MA,MAR,Africa,2004,population_total,29953018
Morocco,MA,MAR,Africa,2003,population_total,29571415
Morocco,MA,MAR,Africa,2002,population_total,29198142
Morocco,MA,MAR,Africa,2001,population_total,28814643
Morocco,MA,MAR,Africa,2000,population_total,28423435
Monaco,MC,MCO,Europe,2023,gdp_current_usd,9995350547
Monaco,MC,MCO,Europe,2022,gdp_current_usd,8800430486
Monaco,MC,MCO,Europe,2021,gdp_current_usd,8623242743
Monaco,MC,MCO,Europe,2020,gdp_current_usd,6730736283
Monaco,MC,MCO,Europe,2019,gdp_current_usd,7383496254
Monaco,MC,MCO,Europe,2018,gdp_current_usd,7184333936
Monaco,MC,MCO,Europe,2017,gdp_current_usd,6430254653
Monaco,MC,MCO,Europe,2016,gdp_current_usd,6471290794
Monaco,MC,MCO,Europe,2015,gdp_current_usd,6264756528
Monaco,MC,MCO,Europe,2014,gdp_current_usd,7070017324
Monaco,MC,MCO,Europe,2013,gdp_current_usd,6555591710
Monaco,MC,MCO,Europe,2012,gdp_current_usd,5742749294
Monaco,MC,MCO,Europe,2011,gdp_current_usd,6088689808
Monaco,MC,MCO,Europe,2010,gdp_current_usd,5367561570
Monaco,MC,MCO,Europe,2009,gdp_current_usd,5474379252
Monaco,MC,MCO,Europe,2008,gdp_current_usd,6502942245
Monaco,MC,MCO,Europe,2007,gdp_current_usd,5875790766
Monaco,MC,MCO,Europe,2006,gdp_current_usd,4586826513
Monaco,MC,MCO,Europe,2005,gdp_current_usd,4204652899
Monaco,MC,MCO,Europe,2004,gdp_current_usd,4043551489
Monaco,MC,MCO,Europe,2003,gdp_current_usd,3597089751
Monaco,MC,MCO,Europe,2002,gdp_current_usd,2919647982
Monaco,MC,MCO,Europe,2001,gdp_current_usd,2673723034
Monaco,MC,MCO,Europe,2000,gdp_current_usd,2654462665
Monaco,MC,MCO,Europe,2023,gdp_per_capita_current_usd,256581
Monaco,MC,MCO,Europe,2022,gdp_per_capita_current_usd,226052
Monaco,MC,MCO,Europe,2021,gdp_per_capita_current_usd,223823
Monaco,MC,MCO,Europe,2020,gdp_per_capita_current_usd,176892
Monaco,MC,MCO,Europe,2019,gdp_per_capita_current_usd,193747
Monaco,MC,MCO,Europe,2018,gdp_per_capita_current_usd,188298
Monaco,MC,MCO,Europe,2017,gdp_per_capita_current_usd,170663
Monaco,MC,MCO,Europe,2016,gdp_per_capita_current_usd,173605
Monaco,MC,MCO,Europe,2015,gdp_per_capita_current_usd,170437
Monaco,MC,MCO,Europe,2014,gdp_per_capita_current_usd,195694
Monaco,MC,MCO,Europe,2013,gdp_per_capita_current_usd,184941
Monaco,MC,MCO,Europe,2012,gdp_per_capita_current_usd,165445
Monaco,MC,MCO,Europe,2011,gdp_per_capita_current_usd,179364
Monaco,MC,MCO,Europe,2010,gdp_per_capita_current_usd,161854
Monaco,MC,MCO,Europe,2009,gdp_per_capita_current_usd,169150
Monaco,MC,MCO,Europe,2008,gdp_per_capita_current_usd,204264
Monaco,MC,MCO,Europe,2007,gdp_per_capita_current_usd,184559
Monaco,MC,MCO,Europe,2006,gdp_per_capita_current_usd,143083
Monaco,MC,MCO,Europe,2005,gdp_per_capita_current_usd,130539
Monaco,MC,MCO,Europe,2004,gdp_per_capita_current_usd,125160
Monaco,MC,MCO,Europe,2003,gdp_per_capita_current_usd,111110
Monaco,MC,MCO,Europe,2002,gdp_per_capita_current_usd,90051
Monaco,MC,MCO,Europe,2001,gdp_per_capita_current_usd,82403
Monaco,MC,MCO,Europe,2000,gdp_per_capita_current_usd,81789
Monaco,MC,MCO,Europe,2024,population_total,38631
Monaco,MC,MCO,Europe,2023,population_total,38956
Monaco,MC,MCO,Europe,2022,population_total,38931
Monaco,MC,MCO,Europe,2021,population_total,38527
Monaco,MC,MCO,Europe,2020,population_total,38050
Monaco,MC,MCO,Europe,2019,population_total,38109
Monaco,MC,MCO,Europe,2018,population_total,38154
Monaco,MC,MCO,Europe,2017,population_total,37678
Monaco,MC,MCO,Europe,2016,population_total,37276
Monaco,MC,MCO,Europe,2015,population_total,36757
Monaco,MC,MCO,Europe,2014,population_total,36128
Monaco,MC,MCO,Europe,2013,population_total,35447
Monaco,MC,MCO,Europe,2012,population_total,34711
Monaco,MC,MCO,Europe,2011,population_total,33946
Monaco,MC,MCO,Europe,2010,population_total,33163
Monaco,MC,MCO,Europe,2009,population_total,32364
Monaco,MC,MCO,Europe,2008,population_total,31836
Monaco,MC,MCO,Europe,2007,population_total,31837
Monaco,MC,MCO,Europe,2006,population_total,32057
Monaco,MC,MCO,Europe,2005,population_total,32210
Monaco,MC,MCO,Europe,2004,population_total,32307
Monaco,MC,MCO,Europe,2003,population_total,32374
Monaco,MC,MCO,Europe,2002,population_total,32422
Monaco,MC,MCO,Europe,2001,population_total,32447
Monaco,MC,MCO,Europe,2000,population_total,32455
"Moldova, Republic of",MD,MDA,Europe,2024,gdp_current_usd,18200340854
"Moldova, Republic of",MD,MDA,Europe,2023,gdp_current_usd,16711906746
"Moldova, Republic of",MD,MDA,Europe,2022,gdp_current_usd,14525337524
"Moldova, Republic of",MD,MDA,Europe,2021,gdp_current_usd,13691869264
"Moldova, Republic of",MD,MDA,Europe,2020,gdp_current_usd,11530746234
"Moldova, Republic of",MD,MDA,Europe,2019,gdp_current_usd,11736797055
"Moldova, Republic of",MD,MDA,Europe,2018,gdp_current_usd,11252353421
"Moldova, Republic of",MD,MDA,Europe,2017,gdp_current_usd,9514404016
"Moldova, Republic of",MD,MDA,Europe,2016,gdp_current_usd,7980917076
"Moldova, Republic of",MD,MDA,Europe,2015,gdp_current_usd,7797667197
"Moldova, Republic of",MD,MDA,Europe,2014,gdp_current_usd,9402090138
"Moldova, Republic of",MD,MDA,Europe,2013,gdp_current_usd,9496717876
"Moldova, Republic of",MD,MDA,Europe,2012,gdp_current_usd,8709138635
"Moldova, Republic of",MD,MDA,Europe,2011,gdp_current_usd,8414352020
"Moldova, Republic of",MD,MDA,Europe,2010,gdp_current_usd,6974982370
"Moldova, Republic of",MD,MDA,Europe,2009,gdp_current_usd,5439434272
"Moldova, Republic of",MD,MDA,Europe,2008,gdp_current_usd,6054824248
"Moldova, Republic of",MD,MDA,Europe,2007,gdp_current_usd,4401173152
"Moldova, Republic of",MD,MDA,Europe,2006,gdp_current_usd,3408255451
"Moldova, Republic of",MD,MDA,Europe,2005,gdp_current_usd,2988342907
"Moldova, Republic of",MD,MDA,Europe,2004,gdp_current_usd,2598249556
"Moldova, Republic of",MD,MDA,Europe,2003,gdp_current_usd,1980907435
"Moldova, Republic of",MD,MDA,Europe,2002,gdp_current_usd,1661818168
"Moldova, Republic of",MD,MDA,Europe,2001,gdp_current_usd,1480673594
"Moldova, Republic of",MD,MDA,Europe,2000,gdp_current_usd,1288429392
"Moldova, Republic of",MD,MDA,Europe,2024,gdp_per_capita_current_usd,7618
"Moldova, Republic of",MD,MDA,Europe,2023,gdp_per_capita_current_usd,6800
"Moldova, Republic of",MD,MDA,Europe,2022,gdp_per_capita_current_usd,5744
"Moldova, Republic of",MD,MDA,Europe,2021,gdp_per_capita_current_usd,5275
"Moldova, Republic of",MD,MDA,Europe,2020,gdp_per_capita_current_usd,4376
"Moldova, Republic of",MD,MDA,Europe,2019,gdp_per_capita_current_usd,4405
"Moldova, Republic of",MD,MDA,Europe,2018,gdp_per_capita_current_usd,4156
"Moldova, Republic of",MD,MDA,Europe,2017,gdp_per_capita_current_usd,3453
"Moldova, Republic of",MD,MDA,Europe,2016,gdp_per_capita_current_usd,2847
"Moldova, Republic of",MD,MDA,Europe,2015,gdp_per_capita_current_usd,2750
"Moldova, Republic of",MD,MDA,Europe,2014,gdp_per_capita_current_usd,3290
"Moldova, Republic of",MD,MDA,Europe,2013,gdp_per_capita_current_usd,3321
"Moldova, Republic of",MD,MDA,Europe,2012,gdp_per_capita_current_usd,3045
"Moldova, Republic of",MD,MDA,Europe,2011,gdp_per_capita_current_usd,2941
"Moldova, Republic of",MD,MDA,Europe,2010,gdp_per_capita_current_usd,2437
"Moldova, Republic of",MD,MDA,Europe,2009,gdp_per_capita_current_usd,1898
"Moldova, Republic of",MD,MDA,Europe,2008,gdp_per_capita_current_usd,2111
"Moldova, Republic of",MD,MDA,Europe,2007,gdp_per_capita_current_usd,1531
"Moldova, Republic of",MD,MDA,Europe,2006,gdp_per_capita_current_usd,1183
"Moldova, Republic of",MD,MDA,Europe,2005,gdp_per_capita_current_usd,1034
"Moldova, Republic of",MD,MDA,Europe,2004,gdp_per_capita_current_usd,897
"Moldova, Republic of",MD,MDA,Europe,2003,gdp_per_capita_current_usd,682
"Moldova, Republic of",MD,MDA,Europe,2002,gdp_per_capita_current_usd,571
"Moldova, Republic of",MD,MDA,Europe,2001,gdp_per_capita_current_usd,507
"Moldova, Republic of",MD,MDA,Europe,2000,gdp_per_capita_current_usd,441
"Moldova, Republic of",MD,MDA,Europe,2024,population_total,2389275
"Moldova, Republic of",MD,MDA,Europe,2023,population_total,2457783
"Moldova, Republic of",MD,MDA,Europe,2022,population_total,2528654
"Moldova, Republic of",MD,MDA,Europe,2021,population_total,2595809
"Moldova, Republic of",MD,MDA,Europe,2020,population_total,2635130
"Moldova, Republic of",MD,MDA,Europe,2019,population_total,2664224
"Moldova, Republic of",MD,MDA,Europe,2018,population_total,2707203
"Moldova, Republic of",MD,MDA,Europe,2017,population_total,2755189
"Moldova, Republic of",MD,MDA,Europe,2016,population_total,2803186
"Moldova, Republic of",MD,MDA,Europe,2015,population_total,2835978
"Moldova, Republic of",MD,MDA,Europe,2014,population_total,2857815
"Moldova, Republic of",MD,MDA,Europe,2013,population_total,2859558
"Moldova, Republic of",MD,MDA,Europe,2012,population_total,2860324
"Moldova, Republic of",MD,MDA,Europe,2011,population_total,2860699
"Moldova, Republic of",MD,MDA,Europe,2010,population_total,2862354
"Moldova, Republic of",MD,MDA,Europe,2009,population_total,2865213
"Moldova, Republic of",MD,MDA,Europe,2008,population_total,2868833
"Moldova, Republic of",MD,MDA,Europe,2007,population_total,2874299
"Moldova, Republic of",MD,MDA,Europe,2006,population_total,2880967
"Moldova, Republic of",MD,MDA,Europe,2005,population_total,2888985
"Moldova, Republic of",MD,MDA,Europe,2004,population_total,2896023
"Moldova, Republic of",MD,MDA,Europe,2003,population_total,2903198
"Moldova, Republic of",MD,MDA,Europe,2002,population_total,2911385
"Moldova, Republic of",MD,MDA,Europe,2001,population_total,2918135
"Moldova, Republic of",MD,MDA,Europe,2000,population_total,2924668
Madagascar,MG,MDG,Africa,2024,gdp_current_usd,17420814801
Madagascar,MG,MDG,Africa,2023,gdp_current_usd,15869945478
Madagascar,MG,MDG,Africa,2022,gdp_current_usd,15325603273
Madagascar,MG,MDG,Africa,2021,gdp_current_usd,14354731964
Madagascar,MG,MDG,Africa,2020,gdp_current_usd,13051441204
Madagascar,MG,MDG,Africa,2019,gdp_current_usd,14104664679
Madagascar,MG,MDG,Africa,2018,gdp_current_usd,13760033282
Madagascar,MG,MDG,Africa,2017,gdp_current_usd,13176313594
Madagascar,MG,MDG,Africa,2016,gdp_current_usd,11848613858
Madagascar,MG,MDG,Africa,2015,gdp_current_usd,11323020701
Madagascar,MG,MDG,Africa,2014,gdp_current_usd,12522957399
Madagascar,MG,MDG,Africa,2013,gdp_current_usd,12423555455
Madagascar,MG,MDG,Africa,2012,gdp_current_usd,11578975062
Madagascar,MG,MDG,Africa,2011,gdp_current_usd,11551819618
Madagascar,MG,MDG,Africa,2010,gdp_current_usd,9982711338
Madagascar,MG,MDG,Africa,2009,gdp_current_usd,9616879409
Madagascar,MG,MDG,Africa,2008,gdp_current_usd,10725137724
Madagascar,MG,MDG,Africa,2007,gdp_current_usd,8524620890
Madagascar,MG,MDG,Africa,2006,gdp_current_usd,6395712491
Madagascar,MG,MDG,Africa,2005,gdp_current_usd,5859269753
Madagascar,MG,MDG,Africa,2004,gdp_current_usd,5064732626
Madagascar,MG,MDG,Africa,2003,gdp_current_usd,6372498890
Madagascar,MG,MDG,Africa,2002,gdp_current_usd,5351701663
Madagascar,MG,MDG,Africa,2001,gdp_current_usd,5438332602
Madagascar,MG,MDG,Africa,2000,gdp_current_usd,4629247204
Madagascar,MG,MDG,Africa,2024,gdp_per_capita_current_usd,545
Madagascar,MG,MDG,Africa,2023,gdp_per_capita_current_usd,509
Madagascar,MG,MDG,Africa,2022,gdp_per_capita_current_usd,504
Madagascar,MG,MDG,Africa,2021,gdp_per_capita_current_usd,483
Madagascar,MG,MDG,Africa,2020,gdp_per_capita_current_usd,451
Madagascar,MG,MDG,Africa,2019,gdp_per_capita_current_usd,500
Madagascar,MG,MDG,Africa,2018,gdp_per_capita_current_usd,500
Madagascar,MG,MDG,Africa,2017,gdp_per_capita_current_usd,492
Madagascar,MG,MDG,Africa,2016,gdp_per_capita_current_usd,454
Madagascar,MG,MDG,Africa,2015,gdp_per_capita_current_usd,445
Madagascar,MG,MDG,Africa,2014,gdp_per_capita_current_usd,506
Madagascar,MG,MDG,Africa,2013,gdp_per_capita_current_usd,515
Madagascar,MG,MDG,Africa,2012,gdp_per_capita_current_usd,494
Madagascar,MG,MDG,Africa,2011,gdp_per_capita_current_usd,506
Madagascar,MG,MDG,Africa,2010,gdp_per_capita_current_usd,450
Madagascar,MG,MDG,Africa,2009,gdp_per_capita_current_usd,446
Madagascar,MG,MDG,Africa,2008,gdp_per_capita_current_usd,513
Madagascar,MG,MDG,Africa,2007,gdp_per_capita_current_usd,420
Madagascar,MG,MDG,Africa,2006,gdp_per_capita_current_usd,324
Madagascar,MG,MDG,Africa,2005,gdp_per_capita_current_usd,306
Madagascar,MG,MDG,Africa,2004,gdp_per_capita_current_usd,272
Madagascar,MG,MDG,Africa,2003,gdp_per_capita_current_usd,353
Madagascar,MG,MDG,Africa,2002,gdp_per_capita_current_usd,305
Madagascar,MG,MDG,Africa,2001,gdp_per_capita_current_usd,319
Madagascar,MG,MDG,Africa,2000,gdp_per_capita_current_usd,280
Madagascar,MG,MDG,Africa,2024,population_total,31964956
Madagascar,MG,MDG,Africa,2023,population_total,31195932
Madagascar,MG,MDG,Africa,2022,population_total,30437261
Madagascar,MG,MDG,Africa,2021,population_total,29691083
Madagascar,MG,MDG,Africa,2020,population_total,28953556
Madagascar,MG,MDG,Africa,2019,population_total,28219554
Madagascar,MG,MDG,Africa,2018,population_total,27494926
Madagascar,MG,MDG,Africa,2017,population_total,26788375
Madagascar,MG,MDG,Africa,2016,population_total,26099952
Madagascar,MG,MDG,Africa,2015,population_total,25426702
Madagascar,MG,MDG,Africa,2014,population_total,24764348
Madagascar,MG,MDG,Africa,2013,population_total,24109290
Madagascar,MG,MDG,Africa,2012,population_total,23462438
Madagascar,MG,MDG,Africa,2011,population_total,22822300
Madagascar,MG,MDG,Africa,2010,population_total,22183340
Madagascar,MG,MDG,Africa,2009,population_total,21547280
Madagascar,MG,MDG,Africa,2008,population_total,20923840
Madagascar,MG,MDG,Africa,2007,population_total,20318583
Madagascar,MG,MDG,Africa,2006,population_total,19730909
Madagascar,MG,MDG,Africa,2005,population_total,19159707
Madagascar,MG,MDG,Africa,2004,population_total,18606608
Madagascar,MG,MDG,Africa,2003,population_total,18071854
Madagascar,MG,MDG,Africa,2002,population_total,17549913
Madagascar,MG,MDG,Africa,2001,population_total,17032939
Madagascar,MG,MDG,Africa,2000,population_total,16516338
Maldives,MV,MDV,Asia,2024,gdp_current_usd,6975146349
Maldives,MV,MDV,Asia,2023,gdp_current_usd,6590894302
Maldives,MV,MDV,Asia,2022,gdp_current_usd,6177118114
Maldives,MV,MDV,Asia,2021,gdp_current_usd,5252457370
Maldives,MV,MDV,Asia,2020,gdp_current_usd,3712604583
Maldives,MV,MDV,Asia,2019,gdp_current_usd,5726094799
Maldives,MV,MDV,Asia,2018,gdp_current_usd,5404344163
Maldives,MV,MDV,Asia,2017,gdp_current_usd,4816426257
Maldives,MV,MDV,Asia,2016,gdp_current_usd,4409942624
Maldives,MV,MDV,Asia,2015,gdp_current_usd,4129505319
Maldives,MV,MDV,Asia,2014,gdp_current_usd,3697353039
Maldives,MV,MDV,Asia,2013,gdp_current_usd,3295009238
Maldives,MV,MDV,Asia,2012,gdp_current_usd,2886163997
Maldives,MV,MDV,Asia,2011,gdp_current_usd,2774350240
Maldives,MV,MDV,Asia,2010,gdp_current_usd,2588176055
Maldives,MV,MDV,Asia,2009,gdp_current_usd,2345294875
Maldives,MV,MDV,Asia,2008,gdp_current_usd,2271646188
Maldives,MV,MDV,Asia,2007,gdp_current_usd,1868383461
Maldives,MV,MDV,Asia,2006,gdp_current_usd,1575200391
Maldives,MV,MDV,Asia,2005,gdp_current_usd,1163362438
Maldives,MV,MDV,Asia,2004,gdp_current_usd,1226829562
Maldives,MV,MDV,Asia,2003,gdp_current_usd,1052121055
Maldives,MV,MDV,Asia,2002,gdp_current_usd,897031250
Maldives,MV,MDV,Asia,2001,gdp_current_usd,870031677
Maldives,MV,MDV,Asia,2000,gdp_current_usd,624337145
Maldives,MV,MDV,Asia,2024,gdp_per_capita_current_usd,13216
Maldives,MV,MDV,Asia,2023,gdp_per_capita_current_usd,12530
Maldives,MV,MDV,Asia,2022,gdp_per_capita_current_usd,11786
Maldives,MV,MDV,Asia,2021,gdp_per_capita_current_usd,10176
Maldives,MV,MDV,Asia,2020,gdp_per_capita_current_usd,7394
Maldives,MV,MDV,Asia,2019,gdp_per_capita_current_usd,11740
Maldives,MV,MDV,Asia,2018,gdp_per_capita_current_usd,11423
Maldives,MV,MDV,Asia,2017,gdp_per_capita_current_usd,10510
Maldives,MV,MDV,Asia,2016,gdp_per_capita_current_usd,9948
Maldives,MV,MDV,Asia,2015,gdp_per_capita_current_usd,9645
Maldives,MV,MDV,Asia,2014,gdp_per_capita_current_usd,8939
Maldives,MV,MDV,Asia,2013,gdp_per_capita_current_usd,8236
Maldives,MV,MDV,Asia,2012,gdp_per_capita_current_usd,7461
Maldives,MV,MDV,Asia,2011,gdp_per_capita_current_usd,7425
Maldives,MV,MDV,Asia,2010,gdp_per_capita_current_usd,7174
Maldives,MV,MDV,Asia,2009,gdp_per_capita_current_usd,6734
Maldives,MV,MDV,Asia,2008,gdp_per_capita_current_usd,6757
Maldives,MV,MDV,Asia,2007,gdp_per_capita_current_usd,5758
Maldives,MV,MDV,Asia,2006,gdp_per_capita_current_usd,5019
Maldives,MV,MDV,Asia,2005,gdp_per_capita_current_usd,3797
Maldives,MV,MDV,Asia,2004,gdp_per_capita_current_usd,4070
Maldives,MV,MDV,Asia,2003,gdp_per_capita_current_usd,3549
Maldives,MV,MDV,Asia,2002,gdp_per_capita_current_usd,3076
Maldives,MV,MDV,Asia,2001,gdp_per_capita_current_usd,3034
Maldives,MV,MDV,Asia,2000,gdp_per_capita_current_usd,2214
Maldives,MV,MDV,Asia,2024,population_total,527799
Maldives,MV,MDV,Asia,2023,population_total,525994
Maldives,MV,MDV,Asia,2022,population_total,524106
Maldives,MV,MDV,Asia,2021,population_total,516154
Maldives,MV,MDV,Asia,2020,population_total,502118
Maldives,MV,MDV,Asia,2019,population_total,487731
Maldives,MV,MDV,Asia,2018,population_total,473099
Maldives,MV,MDV,Asia,2017,population_total,458287
Maldives,MV,MDV,Asia,2016,population_total,443308
Maldives,MV,MDV,Asia,2015,population_total,428154
Maldives,MV,MDV,Asia,2014,population_total,413617
Maldives,MV,MDV,Asia,2013,population_total,400070
Maldives,MV,MDV,Asia,2012,population_total,386818
Maldives,MV,MDV,Asia,2011,population_total,373674
Maldives,MV,MDV,Asia,2010,population_total,360792
Maldives,MV,MDV,Asia,2009,population_total,348275
Maldives,MV,MDV,Asia,2008,population_total,336170
Maldives,MV,MDV,Asia,2007,population_total,324479
Maldives,MV,MDV,Asia,2006,population_total,313851
Maldives,MV,MDV,Asia,2005,population_total,306429
Maldives,MV,MDV,Asia,2004,population_total,301413
Maldives,MV,MDV,Asia,2003,population_total,296491
Maldives,MV,MDV,Asia,2002,population_total,291616
Maldives,MV,MDV,Asia,2001,population_total,286767
Maldives,MV,MDV,Asia,2000,population_total,282019
Mexico,MX,MEX,North America,2024,gdp_current_usd,1852722885258
Mexico,MX,MEX,North America,2023,gdp_current_usd,1793798859343
Mexico,MX,MEX,North America,2022,gdp_current_usd,1466464899304
Mexico,MX,MEX,North America,2021,gdp_current_usd,1316569466735
Mexico,MX,MEX,North America,2020,gdp_current_usd,1121064767402
Mexico,MX,MEX,North America,2019,gdp_current_usd,1304106203902
Mexico,MX,MEX,North America,2018,gdp_current_usd,1256300182776
Mexico,MX,MEX,North America,2017,gdp_current_usd,1190721475906
Mexico,MX,MEX,North America,2016,gdp_current_usd,1112233497453
Mexico,MX,MEX,North America,2015,gdp_current_usd,1213294467780
Mexico,MX,MEX,North America,2014,gdp_current_usd,1364507717765
Mexico,MX,MEX,North America,2013,gdp_current_usd,1327436290439
Mexico,MX,MEX,North America,2012,gdp_current_usd,1255110424666
Mexico,MX,MEX,North America,2011,gdp_current_usd,1229013703578
Mexico,MX,MEX,North America,2010,gdp_current_usd,1105424238573
Mexico,MX,MEX,North America,2009,gdp_current_usd,943437415025
Mexico,MX,MEX,North America,2008,gdp_current_usd,1161553459985
Mexico,MX,MEX,North America,2007,gdp_current_usd,1102355554880
Mexico,MX,MEX,North America,2006,gdp_current_usd,1020265057882
Mexico,MX,MEX,North America,2005,gdp_current_usd,917571853529
Mexico,MX,MEX,North America,2004,gdp_current_usd,819459227375
Mexico,MX,MEX,North America,2003,gdp_current_usd,765549967889
Mexico,MX,MEX,North America,2002,gdp_current_usd,810666116402
Mexico,MX,MEX,North America,2001,gdp_current_usd,796064590549
Mexico,MX,MEX,North America,2000,gdp_current_usd,742061329749
Mexico,MX,MEX,North America,2024,gdp_per_capita_current_usd,14158
Mexico,MX,MEX,North America,2023,gdp_per_capita_current_usd,13826
Mexico,MX,MEX,North America,2022,gdp_per_capita_current_usd,11402
Mexico,MX,MEX,North America,2021,gdp_per_capita_current_usd,10314
Mexico,MX,MEX,North America,2020,gdp_per_capita_current_usd,8841
Mexico,MX,MEX,North America,2019,gdp_per_capita_current_usd,10370
Mexico,MX,MEX,North America,2018,gdp_per_capita_current_usd,10085
Mexico,MX,MEX,North America,2017,gdp_per_capita_current_usd,9649
Mexico,MX,MEX,North America,2016,gdp_per_capita_current_usd,9098
Mexico,MX,MEX,North America,2015,gdp_per_capita_current_usd,10021
Mexico,MX,MEX,North America,2014,gdp_per_capita_current_usd,11391
Mexico,MX,MEX,North America,2013,gdp_per_capita_current_usd,11217
Mexico,MX,MEX,North America,2012,gdp_per_capita_current_usd,10744
Mexico,MX,MEX,North America,2011,gdp_per_capita_current_usd,10664
Mexico,MX,MEX,North America,2010,gdp_per_capita_current_usd,9729
Mexico,MX,MEX,North America,2009,gdp_per_capita_current_usd,8424
Mexico,MX,MEX,North America,2008,gdp_per_capita_current_usd,10524
Mexico,MX,MEX,North America,2007,gdp_per_capita_current_usd,10134
Mexico,MX,MEX,North America,2006,gdp_per_capita_current_usd,9513
Mexico,MX,MEX,North America,2005,gdp_per_capita_current_usd,8672
Mexico,MX,MEX,North America,2004,gdp_per_capita_current_usd,7850
Mexico,MX,MEX,North America,2003,gdp_per_capita_current_usd,7434
Mexico,MX,MEX,North America,2002,gdp_per_capita_current_usd,7983
Mexico,MX,MEX,North America,2001,gdp_per_capita_current_usd,7953
Mexico,MX,MEX,North America,2000,gdp_per_capita_current_usd,7524
Mexico,MX,MEX,North America,2024,population_total,130861007
Mexico,MX,MEX,North America,2023,population_total,129739759
Mexico,MX,MEX,North America,2022,population_total,128613117
Mexico,MX,MEX,North America,2021,population_total,127648148
Mexico,MX,MEX,North America,2020,population_total,126799054
Mexico,MX,MEX,North America,2019,population_total,125762982
Mexico,MX,MEX,North America,2018,population_total,124573711
Mexico,MX,MEX,North America,2017,population_total,123400057
Mexico,MX,MEX,North America,2016,population_total,122251351
Mexico,MX,MEX,North America,2015,population_total,121072306
Mexico,MX,MEX,North America,2014,population_total,119784261
Mexico,MX,MEX,North America,2013,population_total,118343573
Mexico,MX,MEX,North America,2012,population_total,116818208
Mexico,MX,MEX,North America,2011,population_total,115243504
Mexico,MX,MEX,North America,2010,population_total,113623895
Mexico,MX,MEX,North America,2009,population_total,111999721
Mexico,MX,MEX,North America,2008,population_total,110374288
Mexico,MX,MEX,North America,2007,population_total,108774360
Mexico,MX,MEX,North America,2006,population_total,107253666
Mexico,MX,MEX,North America,2005,population_total,105811504
Mexico,MX,MEX,North America,2004,population_total,104394131
Mexico,MX,MEX,North America,2003,population_total,102978515
Mexico,MX,MEX,North America,2002,population_total,101548624
Mexico,MX,MEX,North America,2001,population_total,100099099
Mexico,MX,MEX,North America,2000,population_total,98625552
Marshall Islands,MH,MHL,Oceania,2024,gdp_current_usd,280357844
Marshall Islands,MH,MHL,Oceania,2023,gdp_current_usd,259300000
Marshall Islands,MH,MHL,Oceania,2022,gdp_current_usd,253400000
Marshall Islands,MH,MHL,Oceania,2021,gdp_current_usd,258900000
Marshall Islands,MH,MHL,Oceania,2020,gdp_current_usd,241800000
Marshall Islands,MH,MHL,Oceania,2019,gdp_current_usd,232900000
Marshall Islands,MH,MHL,Oceania,2018,gdp_current_usd,220000000
Marshall Islands,MH,MHL,Oceania,2017,gdp_current_usd,213700000
Marshall Islands,MH,MHL,Oceania,2016,gdp_current_usd,201800000
Marshall Islands,MH,MHL,Oceania,2015,gdp_current_usd,183700000
Marshall Islands,MH,MHL,Oceania,2014,gdp_current_usd,186000000
Marshall Islands,MH,MHL,Oceania,2013,gdp_current_usd,186400000
Marshall Islands,MH,MHL,Oceania,2012,gdp_current_usd,180700000
Marshall Islands,MH,MHL,Oceania,2011,gdp_current_usd,172300000
Marshall Islands,MH,MHL,Oceania,2010,gdp_current_usd,161100000
Marshall Islands,MH,MHL,Oceania,2009,gdp_current_usd,151200000
Marshall Islands,MH,MHL,Oceania,2008,gdp_current_usd,146600000
Marshall Islands,MH,MHL,Oceania,2007,gdp_current_usd,150500000
Marshall Islands,MH,MHL,Oceania,2006,gdp_current_usd,143200000
Marshall Islands,MH,MHL,Oceania,2005,gdp_current_usd,138000000
Marshall Islands,MH,MHL,Oceania,2004,gdp_current_usd,132900000
Marshall Islands,MH,MHL,Oceania,2003,gdp_current_usd,131128500
Marshall Islands,MH,MHL,Oceania,2002,gdp_current_usd,131960000
Marshall Islands,MH,MHL,Oceania,2001,gdp_current_usd,122406100
Marshall Islands,MH,MHL,Oceania,2000,gdp_current_usd,114838500
Marshall Islands,MH,MHL,Oceania,2024,gdp_per_capita_current_usd,7467
Marshall Islands,MH,MHL,Oceania,2023,gdp_per_capita_current_usd,6678
Marshall Islands,MH,MHL,Oceania,2022,gdp_per_capita_current_usd,6323
Marshall Islands,MH,MHL,Oceania,2021,gdp_per_capita_current_usd,6259
Marshall Islands,MH,MHL,Oceania,2020,gdp_per_capita_current_usd,5662
Marshall Islands,MH,MHL,Oceania,2019,gdp_per_capita_current_usd,5292
Marshall Islands,MH,MHL,Oceania,2018,gdp_per_capita_current_usd,4858
Marshall Islands,MH,MHL,Oceania,2017,gdp_per_capita_current_usd,4593
Marshall Islands,MH,MHL,Oceania,2016,gdp_per_capita_current_usd,4230
Marshall Islands,MH,MHL,Oceania,2015,gdp_per_capita_current_usd,3764
Marshall Islands,MH,MHL,Oceania,2014,gdp_per_capita_current_usd,3735
Marshall Islands,MH,MHL,Oceania,2013,gdp_per_capita_current_usd,3678
Marshall Islands,MH,MHL,Oceania,2012,gdp_per_capita_current_usd,3514
Marshall Islands,MH,MHL,Oceania,2011,gdp_per_capita_current_usd,3319
Marshall Islands,MH,MHL,Oceania,2010,gdp_per_capita_current_usd,3095
Marshall Islands,MH,MHL,Oceania,2009,gdp_per_capita_current_usd,2907
Marshall Islands,MH,MHL,Oceania,2008,gdp_per_capita_current_usd,2818
Marshall Islands,MH,MHL,Oceania,2007,gdp_per_capita_current_usd,2892
Marshall Islands,MH,MHL,Oceania,2006,gdp_per_capita_current_usd,2754
Marshall Islands,MH,MHL,Oceania,2005,gdp_per_capita_current_usd,2659
Marshall Islands,MH,MHL,Oceania,2004,gdp_per_capita_current_usd,2566
Marshall Islands,MH,MHL,Oceania,2003,gdp_per_capita_current_usd,2539
Marshall Islands,MH,MHL,Oceania,2002,gdp_per_capita_current_usd,2566
Marshall Islands,MH,MHL,Oceania,2001,gdp_per_capita_current_usd,2394
Marshall Islands,MH,MHL,Oceania,2000,gdp_per_capita_current_usd,2265
Marshall Islands,MH,MHL,Oceania,2024,population_total,37548
Marshall Islands,MH,MHL,Oceania,2023,population_total,38827
Marshall Islands,MH,MHL,Oceania,2022,population_total,40077
Marshall Islands,MH,MHL,Oceania,2021,population_total,41367
Marshall Islands,MH,MHL,Oceania,2020,population_total,42706
Marshall Islands,MH,MHL,Oceania,2019,population_total,44007
Marshall Islands,MH,MHL,Oceania,2018,population_total,45285
Marshall Islands,MH,MHL,Oceania,2017,population_total,46529
Marshall Islands,MH,MHL,Oceania,2016,population_total,47709
Marshall Islands,MH,MHL,Oceania,2015,population_total,48800
Marshall Islands,MH,MHL,Oceania,2014,population_total,49796
Marshall Islands,MH,MHL,Oceania,2013,population_total,50681
Marshall Islands,MH,MHL,Oceania,2012,population_total,51419
Marshall Islands,MH,MHL,Oceania,2011,population_total,51907
Marshall Islands,MH,MHL,Oceania,2010,population_total,52044
Marshall Islands,MH,MHL,Oceania,2009,population_total,52019
Marshall Islands,MH,MHL,Oceania,2008,population_total,52030
Marshall Islands,MH,MHL,Oceania,2007,population_total,52035
Marshall Islands,MH,MHL,Oceania,2006,population_total,51992
Marshall Islands,MH,MHL,Oceania,2005,population_total,51906
Marshall Islands,MH,MHL,Oceania,2004,population_total,51791
Marshall Islands,MH,MHL,Oceania,2003,population_total,51639
Marshall Islands,MH,MHL,Oceania,2002,population_total,51425
Marshall Islands,MH,MHL,Oceania,2001,population_total,51123
Marshall Islands,MH,MHL,Oceania,2000,population_total,50706
North Macedonia,MK,MKD,Europe,2024,gdp_current_usd,16685236492
North Macedonia,MK,MKD,Europe,2023,gdp_current_usd,15763604288
North Macedonia,MK,MKD,Europe,2022,gdp_current_usd,13932436550
North Macedonia,MK,MKD,Europe,2021,gdp_current_usd,14000283827
North Macedonia,MK,MKD,Europe,2020,gdp_current_usd,12361036914
North Macedonia,MK,MKD,Europe,2019,gdp_current_usd,12606338449
North Macedonia,MK,MKD,Europe,2018,gdp_current_usd,12683068114
North Macedonia,MK,MKD,Europe,2017,gdp_current_usd,11307067070
North Macedonia,MK,MKD,Europe,2016,gdp_current_usd,10672467073
North Macedonia,MK,MKD,Europe,2015,gdp_current_usd,10064519963
North Macedonia,MK,MKD,Europe,2014,gdp_current_usd,11362265253
North Macedonia,MK,MKD,Europe,2013,gdp_current_usd,10817702346
North Macedonia,MK,MKD,Europe,2012,gdp_current_usd,9745261301
North Macedonia,MK,MKD,Europe,2011,gdp_current_usd,10494626768
North Macedonia,MK,MKD,Europe,2010,gdp_current_usd,9407170321
North Macedonia,MK,MKD,Europe,2009,gdp_current_usd,9401736825
North Macedonia,MK,MKD,Europe,2008,gdp_current_usd,9909552435
North Macedonia,MK,MKD,Europe,2007,gdp_current_usd,8336474974
North Macedonia,MK,MKD,Europe,2006,gdp_current_usd,6861226972
North Macedonia,MK,MKD,Europe,2005,gdp_current_usd,6258602873
North Macedonia,MK,MKD,Europe,2004,gdp_current_usd,5682784472
North Macedonia,MK,MKD,Europe,2003,gdp_current_usd,4946296599
North Macedonia,MK,MKD,Europe,2002,gdp_current_usd,4018365747
North Macedonia,MK,MKD,Europe,2001,gdp_current_usd,3709636031
North Macedonia,MK,MKD,Europe,2000,gdp_current_usd,3772859034
North Macedonia,MK,MKD,Europe,2024,gdp_per_capita_current_usd,9310
North Macedonia,MK,MKD,Europe,2023,gdp_per_capita_current_usd,8624
North Macedonia,MK,MKD,Europe,2022,gdp_per_capita_current_usd,7606
North Macedonia,MK,MKD,Europe,2021,gdp_per_capita_current_usd,7621
North Macedonia,MK,MKD,Europe,2020,gdp_per_capita_current_usd,6660
North Macedonia,MK,MKD,Europe,2019,gdp_per_capita_current_usd,6719
North Macedonia,MK,MKD,Europe,2018,gdp_per_capita_current_usd,6714
North Macedonia,MK,MKD,Europe,2017,gdp_per_capita_current_usd,5955
North Macedonia,MK,MKD,Europe,2016,gdp_per_capita_current_usd,5598
North Macedonia,MK,MKD,Europe,2015,gdp_per_capita_current_usd,5263
North Macedonia,MK,MKD,Europe,2014,gdp_per_capita_current_usd,5925
North Macedonia,MK,MKD,Europe,2013,gdp_per_capita_current_usd,5626
North Macedonia,MK,MKD,Europe,2012,gdp_per_capita_current_usd,5050
North Macedonia,MK,MKD,Europe,2011,gdp_per_capita_current_usd,5417
North Macedonia,MK,MKD,Europe,2010,gdp_per_capita_current_usd,4833
North Macedonia,MK,MKD,Europe,2009,gdp_per_capita_current_usd,4800
North Macedonia,MK,MKD,Europe,2008,gdp_per_capita_current_usd,5026
North Macedonia,MK,MKD,Europe,2007,gdp_per_capita_current_usd,4204
North Macedonia,MK,MKD,Europe,2006,gdp_per_capita_current_usd,3440
North Macedonia,MK,MKD,Europe,2005,gdp_per_capita_current_usd,3121
North Macedonia,MK,MKD,Europe,2004,gdp_per_capita_current_usd,2819
North Macedonia,MK,MKD,Europe,2003,gdp_per_capita_current_usd,2445
North Macedonia,MK,MKD,Europe,2002,gdp_per_capita_current_usd,1989
North Macedonia,MK,MKD,Europe,2001,gdp_per_capita_current_usd,1823
North Macedonia,MK,MKD,Europe,2000,gdp_per_capita_current_usd,1862
North Macedonia,MK,MKD,Europe,2024,population_total,1792179
North Macedonia,MK,MKD,Europe,2023,population_total,1827816
North Macedonia,MK,MKD,Europe,2022,population_total,1831712
North Macedonia,MK,MKD,Europe,2021,population_total,1837114
North Macedonia,MK,MKD,Europe,2020,population_total,1856124
North Macedonia,MK,MKD,Europe,2019,population_total,1876262
North Macedonia,MK,MKD,Europe,2018,population_total,1889051
North Macedonia,MK,MKD,Europe,2017,population_total,1898657
North Macedonia,MK,MKD,Europe,2016,population_total,1906313
North Macedonia,MK,MKD,Europe,2015,population_total,1912430
North Macedonia,MK,MKD,Europe,2014,population_total,1917557
North Macedonia,MK,MKD,Europe,2013,population_total,1922716
North Macedonia,MK,MKD,Europe,2012,population_total,1929821
North Macedonia,MK,MKD,Europe,2011,population_total,1937398
North Macedonia,MK,MKD,Europe,2010,population_total,1946298
North Macedonia,MK,MKD,Europe,2009,population_total,1958782
North Macedonia,MK,MKD,Europe,2008,population_total,1971493
North Macedonia,MK,MKD,Europe,2007,population_total,1982933
North Macedonia,MK,MKD,Europe,2006,population_total,1994287
North Macedonia,MK,MKD,Europe,2005,population_total,2005330
North Macedonia,MK,MKD,Europe,2004,population_total,2016186
North Macedonia,MK,MKD,Europe,2003,population_total,2022725
North Macedonia,MK,MKD,Europe,2002,population_total,2020157
North Macedonia,MK,MKD,Europe,2001,population_total,2034882
North Macedonia,MK,MKD,Europe,2000,population_total,2026350
Mali,ML,MLI,Africa,2024,gdp_current_usd,26588067731
Mali,ML,MLI,Africa,2023,gdp_current_usd,24621545565
Mali,ML,MLI,Africa,2022,gdp_current_usd,22374051350
Mali,ML,MLI,Africa,2021,gdp_current_usd,22999245263
Mali,ML,MLI,Africa,2020,gdp_current_usd,20698560939
Mali,ML,MLI,Africa,2019,gdp_current_usd,20477421885
Mali,ML,MLI,Africa,2018,gdp_current_usd,20368015381
Mali,ML,MLI,Africa,2017,gdp_current_usd,18308362040
Mali,ML,MLI,Africa,2016,gdp_current_usd,16743796800
Mali,ML,MLI,Africa,2015,gdp_current_usd,15583181170
Mali,ML,MLI,Africa,2014,gdp_current_usd,16943434591
Mali,ML,MLI,Africa,2013,gdp_current_usd,15769357573
Mali,ML,MLI,Africa,2012,gdp_current_usd,14891957623
Mali,ML,MLI,Africa,2011,gdp_current_usd,15506843902
Mali,ML,MLI,Africa,2010,gdp_current_usd,13196527458
Mali,ML,MLI,Africa,2009,gdp_current_usd,12592138109
Mali,ML,MLI,Africa,2008,gdp_current_usd,12262134441
Mali,ML,MLI,Africa,2007,gdp_current_usd,10289243720
Mali,ML,MLI,Africa,2006,gdp_current_usd,8858863053
Mali,ML,MLI,Africa,2005,gdp_current_usd,8009875052
Mali,ML,MLI,Africa,2004,gdp_current_usd,7113132070
Mali,ML,MLI,Africa,2003,gdp_current_usd,4714071980
Mali,ML,MLI,Africa,2002,gdp_current_usd,3908121307
Mali,ML,MLI,Africa,2001,gdp_current_usd,3468337942
Mali,ML,MLI,Africa,2000,gdp_current_usd,2961484954
Mali,ML,MLI,Africa,2024,gdp_per_capita_current_usd,1086
Mali,ML,MLI,Africa,2023,gdp_per_capita_current_usd,1036
Mali,ML,MLI,Africa,2022,gdp_per_capita_current_usd,970
Mali,ML,MLI,Africa,2021,gdp_per_capita_current_usd,1027
Mali,ML,MLI,Africa,2020,gdp_per_capita_current_usd,953
Mali,ML,MLI,Africa,2019,gdp_per_capita_current_usd,972
Mali,ML,MLI,Africa,2018,gdp_per_capita_current_usd,996
Mali,ML,MLI,Africa,2017,gdp_per_capita_current_usd,924
Mali,ML,MLI,Africa,2016,gdp_per_capita_current_usd,872
Mali,ML,MLI,Africa,2015,gdp_per_capita_current_usd,838
Mali,ML,MLI,Africa,2014,gdp_per_capita_current_usd,940
Mali,ML,MLI,Africa,2013,gdp_per_capita_current_usd,903
Mali,ML,MLI,Africa,2012,gdp_per_capita_current_usd,878
Mali,ML,MLI,Africa,2011,gdp_per_capita_current_usd,942
Mali,ML,MLI,Africa,2010,gdp_per_capita_current_usd,828
Mali,ML,MLI,Africa,2009,gdp_per_capita_current_usd,816
Mali,ML,MLI,Africa,2008,gdp_per_capita_current_usd,821
Mali,ML,MLI,Africa,2007,gdp_per_capita_current_usd,712
Mali,ML,MLI,Africa,2006,gdp_per_capita_current_usd,633
Mali,ML,MLI,Africa,2005,gdp_per_capita_current_usd,592
Mali,ML,MLI,Africa,2004,gdp_per_capita_current_usd,543
Mali,ML,MLI,Africa,2003,gdp_per_capita_current_usd,372
Mali,ML,MLI,Africa,2002,gdp_per_capita_current_usd,318
Mali,ML,MLI,Africa,2001,gdp_per_capita_current_usd,291
Mali,ML,MLI,Africa,2000,gdp_per_capita_current_usd,256
Mali,ML,MLI,Africa,2024,population_total,24478595
Mali,ML,MLI,Africa,2023,population_total,23769127
Mali,ML,MLI,Africa,2022,population_total,23072640
Mali,ML,MLI,Africa,2021,population_total,22388630
Mali,ML,MLI,Africa,2020,population_total,21713836
Mali,ML,MLI,Africa,2019,population_total,21068405
Mali,ML,MLI,Africa,2018,population_total,20442030
Mali,ML,MLI,Africa,2017,population_total,19813011
Mali,ML,MLI,Africa,2016,population_total,19191289
Mali,ML,MLI,Africa,2015,population_total,18593022
Mali,ML,MLI,Africa,2014,population_total,18020267
Mali,ML,MLI,Africa,2013,population_total,17459615
Mali,ML,MLI,Africa,2012,population_total,16957033
Mali,ML,MLI,Africa,2011,population_total,16469049
Mali,ML,MLI,Africa,2010,population_total,15945198
Mali,ML,MLI,Africa,2009,population_total,15435539
Mali,ML,MLI,Africa,2008,population_total,14940782
Mali,ML,MLI,Africa,2007,population_total,14457775
Mali,ML,MLI,Africa,2006,population_total,13990139
Mali,ML,MLI,Africa,2005,population_total,13538647
Mali,ML,MLI,Africa,2004,population_total,13102409
Mali,ML,MLI,Africa,2003,population_total,12684955
Mali,ML,MLI,Africa,2002,population_total,12288050
Mali,ML,MLI,Africa,2001,population_total,11912158
Mali,ML,MLI,Africa,2000,population_total,11559290
Malta,MT,MLT,Europe,2024,gdp_current_usd,24322006608
Malta,MT,MLT,Europe,2023,gdp_current_usd,22210718401
Malta,MT,MLT,Europe,2022,gdp_current_usd,19239187084
Malta,MT,MLT,Europe,2021,gdp_current_usd,19723563355
Malta,MT,MLT,Europe,2020,gdp_current_usd,16409900599
Malta,MT,MLT,Europe,2019,gdp_current_usd,16337793531
Malta,MT,MLT,Europe,2018,gdp_current_usd,16153779511
Malta,MT,MLT,Europe,2017,gdp_current_usd,14161366733
Malta,MT,MLT,Europe,2016,gdp_current_usd,12025782885
Malta,MT,MLT,Europe,2015,gdp_current_usd,11340795033
Malta,MT,MLT,Europe,2014,gdp_current_usd,11888032862
Malta,MT,MLT,Europe,2013,gdp_current_usd,10796782634
Malta,MT,MLT,Europe,2012,gdp_current_usd,9609532106
Malta,MT,MLT,Europe,2011,gdp_current_usd,9789361705
Malta,MT,MLT,Europe,2010,gdp_current_usd,9097044182
Malta,MT,MLT,Europe,2009,gdp_current_usd,8734745632
Malta,MT,MLT,Europe,2008,gdp_current_usd,9135419490
Malta,MT,MLT,Europe,2007,gdp_current_usd,7908412374
Malta,MT,MLT,Europe,2006,gdp_current_usd,6749838862
Malta,MT,MLT,Europe,2005,gdp_current_usd,6393234965
Malta,MT,MLT,Europe,2004,gdp_current_usd,6104141501
Malta,MT,MLT,Europe,2003,gdp_current_usd,5418315225
Malta,MT,MLT,Europe,2002,gdp_current_usd,4455127398
Malta,MT,MLT,Europe,2001,gdp_current_usd,4070867153
Malta,MT,MLT,Europe,2000,gdp_current_usd,4036809865
Malta,MT,MLT,Europe,2024,gdp_per_capita_current_usd,42347
Malta,MT,MLT,Europe,2023,gdp_per_capita_current_usd,40182
Malta,MT,MLT,Europe,2022,gdp_per_capita_current_usd,36224
Malta,MT,MLT,Europe,2021,gdp_per_capita_current_usd,38065
Malta,MT,MLT,Europe,2020,gdp_per_capita_current_usd,31834
Malta,MT,MLT,Europe,2019,gdp_per_capita_current_usd,32422
Malta,MT,MLT,Europe,2018,gdp_per_capita_current_usd,33382
Malta,MT,MLT,Europe,2017,gdp_per_capita_current_usd,30317
Malta,MT,MLT,Europe,2016,gdp_per_capita_current_usd,26459
Malta,MT,MLT,Europe,2015,gdp_per_capita_current_usd,25530
Malta,MT,MLT,Europe,2014,gdp_per_capita_current_usd,27425
Malta,MT,MLT,Europe,2013,gdp_per_capita_current_usd,25416
Malta,MT,MLT,Europe,2012,gdp_per_capita_current_usd,22878
Malta,MT,MLT,Europe,2011,gdp_per_capita_current_usd,23517
Malta,MT,MLT,Europe,2010,gdp_per_capita_current_usd,21947
Malta,MT,MLT,Europe,2009,gdp_per_capita_current_usd,21176
Malta,MT,MLT,Europe,2008,gdp_per_capita_current_usd,22315
Malta,MT,MLT,Europe,2007,gdp_per_capita_current_usd,19444
Malta,MT,MLT,Europe,2006,gdp_per_capita_current_usd,16654
Malta,MT,MLT,Europe,2005,gdp_per_capita_current_usd,15831
Malta,MT,MLT,Europe,2004,gdp_per_capita_current_usd,15212
Malta,MT,MLT,Europe,2003,gdp_per_capita_current_usd,13594
Malta,MT,MLT,Europe,2002,gdp_per_capita_current_usd,11251
Malta,MT,MLT,Europe,2001,gdp_per_capita_current_usd,10358
Malta,MT,MLT,Europe,2000,gdp_per_capita_current_usd,10348
Malta,MT,MLT,Europe,2024,population_total,574346
Malta,MT,MLT,Europe,2023,population_total,552747
Malta,MT,MLT,Europe,2022,population_total,531113
Malta,MT,MLT,Europe,2021,population_total,518150
Malta,MT,MLT,Europe,2020,population_total,515490
Malta,MT,MLT,Europe,2019,population_total,503912
Malta,MT,MLT,Europe,2018,population_total,483903
Malta,MT,MLT,Europe,2017,population_total,467106
Malta,MT,MLT,Europe,2016,population_total,454505
Malta,MT,MLT,Europe,2015,population_total,444220
Malta,MT,MLT,Europe,2014,population_total,433481
Malta,MT,MLT,Europe,2013,population_total,424810
Malta,MT,MLT,Europe,2012,population_total,420028
Malta,MT,MLT,Europe,2011,population_total,416268
Malta,MT,MLT,Europe,2010,population_total,414508
Malta,MT,MLT,Europe,2009,population_total,412477
Malta,MT,MLT,Europe,2008,population_total,409379
Malta,MT,MLT,Europe,2007,population_total,406724
Malta,MT,MLT,Europe,2006,population_total,405308
Malta,MT,MLT,Europe,2005,population_total,403834
Malta,MT,MLT,Europe,2004,population_total,401268
Malta,MT,MLT,Europe,2003,population_total,398582
Malta,MT,MLT,Europe,2002,population_total,395969
Malta,MT,MLT,Europe,2001,population_total,393028
Malta,MT,MLT,Europe,2000,population_total,390087
Myanmar,MM,MMR,Asia,2024,gdp_current_usd,74079772652
Myanmar,MM,MMR,Asia,2023,gdp_current_usd,66757619000
Myanmar,MM,MMR,Asia,2022,gdp_current_usd,62253049892
Myanmar,MM,MMR,Asia,2021,gdp_current_usd,66345291160
Myanmar,MM,MMR,Asia,2020,gdp_current_usd,79006113643
Myanmar,MM,MMR,Asia,2019,gdp_current_usd,75065106228
Myanmar,MM,MMR,Asia,2018,gdp_current_usd,67860515990
Myanmar,MM,MMR,Asia,2017,gdp_current_usd,66053040483
Myanmar,MM,MMR,Asia,2016,gdp_current_usd,63298361996
Myanmar,MM,MMR,Asia,2015,gdp_current_usd,59607290408
Myanmar,MM,MMR,Asia,2014,gdp_current_usd,65531374200
Myanmar,MM,MMR,Asia,2013,gdp_current_usd,60269732855
Myanmar,MM,MMR,Asia,2012,gdp_current_usd,59937796648
Myanmar,MM,MMR,Asia,2011,gdp_current_usd,59977326086
Myanmar,MM,MMR,Asia,2010,gdp_current_usd,49540813342
Myanmar,MM,MMR,Asia,2009,gdp_current_usd,36906181381
Myanmar,MM,MMR,Asia,2008,gdp_current_usd,31862554102
Myanmar,MM,MMR,Asia,2007,gdp_current_usd,20182477481
Myanmar,MM,MMR,Asia,2006,gdp_current_usd,14502553710
Myanmar,MM,MMR,Asia,2005,gdp_current_usd,11986972419
Myanmar,MM,MMR,Asia,2004,gdp_current_usd,10567354056
Myanmar,MM,MMR,Asia,2003,gdp_current_usd,10467109978
Myanmar,MM,MMR,Asia,2002,gdp_current_usd,6777632512
Myanmar,MM,MMR,Asia,2001,gdp_current_usd,6477790688
Myanmar,MM,MMR,Asia,2000,gdp_current_usd,8905066164
Myanmar,MM,MMR,Asia,2024,gdp_per_capita_current_usd,1359
Myanmar,MM,MMR,Asia,2023,gdp_per_capita_current_usd,1233
Myanmar,MM,MMR,Asia,2022,gdp_per_capita_current_usd,1158
Myanmar,MM,MMR,Asia,2021,gdp_per_capita_current_usd,1243
Myanmar,MM,MMR,Asia,2020,gdp_per_capita_current_usd,1490
Myanmar,MM,MMR,Asia,2019,gdp_per_capita_current_usd,1426
Myanmar,MM,MMR,Asia,2018,gdp_per_capita_current_usd,1298
Myanmar,MM,MMR,Asia,2017,gdp_per_capita_current_usd,1273
Myanmar,MM,MMR,Asia,2016,gdp_per_capita_current_usd,1229
Myanmar,MM,MMR,Asia,2015,gdp_per_capita_current_usd,1167
Myanmar,MM,MMR,Asia,2014,gdp_per_capita_current_usd,1293
Myanmar,MM,MMR,Asia,2013,gdp_per_capita_current_usd,1199
Myanmar,MM,MMR,Asia,2012,gdp_per_capita_current_usd,1203
Myanmar,MM,MMR,Asia,2011,gdp_per_capita_current_usd,1214
Myanmar,MM,MMR,Asia,2010,gdp_per_capita_current_usd,1011
Myanmar,MM,MMR,Asia,2009,gdp_per_capita_current_usd,758
Myanmar,MM,MMR,Asia,2008,gdp_per_capita_current_usd,658
Myanmar,MM,MMR,Asia,2007,gdp_per_capita_current_usd,419
Myanmar,MM,MMR,Asia,2006,gdp_per_capita_current_usd,303
Myanmar,MM,MMR,Asia,2005,gdp_per_capita_current_usd,253
Myanmar,MM,MMR,Asia,2004,gdp_per_capita_current_usd,225
Myanmar,MM,MMR,Asia,2003,gdp_per_capita_current_usd,224
Myanmar,MM,MMR,Asia,2002,gdp_per_capita_current_usd,147
Myanmar,MM,MMR,Asia,2001,gdp_per_capita_current_usd,142
Myanmar,MM,MMR,Asia,2000,gdp_per_capita_current_usd,197
Myanmar,MM,MMR,Asia,2024,population_total,54500091
Myanmar,MM,MMR,Asia,2023,population_total,54133798
Myanmar,MM,MMR,Asia,2022,population_total,53756787
Myanmar,MM,MMR,Asia,2021,population_total,53387102
Myanmar,MM,MMR,Asia,2020,population_total,53016522
Myanmar,MM,MMR,Asia,2019,population_total,52640713
Myanmar,MM,MMR,Asia,2018,population_total,52272247
Myanmar,MM,MMR,Asia,2017,population_total,51894938
Myanmar,MM,MMR,Asia,2016,population_total,51495696
Myanmar,MM,MMR,Asia,2015,population_total,51089056
Myanmar,MM,MMR,Asia,2014,population_total,50681634
Myanmar,MM,MMR,Asia,2013,population_total,50262658
Myanmar,MM,MMR,Asia,2012,population_total,49837446
Myanmar,MM,MMR,Asia,2011,population_total,49419820
Myanmar,MM,MMR,Asia,2010,population_total,49024382
Myanmar,MM,MMR,Asia,2009,population_total,48660459
Myanmar,MM,MMR,Asia,2008,population_total,48390793
Myanmar,MM,MMR,Asia,2007,population_total,48125043
Myanmar,MM,MMR,Asia,2006,population_total,47785135
Myanmar,MM,MMR,Asia,2005,population_total,47438365
Myanmar,MM,MMR,Asia,2004,population_total,47068772
Myanmar,MM,MMR,Asia,2003,population_total,46667192
Myanmar,MM,MMR,Asia,2002,population_total,46232653
Myanmar,MM,MMR,Asia,2001,population_total,45771139
Myanmar,MM,MMR,Asia,2000,population_total,45290841
Montenegro,ME,MNE,Europe,2024,gdp_current_usd,8069536126
Montenegro,ME,MNE,Europe,2023,gdp_current_usd,7530593375
Montenegro,ME,MNE,Europe,2022,gdp_current_usd,6229801581
Montenegro,ME,MNE,Europe,2021,gdp_current_usd,5861427505
Montenegro,ME,MNE,Europe,2020,gdp_current_usd,4769996866
Montenegro,ME,MNE,Europe,2019,gdp_current_usd,5542054181
Montenegro,ME,MNE,Europe,2018,gdp_current_usd,5506942238
Montenegro,ME,MNE,Europe,2017,gdp_current_usd,4856599481
Montenegro,ME,MNE,Europe,2016,gdp_current_usd,4376930578
Montenegro,ME,MNE,Europe,2015,gdp_current_usd,4054730078
Montenegro,ME,MNE,Europe,2014,gdp_current_usd,4593853291
Montenegro,ME,MNE,Europe,2013,gdp_current_usd,4465772400
Montenegro,ME,MNE,Europe,2012,gdp_current_usd,4087526242
Montenegro,ME,MNE,Europe,2011,gdp_current_usd,4544428421
Montenegro,ME,MNE,Europe,2010,gdp_current_usd,4142983843
Montenegro,ME,MNE,Europe,2009,gdp_current_usd,4159330370
Montenegro,ME,MNE,Europe,2008,gdp_current_usd,4545674528
Montenegro,ME,MNE,Europe,2007,gdp_current_usd,3680711744
Montenegro,ME,MNE,Europe,2006,gdp_current_usd,2721903149
Montenegro,ME,MNE,Europe,2005,gdp_current_usd,2257174481
Montenegro,ME,MNE,Europe,2004,gdp_current_usd,2073234418
Montenegro,ME,MNE,Europe,2003,gdp_current_usd,1707710053
Montenegro,ME,MNE,Europe,2002,gdp_current_usd,1284685051
Montenegro,ME,MNE,Europe,2001,gdp_current_usd,1159869246
Montenegro,ME,MNE,Europe,2000,gdp_current_usd,984293044
Montenegro,ME,MNE,Europe,2024,gdp_per_capita_current_usd,12935
Montenegro,ME,MNE,Europe,2023,gdp_per_capita_current_usd,12077
Montenegro,ME,MNE,Europe,2022,gdp_per_capita_current_usd,9990
Montenegro,ME,MNE,Europe,2021,gdp_per_capita_current_usd,9377
Montenegro,ME,MNE,Europe,2020,gdp_per_capita_current_usd,7613
Montenegro,ME,MNE,Europe,2019,gdp_per_capita_current_usd,8842
Montenegro,ME,MNE,Europe,2018,gdp_per_capita_current_usd,8791
Montenegro,ME,MNE,Europe,2017,gdp_per_capita_current_usd,7758
Montenegro,ME,MNE,Europe,2016,gdp_per_capita_current_usd,6999
Montenegro,ME,MNE,Europe,2015,gdp_per_capita_current_usd,6491
Montenegro,ME,MNE,Europe,2014,gdp_per_capita_current_usd,7365
Montenegro,ME,MNE,Europe,2013,gdp_per_capita_current_usd,7173
Montenegro,ME,MNE,Europe,2012,gdp_per_capita_current_usd,6578
Montenegro,ME,MNE,Europe,2011,gdp_per_capita_current_usd,7326
Montenegro,ME,MNE,Europe,2010,gdp_per_capita_current_usd,6688
Montenegro,ME,MNE,Europe,2009,gdp_per_capita_current_usd,6727
Montenegro,ME,MNE,Europe,2008,gdp_per_capita_current_usd,7368
Montenegro,ME,MNE,Europe,2007,gdp_per_capita_current_usd,5976
Montenegro,ME,MNE,Europe,2006,gdp_per_capita_current_usd,4426
Montenegro,ME,MNE,Europe,2005,gdp_per_capita_current_usd,3675
Montenegro,ME,MNE,Europe,2004,gdp_per_capita_current_usd,3380
Montenegro,ME,MNE,Europe,2003,gdp_per_capita_current_usd,2789
Montenegro,ME,MNE,Europe,2002,gdp_per_capita_current_usd,2107
Montenegro,ME,MNE,Europe,2001,gdp_per_capita_current_usd,1910
Montenegro,ME,MNE,Europe,2000,gdp_per_capita_current_usd,1627
Montenegro,ME,MNE,Europe,2024,population_total,623831
Montenegro,ME,MNE,Europe,2023,population_total,623529
Montenegro,ME,MNE,Europe,2022,population_total,623591
Montenegro,ME,MNE,Europe,2021,population_total,625053
Montenegro,ME,MNE,Europe,2020,population_total,626590
Montenegro,ME,MNE,Europe,2019,population_total,626753
Montenegro,ME,MNE,Europe,2018,population_total,626438
Montenegro,ME,MNE,Europe,2017,population_total,625982
Montenegro,ME,MNE,Europe,2016,population_total,625353
Montenegro,ME,MNE,Europe,2015,population_total,624651
Montenegro,ME,MNE,Europe,2014,population_total,623744
Montenegro,ME,MNE,Europe,2013,population_total,622587
Montenegro,ME,MNE,Europe,2012,population_total,621418
Montenegro,ME,MNE,Europe,2011,population_total,620345
Montenegro,ME,MNE,Europe,2010,population_total,619428
Montenegro,ME,MNE,Europe,2009,population_total,618294
Montenegro,ME,MNE,Europe,2008,population_total,616969
Montenegro,ME,MNE,Europe,2007,population_total,615875
Montenegro,ME,MNE,Europe,2006,population_total,615025
Montenegro,ME,MNE,Europe,2005,population_total,614261
Montenegro,ME,MNE,Europe,2004,population_total,613353
Montenegro,ME,MNE,Europe,2003,population_total,612267
Montenegro,ME,MNE,Europe,2002,population_total,609828
Montenegro,ME,MNE,Europe,2001,population_total,607389
Montenegro,ME,MNE,Europe,2000,population_total,604950
Mongolia,MN,MNG,Asia,2024,gdp_current_usd,23586055802
Mongolia,MN,MNG,Asia,2023,gdp_current_usd,20325121394
Mongolia,MN,MNG,Asia,2022,gdp_current_usd,17146471714
Mongolia,MN,MNG,Asia,2021,gdp_current_usd,15286441738
Mongolia,MN,MNG,Asia,2020,gdp_current_usd,13312981429
Mongolia,MN,MNG,Asia,2019,gdp_current_usd,14206359018
Mongolia,MN,MNG,Asia,2018,gdp_current_usd,13178094720
Mongolia,MN,MNG,Asia,2017,gdp_current_usd,11480847741
Mongolia,MN,MNG,Asia,2016,gdp_current_usd,11181350649
Mongolia,MN,MNG,Asia,2015,gdp_current_usd,11619892591
Mongolia,MN,MNG,Asia,2014,gdp_current_usd,12226514668
Mongolia,MN,MNG,Asia,2013,gdp_current_usd,12582122604
Mongolia,MN,MNG,Asia,2012,gdp_current_usd,12292770632
Mongolia,MN,MNG,Asia,2011,gdp_current_usd,10409797378
Mongolia,MN,MNG,Asia,2010,gdp_current_usd,7189481999
Mongolia,MN,MNG,Asia,2009,gdp_current_usd,4583850368
Mongolia,MN,MNG,Asia,2008,gdp_current_usd,5623216608
Mongolia,MN,MNG,Asia,2007,gdp_current_usd,4234999704
Mongolia,MN,MNG,Asia,2006,gdp_current_usd,3414055662
Mongolia,MN,MNG,Asia,2005,gdp_current_usd,2523471601
Mongolia,MN,MNG,Asia,2004,gdp_current_usd,1992066808
Mongolia,MN,MNG,Asia,2003,gdp_current_usd,1595297356
Mongolia,MN,MNG,Asia,2002,gdp_current_usd,1396555720
Mongolia,MN,MNG,Asia,2001,gdp_current_usd,1267997934
Mongolia,MN,MNG,Asia,2000,gdp_current_usd,1136896124
Mongolia,MN,MNG,Asia,2024,gdp_per_capita_current_usd,6691
Mongolia,MN,MNG,Asia,2023,gdp_per_capita_current_usd,5839
Mongolia,MN,MNG,Asia,2022,gdp_per_capita_current_usd,4994
Mongolia,MN,MNG,Asia,2021,gdp_per_capita_current_usd,4518
Mongolia,MN,MNG,Asia,2020,gdp_per_capita_current_usd,4001
Mongolia,MN,MNG,Asia,2019,gdp_per_capita_current_usd,4348
Mongolia,MN,MNG,Asia,2018,gdp_per_capita_current_usd,4108
Mongolia,MN,MNG,Asia,2017,gdp_per_capita_current_usd,3646
Mongolia,MN,MNG,Asia,2016,gdp_per_capita_current_usd,3620
Mongolia,MN,MNG,Asia,2015,gdp_per_capita_current_usd,3839
Mongolia,MN,MNG,Asia,2014,gdp_per_capita_current_usd,4126
Mongolia,MN,MNG,Asia,2013,gdp_per_capita_current_usd,4340
Mongolia,MN,MNG,Asia,2012,gdp_per_capita_current_usd,4329
Mongolia,MN,MNG,Asia,2011,gdp_per_capita_current_usd,3736
Mongolia,MN,MNG,Asia,2010,gdp_per_capita_current_usd,2625
Mongolia,MN,MNG,Asia,2009,gdp_per_capita_current_usd,1703
Mongolia,MN,MNG,Asia,2008,gdp_per_capita_current_usd,2127
Mongolia,MN,MNG,Asia,2007,gdp_per_capita_current_usd,1628
Mongolia,MN,MNG,Asia,2006,gdp_per_capita_current_usd,1330
Mongolia,MN,MNG,Asia,2005,gdp_per_capita_current_usd,995
Mongolia,MN,MNG,Asia,2004,gdp_per_capita_current_usd,794
Mongolia,MN,MNG,Asia,2003,gdp_per_capita_current_usd,643
Mongolia,MN,MNG,Asia,2002,gdp_per_capita_current_usd,570
Mongolia,MN,MNG,Asia,2001,gdp_per_capita_current_usd,524
Mongolia,MN,MNG,Asia,2000,gdp_per_capita_current_usd,476
Mongolia,MN,MNG,Asia,2024,population_total,3524788
Mongolia,MN,MNG,Asia,2023,population_total,3481145
Mongolia,MN,MNG,Asia,2022,population_total,3433748
Mongolia,MN,MNG,Asia,2021,population_total,3383741
Mongolia,MN,MNG,Asia,2020,population_total,3327204
Mongolia,MN,MNG,Asia,2019,population_total,3267673
Mongolia,MN,MNG,Asia,2018,population_total,3208189
Mongolia,MN,MNG,Asia,2017,population_total,3148917
Mongolia,MN,MNG,Asia,2016,population_total,3088856
Mongolia,MN,MNG,Asia,2015,population_total,3026864
Mongolia,MN,MNG,Asia,2014,population_total,2963113
Mongolia,MN,MNG,Asia,2013,population_total,2899011
Mongolia,MN,MNG,Asia,2012,population_total,2839705
Mongolia,MN,MNG,Asia,2011,population_total,2786317
Mongolia,MN,MNG,Asia,2010,population_total,2738622
Mongolia,MN,MNG,Asia,2009,population_total,2691115
Mongolia,MN,MNG,Asia,2008,population_total,2643201
Mongolia,MN,MNG,Asia,2007,population_total,2601850
Mongolia,MN,MNG,Asia,2006,population_total,2567168
Mongolia,MN,MNG,Asia,2005,population_total,2536407
Mongolia,MN,MNG,Asia,2004,population_total,2508412
Mongolia,MN,MNG,Asia,2003,population_total,2480374
Mongolia,MN,MNG,Asia,2002,population_total,2449027
Mongolia,MN,MNG,Asia,2001,population_total,2417751
Mongolia,MN,MNG,Asia,2000,population_total,2388299
Northern Mariana Islands,MP,MNP,Oceania,2022,gdp_current_usd,1096000000
Northern Mariana Islands,MP,MNP,Oceania,2021,gdp_current_usd,914000000
Northern Mariana Islands,MP,MNP,Oceania,2020,gdp_current_usd,866000000
Northern Mariana Islands,MP,MNP,Oceania,2019,gdp_current_usd,1179000000
Northern Mariana Islands,MP,MNP,Oceania,2018,gdp_current_usd,1301000000
Northern Mariana Islands,MP,MNP,Oceania,2017,gdp_current_usd,1560000000
Northern Mariana Islands,MP,MNP,Oceania,2016,gdp_current_usd,1230000000
Northern Mariana Islands,MP,MNP,Oceania,2015,gdp_current_usd,910000000
Northern Mariana Islands,MP,MNP,Oceania,2014,gdp_current_usd,832000000
Northern Mariana Islands,MP,MNP,Oceania,2013,gdp_current_usd,772000000
Northern Mariana Islands,MP,MNP,Oceania,2012,gdp_current_usd,746000000
Northern Mariana Islands,MP,MNP,Oceania,2011,gdp_current_usd,729000000
Northern Mariana Islands,MP,MNP,Oceania,2010,gdp_current_usd,799000000
Northern Mariana Islands,MP,MNP,Oceania,2009,gdp_current_usd,795000000
Northern Mariana Islands,MP,MNP,Oceania,2008,gdp_current_usd,939000000
Northern Mariana Islands,MP,MNP,Oceania,2007,gdp_current_usd,938000000
Northern Mariana Islands,MP,MNP,Oceania,2006,gdp_current_usd,990000000
Northern Mariana Islands,MP,MNP,Oceania,2005,gdp_current_usd,1061000000
Northern Mariana Islands,MP,MNP,Oceania,2004,gdp_current_usd,1210000000
Northern Mariana Islands,MP,MNP,Oceania,2003,gdp_current_usd,1239000000
Northern Mariana Islands,MP,MNP,Oceania,2002,gdp_current_usd,1284000000
Northern Mariana Islands,MP,MNP,Oceania,2022,gdp_per_capita_current_usd,23786
Northern Mariana Islands,MP,MNP,Oceania,2021,gdp_per_capita_current_usd,19456
Northern Mariana Islands,MP,MNP,Oceania,2020,gdp_per_capita_current_usd,18221
Northern Mariana Islands,MP,MNP,Oceania,2019,gdp_per_capita_current_usd,24497
Northern Mariana Islands,MP,MNP,Oceania,2018,gdp_per_capita_current_usd,26509
Northern Mariana Islands,MP,MNP,Oceania,2017,gdp_per_capita_current_usd,31226
Northern Mariana Islands,MP,MNP,Oceania,2016,gdp_per_capita_current_usd,24225
Northern Mariana Islands,MP,MNP,Oceania,2015,gdp_per_capita_current_usd,17665
Northern Mariana Islands,MP,MNP,Oceania,2014,gdp_per_capita_current_usd,15945
Northern Mariana Islands,MP,MNP,Oceania,2013,gdp_per_capita_current_usd,14633
Northern Mariana Islands,MP,MNP,Oceania,2012,gdp_per_capita_current_usd,14014
Northern Mariana Islands,MP,MNP,Oceania,2011,gdp_per_capita_current_usd,13599
Northern Mariana Islands,MP,MNP,Oceania,2010,gdp_per_capita_current_usd,14771
Northern Mariana Islands,MP,MNP,Oceania,2009,gdp_per_capita_current_usd,14370
Northern Mariana Islands,MP,MNP,Oceania,2008,gdp_per_capita_current_usd,16430
Northern Mariana Islands,MP,MNP,Oceania,2007,gdp_per_capita_current_usd,15914
Northern Mariana Islands,MP,MNP,Oceania,2006,gdp_per_capita_current_usd,16315
Northern Mariana Islands,MP,MNP,Oceania,2005,gdp_per_capita_current_usd,17016
Northern Mariana Islands,MP,MNP,Oceania,2004,gdp_per_capita_current_usd,18925
Northern Mariana Islands,MP,MNP,Oceania,2003,gdp_per_capita_current_usd,18939
Northern Mariana Islands,MP,MNP,Oceania,2002,gdp_per_capita_current_usd,19228
Northern Mariana Islands,MP,MNP,Oceania,2024,population_total,44278
Northern Mariana Islands,MP,MNP,Oceania,2023,population_total,45143
Northern Mariana Islands,MP,MNP,Oceania,2022,population_total,46078
Northern Mariana Islands,MP,MNP,Oceania,2021,population_total,46979
Northern Mariana Islands,MP,MNP,Oceania,2020,population_total,47528
Northern Mariana Islands,MP,MNP,Oceania,2019,population_total,48129
Northern Mariana Islands,MP,MNP,Oceania,2018,population_total,49077
Northern Mariana Islands,MP,MNP,Oceania,2017,population_total,49959
Northern Mariana Islands,MP,MNP,Oceania,2016,population_total,50773
Northern Mariana Islands,MP,MNP,Oceania,2015,population_total,51514
Northern Mariana Islands,MP,MNP,Oceania,2014,population_total,52178
Northern Mariana Islands,MP,MNP,Oceania,2013,population_total,52758
Northern Mariana Islands,MP,MNP,Oceania,2012,population_total,53234
Northern Mariana Islands,MP,MNP,Oceania,2011,population_total,53608
Northern Mariana Islands,MP,MNP,Oceania,2010,population_total,54091
Northern Mariana Islands,MP,MNP,Oceania,2009,population_total,55325
Northern Mariana Islands,MP,MNP,Oceania,2008,population_total,57150
Northern Mariana Islands,MP,MNP,Oceania,2007,population_total,58941
Northern Mariana Islands,MP,MNP,Oceania,2006,population_total,60682
Northern Mariana Islands,MP,MNP,Oceania,2005,population_total,62354
Northern Mariana Islands,MP,MNP,Oceania,2004,population_total,63938
Northern Mariana Islands,MP,MNP,Oceania,2003,population_total,65421
Northern Mariana Islands,MP,MNP,Oceania,2002,population_total,66778
Northern Mariana Islands,MP,MNP,Oceania,2001,population_total,67984
Northern Mariana Islands,MP,MNP,Oceania,2000,population_total,68356
Mozambique,MZ,MOZ,Africa,2024,gdp_current_usd,22416650343
Mozambique,MZ,MOZ,Africa,2023,gdp_current_usd,20954220984
Mozambique,MZ,MOZ,Africa,2022,gdp_current_usd,18883528581
Mozambique,MZ,MOZ,Africa,2021,gdp_current_usd,16168055475
Mozambique,MZ,MOZ,Africa,2020,gdp_current_usd,14235420174
Mozambique,MZ,MOZ,Africa,2019,gdp_current_usd,15512759047
Mozambique,MZ,MOZ,Africa,2018,gdp_current_usd,15017358953
Mozambique,MZ,MOZ,Africa,2017,gdp_current_usd,13264640646
Mozambique,MZ,MOZ,Africa,2016,gdp_current_usd,12069051237
Mozambique,MZ,MOZ,Africa,2015,gdp_current_usd,16208985770
Mozambique,MZ,MOZ,Africa,2014,gdp_current_usd,17978246586
Mozambique,MZ,MOZ,Africa,2013,gdp_current_usd,17198073057
Mozambique,MZ,MOZ,Africa,2012,gdp_current_usd,16688114144
Mozambique,MZ,MOZ,Africa,2011,gdp_current_usd,14619279989
Mozambique,MZ,MOZ,Africa,2010,gdp_current_usd,11411894724
Mozambique,MZ,MOZ,Africa,2009,gdp_current_usd,12263894790
Mozambique,MZ,MOZ,Africa,2008,gdp_current_usd,12920340965
Mozambique,MZ,MOZ,Africa,2007,gdp_current_usd,10811456006
Mozambique,MZ,MOZ,Africa,2006,gdp_current_usd,9509835537
Mozambique,MZ,MOZ,Africa,2005,gdp_current_usd,8868504900
Mozambique,MZ,MOZ,Africa,2004,gdp_current_usd,7937255565
Mozambique,MZ,MOZ,Africa,2003,gdp_current_usd,6583526861
Mozambique,MZ,MOZ,Africa,2002,gdp_current_usd,5950769427
Mozambique,MZ,MOZ,Africa,2001,gdp_current_usd,5650154067
Mozambique,MZ,MOZ,Africa,2000,gdp_current_usd,5930685215
Mozambique,MZ,MOZ,Africa,2024,gdp_per_capita_current_usd,647
Mozambique,MZ,MOZ,Africa,2023,gdp_per_capita_current_usd,623
Mozambique,MZ,MOZ,Africa,2022,gdp_per_capita_current_usd,578
Mozambique,MZ,MOZ,Africa,2021,gdp_per_capita_current_usd,510
Mozambique,MZ,MOZ,Africa,2020,gdp_per_capita_current_usd,462
Mozambique,MZ,MOZ,Africa,2019,gdp_per_capita_current_usd,519
Mozambique,MZ,MOZ,Africa,2018,gdp_per_capita_current_usd,518
Mozambique,MZ,MOZ,Africa,2017,gdp_per_capita_current_usd,471
Mozambique,MZ,MOZ,Africa,2016,gdp_per_capita_current_usd,441
Mozambique,MZ,MOZ,Africa,2015,gdp_per_capita_current_usd,611
Mozambique,MZ,MOZ,Africa,2014,gdp_per_capita_current_usd,697
Mozambique,MZ,MOZ,Africa,2013,gdp_per_capita_current_usd,687
Mozambique,MZ,MOZ,Africa,2012,gdp_per_capita_current_usd,686
Mozambique,MZ,MOZ,Africa,2011,gdp_per_capita_current_usd,618
Mozambique,MZ,MOZ,Africa,2010,gdp_per_capita_current_usd,496
Mozambique,MZ,MOZ,Africa,2009,gdp_per_capita_current_usd,548
Mozambique,MZ,MOZ,Africa,2008,gdp_per_capita_current_usd,592
Mozambique,MZ,MOZ,Africa,2007,gdp_per_capita_current_usd,508
Mozambique,MZ,MOZ,Africa,2006,gdp_per_capita_current_usd,457
Mozambique,MZ,MOZ,Africa,2005,gdp_per_capita_current_usd,437
Mozambique,MZ,MOZ,Africa,2004,gdp_per_capita_current_usd,400
Mozambique,MZ,MOZ,Africa,2003,gdp_per_capita_current_usd,339
Mozambique,MZ,MOZ,Africa,2002,gdp_per_capita_current_usd,314
Mozambique,MZ,MOZ,Africa,2001,gdp_per_capita_current_usd,305
Mozambique,MZ,MOZ,Africa,2000,gdp_per_capita_current_usd,327
Mozambique,MZ,MOZ,Africa,2024,population_total,34631766
Mozambique,MZ,MOZ,Africa,2023,population_total,33635160
Mozambique,MZ,MOZ,Africa,2022,population_total,32656246
Mozambique,MZ,MOZ,Africa,2021,population_total,31707800
Mozambique,MZ,MOZ,Africa,2020,population_total,30783688
Mozambique,MZ,MOZ,Africa,2019,population_total,29884380
Mozambique,MZ,MOZ,Africa,2018,population_total,29018644
Mozambique,MZ,MOZ,Africa,2017,population_total,28166393
Mozambique,MZ,MOZ,Africa,2016,population_total,27337105
Mozambique,MZ,MOZ,Africa,2015,population_total,26547572
Mozambique,MZ,MOZ,Africa,2014,population_total,25788475
Mozambique,MZ,MOZ,Africa,2013,population_total,25051611
Mozambique,MZ,MOZ,Africa,2012,population_total,24337846
Mozambique,MZ,MOZ,Africa,2011,population_total,23649039
Mozambique,MZ,MOZ,Africa,2010,population_total,22999235
Mozambique,MZ,MOZ,Africa,2009,population_total,22391745
Mozambique,MZ,MOZ,Africa,2008,population_total,21819036
Mozambique,MZ,MOZ,Africa,2007,population_total,21287635
Mozambique,MZ,MOZ,Africa,2006,population_total,20787087
Mozambique,MZ,MOZ,Africa,2005,population_total,20304569
Mozambique,MZ,MOZ,Africa,2004,population_total,19840313
Mozambique,MZ,MOZ,Africa,2003,population_total,19392475
Mozambique,MZ,MOZ,Africa,2002,population_total,18958338
Mozambique,MZ,MOZ,Africa,2001,population_total,18537729
Mozambique,MZ,MOZ,Africa,2000,population_total,18129653
Mauritania,MR,MRT,Africa,2024,gdp_current_usd,10766731874
Mauritania,MR,MRT,Africa,2023,gdp_current_usd,10651709314
Mauritania,MR,MRT,Africa,2022,gdp_current_usd,9557966698
Mauritania,MR,MRT,Africa,2021,gdp_current_usd,9222536364
Mauritania,MR,MRT,Africa,2020,gdp_current_usd,8260752385
Mauritania,MR,MRT,Africa,2019,gdp_current_usd,7894764886
Mauritania,MR,MRT,Africa,2018,gdp_current_usd,7473550557
Mauritania,MR,MRT,Africa,2017,gdp_current_usd,6800135898
Mauritania,MR,MRT,Africa,2016,gdp_current_usd,6398747592
Mauritania,MR,MRT,Africa,2015,gdp_current_usd,6166863897
Mauritania,MR,MRT,Africa,2014,gdp_current_usd,6592537782
Mauritania,MR,MRT,Africa,2013,gdp_current_usd,7223071097
Mauritania,MR,MRT,Africa,2012,gdp_current_usd,6728208836
Mauritania,MR,MRT,Africa,2011,gdp_current_usd,6764627746
Mauritania,MR,MRT,Africa,2010,gdp_current_usd,5628878798
Mauritania,MR,MRT,Africa,2009,gdp_current_usd,4714595548
Mauritania,MR,MRT,Africa,2008,gdp_current_usd,5206437194
Mauritania,MR,MRT,Africa,2007,gdp_current_usd,4346212355
Mauritania,MR,MRT,Africa,2006,gdp_current_usd,3919577286
Mauritania,MR,MRT,Africa,2005,gdp_current_usd,2936019526
Mauritania,MR,MRT,Africa,2004,gdp_current_usd,2362501023
Mauritania,MR,MRT,Africa,2003,gdp_current_usd,2051147607
Mauritania,MR,MRT,Africa,2002,gdp_current_usd,1777057481
Mauritania,MR,MRT,Africa,2001,gdp_current_usd,1746063558
Mauritania,MR,MRT,Africa,2000,gdp_current_usd,1779520886
Mauritania,MR,MRT,Africa,2024,gdp_per_capita_current_usd,2083
Mauritania,MR,MRT,Africa,2023,gdp_per_capita_current_usd,2121
Mauritania,MR,MRT,Africa,2022,gdp_per_capita_current_usd,1960
Mauritania,MR,MRT,Africa,2021,gdp_per_capita_current_usd,1948
Mauritania,MR,MRT,Africa,2020,gdp_per_capita_current_usd,1796
Mauritania,MR,MRT,Africa,2019,gdp_per_capita_current_usd,1767
Mauritania,MR,MRT,Africa,2018,gdp_per_capita_current_usd,1723
Mauritania,MR,MRT,Africa,2017,gdp_per_capita_current_usd,1615
Mauritania,MR,MRT,Africa,2016,gdp_per_capita_current_usd,1566
Mauritania,MR,MRT,Africa,2015,gdp_per_capita_current_usd,1555
Mauritania,MR,MRT,Africa,2014,gdp_per_capita_current_usd,1713
Mauritania,MR,MRT,Africa,2013,gdp_per_capita_current_usd,1934
Mauritania,MR,MRT,Africa,2012,gdp_per_capita_current_usd,1859
Mauritania,MR,MRT,Africa,2011,gdp_per_capita_current_usd,1931
Mauritania,MR,MRT,Africa,2010,gdp_per_capita_current_usd,1660
Mauritania,MR,MRT,Africa,2009,gdp_per_capita_current_usd,1435
Mauritania,MR,MRT,Africa,2008,gdp_per_capita_current_usd,1636
Mauritania,MR,MRT,Africa,2007,gdp_per_capita_current_usd,1405
Mauritania,MR,MRT,Africa,2006,gdp_per_capita_current_usd,1301
Mauritania,MR,MRT,Africa,2005,gdp_per_capita_current_usd,999
Mauritania,MR,MRT,Africa,2004,gdp_per_capita_current_usd,824
Mauritania,MR,MRT,Africa,2003,gdp_per_capita_current_usd,732
Mauritania,MR,MRT,Africa,2002,gdp_per_capita_current_usd,649
Mauritania,MR,MRT,Africa,2001,gdp_per_capita_current_usd,652
Mauritania,MR,MRT,Africa,2000,gdp_per_capita_current_usd,681
Mauritania,MR,MRT,Africa,2024,population_total,5169395
Mauritania,MR,MRT,Africa,2023,population_total,5022441
Mauritania,MR,MRT,Africa,2022,population_total,4875637
Mauritania,MR,MRT,Africa,2021,population_total,4734874
Mauritania,MR,MRT,Africa,2020,population_total,4600131
Mauritania,MR,MRT,Africa,2019,population_total,4467708
Mauritania,MR,MRT,Africa,2018,population_total,4337685
Mauritania,MR,MRT,Africa,2017,population_total,4210600
Mauritania,MR,MRT,Africa,2016,population_total,4086657
Mauritania,MR,MRT,Africa,2015,population_total,3965959
Mauritania,MR,MRT,Africa,2014,population_total,3848514
Mauritania,MR,MRT,Africa,2013,population_total,3734318
Mauritania,MR,MRT,Africa,2012,population_total,3619034
Mauritania,MR,MRT,Africa,2011,population_total,3502811
Mauritania,MR,MRT,Africa,2010,population_total,3390965
Mauritania,MR,MRT,Africa,2009,population_total,3284448
Mauritania,MR,MRT,Africa,2008,population_total,3183269
Mauritania,MR,MRT,Africa,2007,population_total,3093059
Mauritania,MR,MRT,Africa,2006,population_total,3013660
Mauritania,MR,MRT,Africa,2005,population_total,2939059
Mauritania,MR,MRT,Africa,2004,population_total,2868664
Mauritania,MR,MRT,Africa,2003,population_total,2802046
Mauritania,MR,MRT,Africa,2002,population_total,2738655
Mauritania,MR,MRT,Africa,2001,population_total,2678760
Mauritania,MR,MRT,Africa,2000,population_total,2613441
Mauritius,MU,MUS,Africa,2024,gdp_current_usd,14952555415
Mauritius,MU,MUS,Africa,2023,gdp_current_usd,14101195733
Mauritius,MU,MUS,Africa,2022,gdp_current_usd,12907767790
Mauritius,MU,MUS,Africa,2021,gdp_current_usd,11484348858
Mauritius,MU,MUS,Africa,2020,gdp_current_usd,11408106446
Mauritius,MU,MUS,Africa,2019,gdp_current_usd,14436346980
Mauritius,MU,MUS,Africa,2018,gdp_current_usd,14735695931
Mauritius,MU,MUS,Africa,2017,gdp_current_usd,13713506131
Mauritius,MU,MUS,Africa,2016,gdp_current_usd,12594155464
Mauritius,MU,MUS,Africa,2015,gdp_current_usd,12007291046
Mauritius,MU,MUS,Africa,2014,gdp_current_usd,13074129952
Mauritius,MU,MUS,Africa,2013,gdp_current_usd,12292974141
Mauritius,MU,MUS,Africa,2012,gdp_current_usd,11668696397
Mauritius,MU,MUS,Africa,2011,gdp_current_usd,11518413430
Mauritius,MU,MUS,Africa,2010,gdp_current_usd,10003670690
Mauritius,MU,MUS,Africa,2009,gdp_current_usd,9128843109
Mauritius,MU,MUS,Africa,2008,gdp_current_usd,9990356674
Mauritius,MU,MUS,Africa,2007,gdp_current_usd,8150150209
Mauritius,MU,MUS,Africa,2006,gdp_current_usd,7028810681
Mauritius,MU,MUS,Africa,2005,gdp_current_usd,6576108447
Mauritius,MU,MUS,Africa,2004,gdp_current_usd,6667418752
Mauritius,MU,MUS,Africa,2003,gdp_current_usd,5894873920
Mauritius,MU,MUS,Africa,2002,gdp_current_usd,4906494249
Mauritius,MU,MUS,Africa,2001,gdp_current_usd,4675755867
Mauritius,MU,MUS,Africa,2000,gdp_current_usd,4726108622
Mauritius,MU,MUS,Africa,2024,gdp_per_capita_current_usd,11872
Mauritius,MU,MUS,Africa,2023,gdp_per_capita_current_usd,11182
Mauritius,MU,MUS,Africa,2022,gdp_per_capita_current_usd,10224
Mauritius,MU,MUS,Africa,2021,gdp_per_capita_current_usd,9069
Mauritius,MU,MUS,Africa,2020,gdp_per_capita_current_usd,9011
Mauritius,MU,MUS,Africa,2019,gdp_per_capita_current_usd,11403
Mauritius,MU,MUS,Africa,2018,gdp_per_capita_current_usd,11643
Mauritius,MU,MUS,Africa,2017,gdp_per_capita_current_usd,10842
Mauritius,MU,MUS,Africa,2016,gdp_per_capita_current_usd,9966
Mauritius,MU,MUS,Africa,2015,gdp_per_capita_current_usd,9508
Mauritius,MU,MUS,Africa,2014,gdp_per_capita_current_usd,10366
Mauritius,MU,MUS,Africa,2013,gdp_per_capita_current_usd,9765
Mauritius,MU,MUS,Africa,2012,gdp_per_capita_current_usd,9291
Mauritius,MU,MUS,Africa,2011,gdp_per_capita_current_usd,9197
Mauritius,MU,MUS,Africa,2010,gdp_per_capita_current_usd,8000
Mauritius,MU,MUS,Africa,2009,gdp_per_capita_current_usd,7318
Mauritius,MU,MUS,Africa,2008,gdp_per_capita_current_usd,8030
Mauritius,MU,MUS,Africa,2007,gdp_per_capita_current_usd,6575
Mauritius,MU,MUS,Africa,2006,gdp_per_capita_current_usd,5696
Mauritius,MU,MUS,Africa,2005,gdp_per_capita_current_usd,5354
Mauritius,MU,MUS,Africa,2004,gdp_per_capita_current_usd,5461
Mauritius,MU,MUS,Africa,2003,gdp_per_capita_current_usd,4858
Mauritius,MU,MUS,Africa,2002,gdp_per_capita_current_usd,4073
Mauritius,MU,MUS,Africa,2001,gdp_per_capita_current_usd,3909
Mauritius,MU,MUS,Africa,2000,gdp_per_capita_current_usd,3982
Mauritius,MU,MUS,Africa,2024,population_total,1259509
Mauritius,MU,MUS,Africa,2023,population_total,1261041
Mauritius,MU,MUS,Africa,2022,population_total,1262523
Mauritius,MU,MUS,Africa,2021,population_total,1266334
Mauritius,MU,MUS,Africa,2020,population_total,1266014
Mauritius,MU,MUS,Africa,2019,population_total,1265985
Mauritius,MU,MUS,Africa,2018,population_total,1265577
Mauritius,MU,MUS,Africa,2017,population_total,1264887
Mauritius,MU,MUS,Africa,2016,population_total,1263747
Mauritius,MU,MUS,Africa,2015,population_total,1262879
Mauritius,MU,MUS,Africa,2014,population_total,1261208
Mauritius,MU,MUS,Africa,2013,population_total,1258927
Mauritius,MU,MUS,Africa,2012,population_total,1255882
Mauritius,MU,MUS,Africa,2011,population_total,1252404
Mauritius,MU,MUS,Africa,2010,population_total,1250400
Mauritius,MU,MUS,Africa,2009,population_total,1247429
Mauritius,MU,MUS,Africa,2008,population_total,1244121
Mauritius,MU,MUS,Africa,2007,population_total,1239630
Mauritius,MU,MUS,Africa,2006,population_total,1233996
Mauritius,MU,MUS,Africa,2005,population_total,1228254
Mauritius,MU,MUS,Africa,2004,population_total,1221003
Mauritius,MU,MUS,Africa,2003,population_total,1213370
Mauritius,MU,MUS,Africa,2002,population_total,1204621
Mauritius,MU,MUS,Africa,2001,population_total,1196287
Mauritius,MU,MUS,Africa,2000,population_total,1186873
Malawi,MW,MWI,Africa,2024,gdp_current_usd,11008925323
Malawi,MW,MWI,Africa,2023,gdp_current_usd,12712150082
Malawi,MW,MWI,Africa,2022,gdp_current_usd,12429060151
Malawi,MW,MWI,Africa,2021,gdp_current_usd,12378129751
Malawi,MW,MWI,Africa,2020,gdp_current_usd,11769313598
Malawi,MW,MWI,Africa,2019,gdp_current_usd,11051865580
Malawi,MW,MWI,Africa,2018,gdp_current_usd,9879231592
Malawi,MW,MWI,Africa,2017,gdp_current_usd,8943543794
Malawi,MW,MWI,Africa,2016,gdp_current_usd,7909868618
Malawi,MW,MWI,Africa,2015,gdp_current_usd,9219474379
Malawi,MW,MWI,Africa,2014,gdp_current_usd,8801326169
Malawi,MW,MWI,Africa,2013,gdp_current_usd,8031571928
Malawi,MW,MWI,Africa,2012,gdp_current_usd,8773203178
Malawi,MW,MWI,Africa,2011,gdp_current_usd,11648142958
Malawi,MW,MWI,Africa,2010,gdp_current_usd,10128323011
Malawi,MW,MWI,Africa,2009,gdp_current_usd,9009887947
Malawi,MW,MWI,Africa,2008,gdp_current_usd,7743617352
Malawi,MW,MWI,Africa,2007,gdp_current_usd,6451210219
Malawi,MW,MWI,Africa,2006,gdp_current_usd,5818279739
Malawi,MW,MWI,Africa,2005,gdp_current_usd,5320409651
Malawi,MW,MWI,Africa,2004,gdp_current_usd,5058726350
Malawi,MW,MWI,Africa,2003,gdp_current_usd,4669789300
Malawi,MW,MWI,Africa,2002,gdp_current_usd,5087328438
Malawi,MW,MWI,Africa,2001,gdp_current_usd,2498008665
Malawi,MW,MWI,Africa,2000,gdp_current_usd,2537307580
Malawi,MW,MWI,Africa,2024,gdp_per_capita_current_usd,508
Malawi,MW,MWI,Africa,2023,gdp_per_capita_current_usd,602
Malawi,MW,MWI,Africa,2022,gdp_per_capita_current_usd,604
Malawi,MW,MWI,Africa,2021,gdp_per_capita_current_usd,617
Malawi,MW,MWI,Africa,2020,gdp_per_capita_current_usd,603
Malawi,MW,MWI,Africa,2019,gdp_per_capita_current_usd,581
Malawi,MW,MWI,Africa,2018,gdp_per_capita_current_usd,533
Malawi,MW,MWI,Africa,2017,gdp_per_capita_current_usd,496
Malawi,MW,MWI,Africa,2016,gdp_per_capita_current_usd,451
Malawi,MW,MWI,Africa,2015,gdp_per_capita_current_usd,540
Malawi,MW,MWI,Africa,2014,gdp_per_capita_current_usd,530
Malawi,MW,MWI,Africa,2013,gdp_per_capita_current_usd,497
Malawi,MW,MWI,Africa,2012,gdp_per_capita_current_usd,558
Malawi,MW,MWI,Africa,2011,gdp_per_capita_current_usd,763
Malawi,MW,MWI,Africa,2010,gdp_per_capita_current_usd,683
Malawi,MW,MWI,Africa,2009,gdp_per_capita_current_usd,626
Malawi,MW,MWI,Africa,2008,gdp_per_capita_current_usd,554
Malawi,MW,MWI,Africa,2007,gdp_per_capita_current_usd,475
Malawi,MW,MWI,Africa,2006,gdp_per_capita_current_usd,441
Malawi,MW,MWI,Africa,2005,gdp_per_capita_current_usd,414
Malawi,MW,MWI,Africa,2004,gdp_per_capita_current_usd,405
Malawi,MW,MWI,Africa,2003,gdp_per_capita_current_usd,383
Malawi,MW,MWI,Africa,2002,gdp_per_capita_current_usd,428
Malawi,MW,MWI,Africa,2001,gdp_per_capita_current_usd,215
Malawi,MW,MWI,Africa,2000,gdp_per_capita_current_usd,224
Malawi,MW,MWI,Africa,2024,population_total,21655286
Malawi,MW,MWI,Africa,2023,population_total,21104482
Malawi,MW,MWI,Africa,2022,population_total,20568728
Malawi,MW,MWI,Africa,2021,population_total,20047258
Malawi,MW,MWI,Africa,2020,population_total,19533888
Malawi,MW,MWI,Africa,2019,population_total,19025752
Malawi,MW,MWI,Africa,2018,population_total,18528081
Malawi,MW,MWI,Africa,2017,population_total,18039715
Malawi,MW,MWI,Africa,2016,population_total,17557739
Malawi,MW,MWI,Africa,2015,population_total,17085587
Malawi,MW,MWI,Africa,2014,population_total,16621538
Malawi,MW,MWI,Africa,2013,population_total,16161816
Malawi,MW,MWI,Africa,2012,population_total,15709577
Malawi,MW,MWI,Africa,2011,population_total,15265022
Malawi,MW,MWI,Africa,2010,population_total,14826463
Malawi,MW,MWI,Africa,2009,population_total,14395788
Malawi,MW,MWI,Africa,2008,population_total,13976417
Malawi,MW,MWI,Africa,2007,population_total,13576343
Malawi,MW,MWI,Africa,2006,population_total,13198701
Malawi,MW,MWI,Africa,2005,population_total,12840031
Malawi,MW,MWI,Africa,2004,population_total,12500737
Malawi,MW,MWI,Africa,2003,population_total,12181574
Malawi,MW,MWI,Africa,2002,population_total,11880440
Malawi,MW,MWI,Africa,2001,population_total,11593058
Malawi,MW,MWI,Africa,2000,population_total,11315942
Malaysia,MY,MYS,Asia,2024,gdp_current_usd,421972102254
Malaysia,MY,MYS,Asia,2023,gdp_current_usd,399705137434
Malaysia,MY,MYS,Asia,2022,gdp_current_usd,407605841348
Malaysia,MY,MYS,Asia,2021,gdp_current_usd,373784823673
Malaysia,MY,MYS,Asia,2020,gdp_current_usd,337456163961
Malaysia,MY,MYS,Asia,2019,gdp_current_usd,365177721022
Malaysia,MY,MYS,Asia,2018,gdp_current_usd,358788845713
Malaysia,MY,MYS,Asia,2017,gdp_current_usd,319109094160
Malaysia,MY,MYS,Asia,2016,gdp_current_usd,301256033870
Malaysia,MY,MYS,Asia,2015,gdp_current_usd,301355266965
Malaysia,MY,MYS,Asia,2014,gdp_current_usd,338066095097
Malaysia,MY,MYS,Asia,2013,gdp_current_usd,323276235524
Malaysia,MY,MYS,Asia,2012,gdp_current_usd,314443047642
Malaysia,MY,MYS,Asia,2011,gdp_current_usd,297951668675
Malaysia,MY,MYS,Asia,2010,gdp_current_usd,255017638456
Malaysia,MY,MYS,Asia,2009,gdp_current_usd,202257453037
Malaysia,MY,MYS,Asia,2008,gdp_current_usd,230811614370
Malaysia,MY,MYS,Asia,2007,gdp_current_usd,193549569478
Malaysia,MY,MYS,Asia,2006,gdp_current_usd,162692258307
Malaysia,MY,MYS,Asia,2005,gdp_current_usd,143534405819
Malaysia,MY,MYS,Asia,2004,gdp_current_usd,124749473684
Malaysia,MY,MYS,Asia,2003,gdp_current_usd,110202368421
Malaysia,MY,MYS,Asia,2002,gdp_current_usd,100845526316
Malaysia,MY,MYS,Asia,2001,gdp_current_usd,92783947368
Malaysia,MY,MYS,Asia,2000,gdp_current_usd,93789736842
Malaysia,MY,MYS,Asia,2024,gdp_per_capita_current_usd,11867
Malaysia,MY,MYS,Asia,2023,gdp_per_capita_current_usd,11379
Malaysia,MY,MYS,Asia,2022,gdp_per_capita_current_usd,11748
Malaysia,MY,MYS,Asia,2021,gdp_per_capita_current_usd,10903
Malaysia,MY,MYS,Asia,2020,gdp_per_capita_current_usd,9958
Malaysia,MY,MYS,Asia,2019,gdp_per_capita_current_usd,10920
Malaysia,MY,MYS,Asia,2018,gdp_per_capita_current_usd,10902
Malaysia,MY,MYS,Asia,2017,gdp_per_capita_current_usd,9863
Malaysia,MY,MYS,Asia,2016,gdp_per_capita_current_usd,9477
Malaysia,MY,MYS,Asia,2015,gdp_per_capita_current_usd,9649
Malaysia,MY,MYS,Asia,2014,gdp_per_capita_current_usd,11013
Malaysia,MY,MYS,Asia,2013,gdp_per_capita_current_usd,10714
Malaysia,MY,MYS,Asia,2012,gdp_per_capita_current_usd,10601
Malaysia,MY,MYS,Asia,2011,gdp_per_capita_current_usd,10217
Malaysia,MY,MYS,Asia,2010,gdp_per_capita_current_usd,8899
Malaysia,MY,MYS,Asia,2009,gdp_per_capita_current_usd,7191
Malaysia,MY,MYS,Asia,2008,gdp_per_capita_current_usd,8372
Malaysia,MY,MYS,Asia,2007,gdp_per_capita_current_usd,7169
Malaysia,MY,MYS,Asia,2006,gdp_per_capita_current_usd,6158
Malaysia,MY,MYS,Asia,2005,gdp_per_capita_current_usd,5556
Malaysia,MY,MYS,Asia,2004,gdp_per_capita_current_usd,4939
Malaysia,MY,MYS,Asia,2003,gdp_per_capita_current_usd,4465
Malaysia,MY,MYS,Asia,2002,gdp_per_capita_current_usd,4184
Malaysia,MY,MYS,Asia,2001,gdp_per_capita_current_usd,3944
Malaysia,MY,MYS,Asia,2000,gdp_per_capita_current_usd,4084
Malaysia,MY,MYS,Asia,2024,population_total,35557673
Malaysia,MY,MYS,Asia,2023,population_total,35126298
Malaysia,MY,MYS,Asia,2022,population_total,34695493
Malaysia,MY,MYS,Asia,2021,population_total,34282399
Malaysia,MY,MYS,Asia,2020,population_total,33889558
Malaysia,MY,MYS,Asia,2019,population_total,33440596
Malaysia,MY,MYS,Asia,2018,population_total,32910967
Malaysia,MY,MYS,Asia,2017,population_total,32355644
Malaysia,MY,MYS,Asia,2016,population_total,31789685
Malaysia,MY,MYS,Asia,2015,population_total,31232798
Malaysia,MY,MYS,Asia,2014,population_total,30696137
Malaysia,MY,MYS,Asia,2013,population_total,30174265
Malaysia,MY,MYS,Asia,2012,population_total,29662831
Malaysia,MY,MYS,Asia,2011,population_total,29162039
Malaysia,MY,MYS,Asia,2010,population_total,28655776
Malaysia,MY,MYS,Asia,2009,population_total,28124778
Malaysia,MY,MYS,Asia,2008,population_total,27570059
Malaysia,MY,MYS,Asia,2007,population_total,26998389
Malaysia,MY,MYS,Asia,2006,population_total,26417909
Malaysia,MY,MYS,Asia,2005,population_total,25836071
Malaysia,MY,MYS,Asia,2004,population_total,25256772
Malaysia,MY,MYS,Asia,2003,population_total,24679602
Malaysia,MY,MYS,Asia,2002,population_total,24102477
Malaysia,MY,MYS,Asia,2001,population_total,23526538
Malaysia,MY,MYS,Asia,2000,population_total,22967816
Namibia,,NAM,Africa,2024,gdp_current_usd,13372354269
Namibia,,NAM,Africa,2023,gdp_current_usd,12408271448
Namibia,,NAM,Africa,2022,gdp_current_usd,12569449123
Namibia,,NAM,Africa,2021,gdp_current_usd,12402486184
Namibia,,NAM,Africa,2020,gdp_current_usd,10583748542
Namibia,,NAM,Africa,2019,gdp_current_usd,12541928303
Namibia,,NAM,Africa,2018,gdp_current_usd,13682019076
Namibia,,NAM,Africa,2017,gdp_current_usd,12895153371
Namibia,,NAM,Africa,2016,gdp_current_usd,10722018732
Namibia,,NAM,Africa,2015,gdp_current_usd,11335161084
Namibia,,NAM,Africa,2014,gdp_current_usd,12435430970
Namibia,,NAM,Africa,2013,gdp_current_usd,12043307277
Namibia,,NAM,Africa,2012,gdp_current_usd,13042053592
Namibia,,NAM,Africa,2011,gdp_current_usd,12523359441
Namibia,,NAM,Africa,2010,gdp_current_usd,11431412421
Namibia,,NAM,Africa,2009,gdp_current_usd,8938847189
Namibia,,NAM,Africa,2008,gdp_current_usd,8607431497
Namibia,,NAM,Africa,2007,gdp_current_usd,8839536476
Namibia,,NAM,Africa,2006,gdp_current_usd,8001779551
Namibia,,NAM,Africa,2005,gdp_current_usd,7248374838
Namibia,,NAM,Africa,2004,gdp_current_usd,6609205995
Namibia,,NAM,Africa,2003,gdp_current_usd,4926439384
Namibia,,NAM,Africa,2002,gdp_current_usd,3349169826
Namibia,,NAM,Africa,2001,gdp_current_usd,3557341215
Namibia,,NAM,Africa,2000,gdp_current_usd,3922232165
Namibia,,NAM,Africa,2024,gdp_per_capita_current_usd,4413
Namibia,,NAM,Africa,2023,gdp_per_capita_current_usd,4188
Namibia,,NAM,Africa,2022,gdp_per_capita_current_usd,4350
Namibia,,NAM,Africa,2021,gdp_per_capita_current_usd,4413
Namibia,,NAM,Africa,2020,gdp_per_capita_current_usd,3879
Namibia,,NAM,Africa,2019,gdp_per_capita_current_usd,4732
Namibia,,NAM,Africa,2018,gdp_per_capita_current_usd,5309
Namibia,,NAM,Africa,2017,gdp_per_capita_current_usd,5144
Namibia,,NAM,Africa,2016,gdp_per_capita_current_usd,4396
Namibia,,NAM,Africa,2015,gdp_per_capita_current_usd,4774
Namibia,,NAM,Africa,2014,gdp_per_capita_current_usd,5378
Namibia,,NAM,Africa,2013,gdp_per_capita_current_usd,5347
Namibia,,NAM,Africa,2012,gdp_per_capita_current_usd,5943
Namibia,,NAM,Africa,2011,gdp_per_capita_current_usd,5835
Namibia,,NAM,Africa,2010,gdp_per_capita_current_usd,5418
Namibia,,NAM,Africa,2009,gdp_per_capita_current_usd,4303
Namibia,,NAM,Africa,2008,gdp_per_capita_current_usd,4205
Namibia,,NAM,Africa,2007,gdp_per_capita_current_usd,4379
Namibia,,NAM,Africa,2006,gdp_per_capita_current_usd,4017
Namibia,,NAM,Africa,2005,gdp_per_capita_current_usd,3686
Namibia,,NAM,Africa,2004,gdp_per_capita_current_usd,3403
Namibia,,NAM,Africa,2003,gdp_per_capita_current_usd,2569
Namibia,,NAM,Africa,2002,gdp_per_capita_current_usd,1772
Namibia,,NAM,Africa,2001,gdp_per_capita_current_usd,1916
Namibia,,NAM,Africa,2000,gdp_per_capita_current_usd,2157
Namibia,,NAM,Africa,2024,population_total,3030131
Namibia,,NAM,Africa,2023,population_total,2963095
Namibia,,NAM,Africa,2022,population_total,2889662
Namibia,,NAM,Africa,2021,population_total,2810548
Namibia,,NAM,Africa,2020,population_total,2728762
Namibia,,NAM,Africa,2019,population_total,2650494
Namibia,,NAM,Africa,2018,population_total,2577327
Namibia,,NAM,Africa,2017,population_total,2506853
Namibia,,NAM,Africa,2016,population_total,2439213
Namibia,,NAM,Africa,2015,population_total,2374300
Namibia,,NAM,Africa,2014,population_total,2312139
Namibia,,NAM,Africa,2013,population_total,2252508
Namibia,,NAM,Africa,2012,population_total,2194654
Namibia,,NAM,Africa,2011,population_total,2146325
Namibia,,NAM,Africa,2010,population_total,2109811
Namibia,,NAM,Africa,2009,population_total,2077394
Namibia,,NAM,Africa,2008,population_total,2047056
Namibia,,NAM,Africa,2007,population_total,2018600
Namibia,,NAM,Africa,2006,population_total,1991888
Namibia,,NAM,Africa,2005,population_total,1966582
Namibia,,NAM,Africa,2004,population_total,1942082
Namibia,,NAM,Africa,2003,population_total,1917464
Namibia,,NAM,Africa,2002,population_total,1889970
Namibia,,NAM,Africa,2001,population_total,1857048
Namibia,,NAM,Africa,2000,population_total,1818647
New Caledonia,NC,NCL,Oceania,2022,gdp_current_usd,9623318718
New Caledonia,NC,NCL,Oceania,2021,gdp_current_usd,10071349664
New Caledonia,NC,NCL,Oceania,2020,gdp_current_usd,9454629468
New Caledonia,NC,NCL,Oceania,2019,gdp_current_usd,9475655325
New Caledonia,NC,NCL,Oceania,2018,gdp_current_usd,9896402284
New Caledonia,NC,NCL,Oceania,2017,gdp_current_usd,9174048682
New Caledonia,NC,NCL,Oceania,2016,gdp_current_usd,8724568955
New Caledonia,NC,NCL,Oceania,2015,gdp_current_usd,8738203074
New Caledonia,NC,NCL,Oceania,2014,gdp_current_usd,10635035595
New Caledonia,NC,NCL,Oceania,2013,gdp_current_usd,10151382933
New Caledonia,NC,NCL,Oceania,2012,gdp_current_usd,9659151917
New Caledonia,NC,NCL,Oceania,2011,gdp_current_usd,10351448005
New Caledonia,NC,NCL,Oceania,2010,gdp_current_usd,9364350077
New Caledonia,NC,NCL,Oceania,2009,gdp_current_usd,8704438102
New Caledonia,NC,NCL,Oceania,2008,gdp_current_usd,9067619760
New Caledonia,NC,NCL,Oceania,2007,gdp_current_usd,8819917180
New Caledonia,NC,NCL,Oceania,2006,gdp_current_usd,6979155388
New Caledonia,NC,NCL,Oceania,2005,gdp_current_usd,6238629487
New Caledonia,NC,NCL,Oceania,2004,gdp_current_usd,5895008978
New Caledonia,NC,NCL,Oceania,2003,gdp_current_usd,4915353827
New Caledonia,NC,NCL,Oceania,2002,gdp_current_usd,3740056748
New Caledonia,NC,NCL,Oceania,2001,gdp_current_usd,3297734891
New Caledonia,NC,NCL,Oceania,2000,gdp_current_usd,3420032041
New Caledonia,NC,NCL,Oceania,2022,gdp_per_capita_current_usd,33516
New Caledonia,NC,NCL,Oceania,2021,gdp_per_capita_current_usd,35312
New Caledonia,NC,NCL,Oceania,2020,gdp_per_capita_current_usd,33270
New Caledonia,NC,NCL,Oceania,2019,gdp_per_capita_current_usd,33411
New Caledonia,NC,NCL,Oceania,2018,gdp_per_capita_current_usd,34903
New Caledonia,NC,NCL,Oceania,2017,gdp_per_capita_current_usd,32355
New Caledonia,NC,NCL,Oceania,2016,gdp_per_capita_current_usd,30783
New Caledonia,NC,NCL,Oceania,2015,gdp_per_capita_current_usd,30859
New Caledonia,NC,NCL,Oceania,2014,gdp_per_capita_current_usd,37817
New Caledonia,NC,NCL,Oceania,2013,gdp_per_capita_current_usd,36671
New Caledonia,NC,NCL,Oceania,2012,gdp_per_capita_current_usd,35560
New Caledonia,NC,NCL,Oceania,2011,gdp_per_capita_current_usd,38836
New Caledonia,NC,NCL,Oceania,2010,gdp_per_capita_current_usd,35799
New Caledonia,NC,NCL,Oceania,2009,gdp_per_capita_current_usd,33836
New Caledonia,NC,NCL,Oceania,2008,gdp_per_capita_current_usd,35724
New Caledonia,NC,NCL,Oceania,2007,gdp_per_capita_current_usd,35178
New Caledonia,NC,NCL,Oceania,2006,gdp_per_capita_current_usd,28193
New Caledonia,NC,NCL,Oceania,2005,gdp_per_capita_current_usd,25528
New Caledonia,NC,NCL,Oceania,2004,gdp_per_capita_current_usd,24476
New Caledonia,NC,NCL,Oceania,2003,gdp_per_capita_current_usd,20768
New Caledonia,NC,NCL,Oceania,2002,gdp_per_capita_current_usd,16105
New Caledonia,NC,NCL,Oceania,2001,gdp_per_capita_current_usd,14482
New Caledonia,NC,NCL,Oceania,2000,gdp_per_capita_current_usd,15330
New Caledonia,NC,NCL,Oceania,2024,population_total,292639
New Caledonia,NC,NCL,Oceania,2023,population_total,289870
New Caledonia,NC,NCL,Oceania,2022,population_total,287123
New Caledonia,NC,NCL,Oceania,2021,population_total,285214
New Caledonia,NC,NCL,Oceania,2020,population_total,284176
New Caledonia,NC,NCL,Oceania,2019,population_total,283606
New Caledonia,NC,NCL,Oceania,2018,population_total,283541
New Caledonia,NC,NCL,Oceania,2017,population_total,283546
New Caledonia,NC,NCL,Oceania,2016,population_total,283423
New Caledonia,NC,NCL,Oceania,2015,population_total,283168
New Caledonia,NC,NCL,Oceania,2014,population_total,281224
New Caledonia,NC,NCL,Oceania,2013,population_total,276822
New Caledonia,NC,NCL,Oceania,2012,population_total,271633
New Caledonia,NC,NCL,Oceania,2011,population_total,266543
New Caledonia,NC,NCL,Oceania,2010,population_total,261582
New Caledonia,NC,NCL,Oceania,2009,population_total,257250
New Caledonia,NC,NCL,Oceania,2008,population_total,253825
New Caledonia,NC,NCL,Oceania,2007,population_total,250725
New Caledonia,NC,NCL,Oceania,2006,population_total,247547
New Caledonia,NC,NCL,Oceania,2005,population_total,244381
New Caledonia,NC,NCL,Oceania,2004,population_total,240852
New Caledonia,NC,NCL,Oceania,2003,population_total,236678
New Caledonia,NC,NCL,Oceania,2002,population_total,232236
New Caledonia,NC,NCL,Oceania,2001,population_total,227707
New Caledonia,NC,NCL,Oceania,2000,population_total,223098
Niger,NE,NER,Africa,2024,gdp_current_usd,19537639288
Niger,NE,NER,Africa,2023,gdp_current_usd,16698786973
Niger,NE,NER,Africa,2022,gdp_current_usd,15433852714
Niger,NE,NER,Africa,2021,gdp_current_usd,14915002436
Niger,NE,NER,Africa,2020,gdp_current_usd,13744653103
Niger,NE,NER,Africa,2019,gdp_current_usd,12889555561
Niger,NE,NER,Africa,2018,gdp_current_usd,12837307497
Niger,NE,NER,Africa,2017,gdp_current_usd,11185104252
Niger,NE,NER,Africa,2016,gdp_current_usd,10398861982
Niger,NE,NER,Africa,2015,gdp_current_usd,9683867926
Niger,NE,NER,Africa,2014,gdp_current_usd,10862943544
Niger,NE,NER,Africa,2013,gdp_current_usd,10224897438
Niger,NE,NER,Africa,2012,gdp_current_usd,9426912648
Niger,NE,NER,Africa,2011,gdp_current_usd,8772950778
Niger,NE,NER,Africa,2010,gdp_current_usd,7851192502
Niger,NE,NER,Africa,2009,gdp_current_usd,7352131310
Niger,NE,NER,Africa,2008,gdp_current_usd,7297600226
Niger,NE,NER,Africa,2007,gdp_current_usd,5731485052
Niger,NE,NER,Africa,2006,gdp_current_usd,4756361252
Niger,NE,NER,Africa,2005,gdp_current_usd,4383315965
Niger,NE,NER,Africa,2004,gdp_current_usd,3760443738
Niger,NE,NER,Africa,2003,gdp_current_usd,3394084732
Niger,NE,NER,Africa,2002,gdp_current_usd,2782192879
Niger,NE,NER,Africa,2001,gdp_current_usd,2448714704
Niger,NE,NER,Africa,2000,gdp_current_usd,2241753193
Niger,NE,NER,Africa,2024,gdp_per_capita_current_usd,723
Niger,NE,NER,Africa,2023,gdp_per_capita_current_usd,638
Niger,NE,NER,Africa,2022,gdp_per_capita_current_usd,610
Niger,NE,NER,Africa,2021,gdp_per_capita_current_usd,609
Niger,NE,NER,Africa,2020,gdp_per_capita_current_usd,580
Niger,NE,NER,Africa,2019,gdp_per_capita_current_usd,562
Niger,NE,NER,Africa,2018,gdp_per_capita_current_usd,579
Niger,NE,NER,Africa,2017,gdp_per_capita_current_usd,522
Niger,NE,NER,Africa,2016,gdp_per_capita_current_usd,503
Niger,NE,NER,Africa,2015,gdp_per_capita_current_usd,486
Niger,NE,NER,Africa,2014,gdp_per_capita_current_usd,565
Niger,NE,NER,Africa,2013,gdp_per_capita_current_usd,552
Niger,NE,NER,Africa,2012,gdp_per_capita_current_usd,529
Niger,NE,NER,Africa,2011,gdp_per_capita_current_usd,511
Niger,NE,NER,Africa,2010,gdp_per_capita_current_usd,474
Niger,NE,NER,Africa,2009,gdp_per_capita_current_usd,461
Niger,NE,NER,Africa,2008,gdp_per_capita_current_usd,475
Niger,NE,NER,Africa,2007,gdp_per_capita_current_usd,387
Niger,NE,NER,Africa,2006,gdp_per_capita_current_usd,333
Niger,NE,NER,Africa,2005,gdp_per_capita_current_usd,319
Niger,NE,NER,Africa,2004,gdp_per_capita_current_usd,283
Niger,NE,NER,Africa,2003,gdp_per_capita_current_usd,265
Niger,NE,NER,Africa,2002,gdp_per_capita_current_usd,225
Niger,NE,NER,Africa,2001,gdp_per_capita_current_usd,205
Niger,NE,NER,Africa,2000,gdp_per_capita_current_usd,195
Niger,NE,NER,Africa,2024,population_total,27032412
Niger,NE,NER,Africa,2023,population_total,26159867
Niger,NE,NER,Africa,2022,population_total,25311973
Niger,NE,NER,Africa,2021,population_total,24502140
Niger,NE,NER,Africa,2020,population_total,23717613
Niger,NE,NER,Africa,2019,population_total,22947757
Niger,NE,NER,Africa,2018,population_total,22188069
Niger,NE,NER,Africa,2017,population_total,21435446
Niger,NE,NER,Africa,2016,population_total,20685753
Niger,NE,NER,Africa,2015,population_total,19939498
Niger,NE,NER,Africa,2014,population_total,19215909
Niger,NE,NER,Africa,2013,population_total,18519898
Niger,NE,NER,Africa,2012,population_total,17836769
Niger,NE,NER,Africa,2011,population_total,17176283
Niger,NE,NER,Africa,2010,population_total,16548835
Niger,NE,NER,Africa,2009,population_total,15943675
Niger,NE,NER,Africa,2008,population_total,15361915
Niger,NE,NER,Africa,2007,population_total,14803610
Niger,NE,NER,Africa,2006,population_total,14268581
Niger,NE,NER,Africa,2005,population_total,13756192
Niger,NE,NER,Africa,2004,population_total,13265836
Niger,NE,NER,Africa,2003,population_total,12796984
Niger,NE,NER,Africa,2002,population_total,12349144
Niger,NE,NER,Africa,2001,population_total,11920647
Niger,NE,NER,Africa,2000,population_total,11509630
Nigeria,NG,NGA,Africa,2024,gdp_current_usd,187759703100
Nigeria,NG,NGA,Africa,2023,gdp_current_usd,363846332835
Nigeria,NG,NGA,Africa,2022,gdp_current_usd,477403400101
Nigeria,NG,NGA,Africa,2021,gdp_current_usd,440833635874
Nigeria,NG,NGA,Africa,2020,gdp_current_usd,432198898468
Nigeria,NG,NGA,Africa,2019,gdp_current_usd,474517490844
Nigeria,NG,NGA,Africa,2018,gdp_current_usd,421739251509
Nigeria,NG,NGA,Africa,2017,gdp_current_usd,375745731053
Nigeria,NG,NGA,Africa,2016,gdp_current_usd,404649125252
Nigeria,NG,NGA,Africa,2015,gdp_current_usd,493026682801
Nigeria,NG,NGA,Africa,2014,gdp_current_usd,574183763412
Nigeria,NG,NGA,Africa,2013,gdp_current_usd,520117180314
Nigeria,NG,NGA,Africa,2012,gdp_current_usd,463971018239
Nigeria,NG,NGA,Africa,2011,gdp_current_usd,414466676831
Nigeria,NG,NGA,Africa,2010,gdp_current_usd,366990417129
Nigeria,NG,NGA,Africa,2009,gdp_current_usd,295008835381
Nigeria,NG,NGA,Africa,2008,gdp_current_usd,339476276258
Nigeria,NG,NGA,Africa,2007,gdp_current_usd,278260846800
Nigeria,NG,NGA,Africa,2006,gdp_current_usd,238454997161
Nigeria,NG,NGA,Africa,2005,gdp_current_usd,175670569969
Nigeria,NG,NGA,Africa,2004,gdp_current_usd,135764731646
Nigeria,NG,NGA,Africa,2003,gdp_current_usd,104738954264
Nigeria,NG,NGA,Africa,2002,gdp_current_usd,95054059303
Nigeria,NG,NGA,Africa,2001,gdp_current_usd,73557840064
Nigeria,NG,NGA,Africa,2000,gdp_current_usd,69171451627
Nigeria,NG,NGA,Africa,2024,gdp_per_capita_current_usd,807
Nigeria,NG,NGA,Africa,2023,gdp_per_capita_current_usd,1597
Nigeria,NG,NGA,Africa,2022,gdp_per_capita_current_usd,2139
Nigeria,NG,NGA,Africa,2021,gdp_per_capita_current_usd,2017
Nigeria,NG,NGA,Africa,2020,gdp_per_capita_current_usd,2020
Nigeria,NG,NGA,Africa,2019,gdp_per_capita_current_usd,2265
Nigeria,NG,NGA,Africa,2018,gdp_per_capita_current_usd,2058
Nigeria,NG,NGA,Africa,2017,gdp_per_capita_current_usd,1876
Nigeria,NG,NGA,Africa,2016,gdp_per_capita_current_usd,2070
Nigeria,NG,NGA,Africa,2015,gdp_per_capita_current_usd,2586
Nigeria,NG,NGA,Africa,2014,gdp_per_capita_current_usd,3089
Nigeria,NG,NGA,Africa,2013,gdp_per_capita_current_usd,2873
Nigeria,NG,NGA,Africa,2012,gdp_per_capita_current_usd,2633
Nigeria,NG,NGA,Africa,2011,gdp_per_capita_current_usd,2418
Nigeria,NG,NGA,Africa,2010,gdp_per_capita_current_usd,2202
Nigeria,NG,NGA,Africa,2009,gdp_per_capita_current_usd,1820
Nigeria,NG,NGA,Africa,2008,gdp_per_capita_current_usd,2154
Nigeria,NG,NGA,Africa,2007,gdp_per_capita_current_usd,1816
Nigeria,NG,NGA,Africa,2006,gdp_per_capita_current_usd,1600
Nigeria,NG,NGA,Africa,2005,gdp_per_capita_current_usd,1211
Nigeria,NG,NGA,Africa,2004,gdp_per_capita_current_usd,962
Nigeria,NG,NGA,Africa,2003,gdp_per_capita_current_usd,763
Nigeria,NG,NGA,Africa,2002,gdp_per_capita_current_usd,712
Nigeria,NG,NGA,Africa,2001,gdp_per_capita_current_usd,566
Nigeria,NG,NGA,Africa,2000,gdp_per_capita_current_usd,547
Nigeria,NG,NGA,Africa,2024,population_total,232679478
Nigeria,NG,NGA,Africa,2023,population_total,227882945
Nigeria,NG,NGA,Africa,2022,population_total,223150896
Nigeria,NG,NGA,Africa,2021,population_total,218529286
Nigeria,NG,NGA,Africa,2020,population_total,213996181
Nigeria,NG,NGA,Africa,2019,population_total,209485641
Nigeria,NG,NGA,Africa,2018,population_total,204938755
Nigeria,NG,NGA,Africa,2017,population_total,200254579
Nigeria,NG,NGA,Africa,2016,population_total,195443700
Nigeria,NG,NGA,Africa,2015,population_total,190671878
Nigeria,NG,NGA,Africa,2014,population_total,185896915
Nigeria,NG,NGA,Africa,2013,population_total,181049443
Nigeria,NG,NGA,Africa,2012,population_total,176200625
Nigeria,NG,NGA,Africa,2011,population_total,171379598
Nigeria,NG,NGA,Africa,2010,population_total,166642886
Nigeria,NG,NGA,Africa,2009,population_total,162049464
Nigeria,NG,NGA,Africa,2008,population_total,157595014
Nigeria,NG,NGA,Africa,2007,population_total,153267261
Nigeria,NG,NGA,Africa,2006,population_total,149077334
Nigeria,NG,NGA,Africa,2005,population_total,145017253
Nigeria,NG,NGA,Africa,2004,population_total,141057045
Nigeria,NG,NGA,Africa,2003,population_total,137202644
Nigeria,NG,NGA,Africa,2002,population_total,133471989
Nigeria,NG,NGA,Africa,2001,population_total,129862595
Nigeria,NG,NGA,Africa,2000,population_total,126382494
Nicaragua,NI,NIC,North America,2024,gdp_current_usd,19693982968
Nicaragua,NI,NIC,North America,2023,gdp_current_usd,17805842284
Nicaragua,NI,NIC,North America,2022,gdp_current_usd,15634572502
Nicaragua,NI,NIC,North America,2021,gdp_current_usd,14209020362
Nicaragua,NI,NIC,North America,2020,gdp_current_usd,12726422432
Nicaragua,NI,NIC,North America,2019,gdp_current_usd,12699023614
Nicaragua,NI,NIC,North America,2018,gdp_current_usd,13025221974
Nicaragua,NI,NIC,North America,2017,gdp_current_usd,13785893007
Nicaragua,NI,NIC,North America,2016,gdp_current_usd,13286093388
Nicaragua,NI,NIC,North America,2015,gdp_current_usd,12756696261
Nicaragua,NI,NIC,North America,2014,gdp_current_usd,11880438824
Nicaragua,NI,NIC,North America,2013,gdp_current_usd,10982988249
Nicaragua,NI,NIC,North America,2012,gdp_current_usd,10532017232
Nicaragua,NI,NIC,North America,2011,gdp_current_usd,9774329333
Nicaragua,NI,NIC,North America,2010,gdp_current_usd,8758602233
Nicaragua,NI,NIC,North America,2009,gdp_current_usd,8298702489
Nicaragua,NI,NIC,North America,2008,gdp_current_usd,8496967597
Nicaragua,NI,NIC,North America,2007,gdp_current_usd,7423375015
Nicaragua,NI,NIC,North America,2006,gdp_current_usd,6763672381
Nicaragua,NI,NIC,North America,2005,gdp_current_usd,6321324279
Nicaragua,NI,NIC,North America,2004,gdp_current_usd,5792932838
Nicaragua,NI,NIC,North America,2003,gdp_current_usd,5322228351
Nicaragua,NI,NIC,North America,2002,gdp_current_usd,5223727303
Nicaragua,NI,NIC,North America,2001,gdp_current_usd,5351752034
Nicaragua,NI,NIC,North America,2000,gdp_current_usd,5109587050
Nicaragua,NI,NIC,North America,2024,gdp_per_capita_current_usd,2848
Nicaragua,NI,NIC,North America,2023,gdp_per_capita_current_usd,2609
Nicaragua,NI,NIC,North America,2022,gdp_per_capita_current_usd,2323
Nicaragua,NI,NIC,North America,2021,gdp_per_capita_current_usd,2138
Nicaragua,NI,NIC,North America,2020,gdp_per_capita_current_usd,1938
Nicaragua,NI,NIC,North America,2019,gdp_per_capita_current_usd,1959
Nicaragua,NI,NIC,North America,2018,gdp_per_capita_current_usd,2035
Nicaragua,NI,NIC,North America,2017,gdp_per_capita_current_usd,2183
Nicaragua,NI,NIC,North America,2016,gdp_per_capita_current_usd,2132
Nicaragua,NI,NIC,North America,2015,gdp_per_capita_current_usd,2074
Nicaragua,NI,NIC,North America,2014,gdp_per_capita_current_usd,1958
Nicaragua,NI,NIC,North America,2013,gdp_per_capita_current_usd,1835
Nicaragua,NI,NIC,North America,2012,gdp_per_capita_current_usd,1785
Nicaragua,NI,NIC,North America,2011,gdp_per_capita_current_usd,1680
Nicaragua,NI,NIC,North America,2010,gdp_per_capita_current_usd,1527
Nicaragua,NI,NIC,North America,2009,gdp_per_capita_current_usd,1467
Nicaragua,NI,NIC,North America,2008,gdp_per_capita_current_usd,1524
Nicaragua,NI,NIC,North America,2007,gdp_per_capita_current_usd,1350
Nicaragua,NI,NIC,North America,2006,gdp_per_capita_current_usd,1248
Nicaragua,NI,NIC,North America,2005,gdp_per_capita_current_usd,1183
Nicaragua,NI,NIC,North America,2004,gdp_per_capita_current_usd,1099
Nicaragua,NI,NIC,North America,2003,gdp_per_capita_current_usd,1021
Nicaragua,NI,NIC,North America,2002,gdp_per_capita_current_usd,1014
Nicaragua,NI,NIC,North America,2001,gdp_per_capita_current_usd,1052
Nicaragua,NI,NIC,North America,2000,gdp_per_capita_current_usd,1017
Nicaragua,NI,NIC,North America,2024,population_total,6916140
Nicaragua,NI,NIC,North America,2023,population_total,6823613
Nicaragua,NI,NIC,North America,2022,population_total,6730654
Nicaragua,NI,NIC,North America,2021,population_total,6644741
Nicaragua,NI,NIC,North America,2020,population_total,6565267
Nicaragua,NI,NIC,North America,2019,population_total,6483657
Nicaragua,NI,NIC,North America,2018,population_total,6400080
Nicaragua,NI,NIC,North America,2017,population_total,6316231
Nicaragua,NI,NIC,North America,2016,population_total,6232666
Nicaragua,NI,NIC,North America,2015,population_total,6149417
Nicaragua,NI,NIC,North America,2014,population_total,6066492
Nicaragua,NI,NIC,North America,2013,population_total,5983845
Nicaragua,NI,NIC,North America,2012,population_total,5901287
Nicaragua,NI,NIC,North America,2011,population_total,5819051
Nicaragua,NI,NIC,North America,2010,population_total,5737450
Nicaragua,NI,NIC,North America,2009,population_total,5656601
Nicaragua,NI,NIC,North America,2008,population_total,5576593
Nicaragua,NI,NIC,North America,2007,population_total,5497243
Nicaragua,NI,NIC,North America,2006,population_total,5418855
Nicaragua,NI,NIC,North America,2005,population_total,5342105
Nicaragua,NI,NIC,North America,2004,population_total,5272912
Nicaragua,NI,NIC,North America,2003,population_total,5210963
Nicaragua,NI,NIC,North America,2002,population_total,5149909
Nicaragua,NI,NIC,North America,2001,population_total,5087825
Nicaragua,NI,NIC,North America,2000,population_total,5022633
Netherlands,NL,NLD,Europe,2024,gdp_current_usd,1227543925316
Netherlands,NL,NLD,Europe,2023,gdp_current_usd,1154361305398
Netherlands,NL,NLD,Europe,2022,gdp_current_usd,1046540797549
Netherlands,NL,NLD,Europe,2021,gdp_current_usd,1054472123450
Netherlands,NL,NLD,Europe,2020,gdp_current_usd,932560861701
Netherlands,NL,NLD,Europe,2019,gdp_current_usd,928903005576
Netherlands,NL,NLD,Europe,2018,gdp_current_usd,929733599797
Netherlands,NL,NLD,Europe,2017,gdp_current_usd,848233537846
Netherlands,NL,NLD,Europe,2016,gdp_current_usd,797163949290
Netherlands,NL,NLD,Europe,2015,gdp_current_usd,775743675303
Netherlands,NL,NLD,Europe,2014,gdp_current_usd,901556501756
Netherlands,NL,NLD,Europe,2013,gdp_current_usd,883951539007
Netherlands,NL,NLD,Europe,2012,gdp_current_usd,845689017066
Netherlands,NL,NLD,Europe,2011,gdp_current_usd,913140741333
Netherlands,NL,NLD,Europe,2010,gdp_current_usd,852464982433
Netherlands,NL,NLD,Europe,2009,gdp_current_usd,878954223140
Netherlands,NL,NLD,Europe,2008,gdp_current_usd,957901566041
Netherlands,NL,NLD,Europe,2007,gdp_current_usd,853499460873
Netherlands,NL,NLD,Europe,2006,gdp_current_usd,737593995289
Netherlands,NL,NLD,Europe,2005,gdp_current_usd,688133699636
Netherlands,NL,NLD,Europe,2004,gdp_current_usd,661224886143
Netherlands,NL,NLD,Europe,2003,gdp_current_usd,582435617082
Netherlands,NL,NLD,Europe,2002,gdp_current_usd,475529972123
Netherlands,NL,NLD,Europe,2001,gdp_current_usd,432536219669
Netherlands,NL,NLD,Europe,2000,gdp_current_usd,417649282154
Netherlands,NL,NLD,Europe,2024,gdp_per_capita_current_usd,68219
Netherlands,NL,NLD,Europe,2023,gdp_per_capita_current_usd,64572
Netherlands,NL,NLD,Europe,2022,gdp_per_capita_current_usd,59123
Netherlands,NL,NLD,Europe,2021,gdp_per_capita_current_usd,60142
Netherlands,NL,NLD,Europe,2020,gdp_per_capita_current_usd,53468
Netherlands,NL,NLD,Europe,2019,gdp_per_capita_current_usd,53555
Netherlands,NL,NLD,Europe,2018,gdp_per_capita_current_usd,53955
Netherlands,NL,NLD,Europe,2017,gdp_per_capita_current_usd,49514
Netherlands,NL,NLD,Europe,2016,gdp_per_capita_current_usd,46809
Netherlands,NL,NLD,Europe,2015,gdp_per_capita_current_usd,45794
Netherlands,NL,NLD,Europe,2014,gdp_per_capita_current_usd,53457
Netherlands,NL,NLD,Europe,2013,gdp_per_capita_current_usd,52602
Netherlands,NL,NLD,Europe,2012,gdp_per_capita_current_usd,50474
Netherlands,NL,NLD,Europe,2011,gdp_per_capita_current_usd,54702
Netherlands,NL,NLD,Europe,2010,gdp_per_capita_current_usd,51306
Netherlands,NL,NLD,Europe,2009,gdp_per_capita_current_usd,53172
Netherlands,NL,NLD,Europe,2008,gdp_per_capita_current_usd,58247
Netherlands,NL,NLD,Europe,2007,gdp_per_capita_current_usd,52101
Netherlands,NL,NLD,Europe,2006,gdp_per_capita_current_usd,45124
Netherlands,NL,NLD,Europe,2005,gdp_per_capita_current_usd,42165
Netherlands,NL,NLD,Europe,2004,gdp_per_capita_current_usd,40611
Netherlands,NL,NLD,Europe,2003,gdp_per_capita_current_usd,35897
Netherlands,NL,NLD,Europe,2002,gdp_per_capita_current_usd,29447
Netherlands,NL,NLD,Europe,2001,gdp_per_capita_current_usd,26956
Netherlands,NL,NLD,Europe,2000,gdp_per_capita_current_usd,26225
Netherlands,NL,NLD,Europe,2024,population_total,17994237
Netherlands,NL,NLD,Europe,2023,population_total,17877117
Netherlands,NL,NLD,Europe,2022,population_total,17700982
Netherlands,NL,NLD,Europe,2021,population_total,17533044
Netherlands,NL,NLD,Europe,2020,population_total,17441500
Netherlands,NL,NLD,Europe,2019,population_total,17344874
Netherlands,NL,NLD,Europe,2018,population_total,17231624
Netherlands,NL,NLD,Europe,2017,population_total,17131296
Netherlands,NL,NLD,Europe,2016,population_total,17030314
Netherlands,NL,NLD,Europe,2015,population_total,16939923
Netherlands,NL,NLD,Europe,2014,population_total,16865008
Netherlands,NL,NLD,Europe,2013,population_total,16804432
Netherlands,NL,NLD,Europe,2012,population_total,16754962
Netherlands,NL,NLD,Europe,2011,population_total,16693074
Netherlands,NL,NLD,Europe,2010,population_total,16615394
Netherlands,NL,NLD,Europe,2009,population_total,16530388
Netherlands,NL,NLD,Europe,2008,population_total,16445593
Netherlands,NL,NLD,Europe,2007,population_total,16381696
Netherlands,NL,NLD,Europe,2006,population_total,16346101
Netherlands,NL,NLD,Europe,2005,population_total,16319868
Netherlands,NL,NLD,Europe,2004,population_total,16281779
Netherlands,NL,NLD,Europe,2003,population_total,16225302
Netherlands,NL,NLD,Europe,2002,population_total,16148929
Netherlands,NL,NLD,Europe,2001,population_total,16046180
Netherlands,NL,NLD,Europe,2000,population_total,15925513
Norway,NO,NOR,Europe,2024,gdp_current_usd,483727398216
Norway,NO,NOR,Europe,2023,gdp_current_usd,482949731777
Norway,NO,NOR,Europe,2022,gdp_current_usd,596297651036
Norway,NO,NOR,Europe,2021,gdp_current_usd,503367986030
Norway,NO,NOR,Europe,2020,gdp_current_usd,367633418887
Norway,NO,NOR,Europe,2019,gdp_current_usd,408742840909
Norway,NO,NOR,Europe,2018,gdp_current_usd,439788625884
Norway,NO,NOR,Europe,2017,gdp_current_usd,401745275035
Norway,NO,NOR,Europe,2016,gdp_current_usd,370956547619
Norway,NO,NOR,Europe,2015,gdp_current_usd,388159512246
Norway,NO,NOR,Europe,2014,gdp_current_usd,501736471833
Norway,NO,NOR,Europe,2013,gdp_current_usd,526014468085
Norway,NO,NOR,Europe,2012,gdp_current_usd,512777309841
Norway,NO,NOR,Europe,2011,gdp_current_usd,501360549669
Norway,NO,NOR,Europe,2010,gdp_current_usd,431052143940
Norway,NO,NOR,Europe,2009,gdp_current_usd,387976400617
Norway,NO,NOR,Europe,2008,gdp_current_usd,464917553191
Norway,NO,NOR,Europe,2007,gdp_current_usd,402643260488
Norway,NO,NOR,Europe,2006,gdp_current_usd,346915160682
Norway,NO,NOR,Europe,2005,gdp_current_usd,309978579744
Norway,NO,NOR,Europe,2004,gdp_current_usd,265268662473
Norway,NO,NOR,Europe,2003,gdp_current_usd,229385469337
Norway,NO,NOR,Europe,2002,gdp_current_usd,195914852576
Norway,NO,NOR,Europe,2001,gdp_current_usd,174239354071
Norway,NO,NOR,Europe,2000,gdp_current_usd,171457201936
Norway,NO,NOR,Europe,2024,gdp_per_capita_current_usd,86810
Norway,NO,NOR,Europe,2023,gdp_per_capita_current_usd,87497
Norway,NO,NOR,Europe,2022,gdp_per_capita_current_usd,109270
Norway,NO,NOR,Europe,2021,gdp_per_capita_current_usd,93073
Norway,NO,NOR,Europe,2020,gdp_per_capita_current_usd,68340
Norway,NO,NOR,Europe,2019,gdp_per_capita_current_usd,76431
Norway,NO,NOR,Europe,2018,gdp_per_capita_current_usd,82793
Norway,NO,NOR,Europe,2017,gdp_per_capita_current_usd,76132
Norway,NO,NOR,Europe,2016,gdp_per_capita_current_usd,70867
Norway,NO,NOR,Europe,2015,gdp_per_capita_current_usd,74810
Norway,NO,NOR,Europe,2014,gdp_per_capita_current_usd,97667
Norway,NO,NOR,Europe,2013,gdp_per_capita_current_usd,103554
Norway,NO,NOR,Europe,2012,gdp_per_capita_current_usd,102176
Norway,NO,NOR,Europe,2011,gdp_per_capita_current_usd,101222
Norway,NO,NOR,Europe,2010,gdp_per_capita_current_usd,88163
Norway,NO,NOR,Europe,2009,gdp_per_capita_current_usd,80348
Norway,NO,NOR,Europe,2008,gdp_per_capita_current_usd,97504
Norway,NO,NOR,Europe,2007,gdp_per_capita_current_usd,85502
Norway,NO,NOR,Europe,2006,gdp_per_capita_current_usd,74434
Norway,NO,NOR,Europe,2005,gdp_per_capita_current_usd,67047
Norway,NO,NOR,Europe,2004,gdp_per_capita_current_usd,57769
Norway,NO,NOR,Europe,2003,gdp_per_capita_current_usd,50250
Norway,NO,NOR,Europe,2002,gdp_per_capita_current_usd,43171
Norway,NO,NOR,Europe,2001,gdp_per_capita_current_usd,38602
Norway,NO,NOR,Europe,2000,gdp_per_capita_current_usd,38178
Norway,NO,NOR,Europe,2024,population_total,5572272
Norway,NO,NOR,Europe,2023,population_total,5519594
Norway,NO,NOR,Europe,2022,population_total,5457127
Norway,NO,NOR,Europe,2021,population_total,5408320
Norway,NO,NOR,Europe,2020,population_total,5379475
Norway,NO,NOR,Europe,2019,population_total,5347896
Norway,NO,NOR,Europe,2018,population_total,5311916
Norway,NO,NOR,Europe,2017,population_total,5276968
Norway,NO,NOR,Europe,2016,population_total,5234519
Norway,NO,NOR,Europe,2015,population_total,5188607
Norway,NO,NOR,Europe,2014,population_total,5137232
Norway,NO,NOR,Europe,2013,population_total,5079623
Norway,NO,NOR,Europe,2012,population_total,5018573
Norway,NO,NOR,Europe,2011,population_total,4953088
Norway,NO,NOR,Europe,2010,population_total,4889252
Norway,NO,NOR,Europe,2009,population_total,4828726
Norway,NO,NOR,Europe,2008,population_total,4768212
Norway,NO,NOR,Europe,2007,population_total,4709153
Norway,NO,NOR,Europe,2006,population_total,4660677
Norway,NO,NOR,Europe,2005,population_total,4623291
Norway,NO,NOR,Europe,2004,population_total,4591910
Norway,NO,NOR,Europe,2003,population_total,4564855
Norway,NO,NOR,Europe,2002,population_total,4538159
Norway,NO,NOR,Europe,2001,population_total,4513751
Norway,NO,NOR,Europe,2000,population_total,4490967
Nepal,NP,NPL,Asia,2024,gdp_current_usd,42914268287
Nepal,NP,NPL,Asia,2023,gdp_current_usd,41047772331
Nepal,NP,NPL,Asia,2022,gdp_current_usd,41182939601
Nepal,NP,NPL,Asia,2021,gdp_current_usd,36924841394
Nepal,NP,NPL,Asia,2020,gdp_current_usd,33433659301
Nepal,NP,NPL,Asia,2019,gdp_current_usd,34186180699
Nepal,NP,NPL,Asia,2018,gdp_current_usd,33111525237
Nepal,NP,NPL,Asia,2017,gdp_current_usd,28971588940
Nepal,NP,NPL,Asia,2016,gdp_current_usd,24524109484
Nepal,NP,NPL,Asia,2015,gdp_current_usd,24360801287
Nepal,NP,NPL,Asia,2014,gdp_current_usd,22731612922
Nepal,NP,NPL,Asia,2013,gdp_current_usd,22162204925
Nepal,NP,NPL,Asia,2012,gdp_current_usd,21703100877
Nepal,NP,NPL,Asia,2011,gdp_current_usd,21573872421
Nepal,NP,NPL,Asia,2010,gdp_current_usd,16002656434
Nepal,NP,NPL,Asia,2009,gdp_current_usd,12854985464
Nepal,NP,NPL,Asia,2008,gdp_current_usd,12545438605
Nepal,NP,NPL,Asia,2007,gdp_current_usd,10325618017
Nepal,NP,NPL,Asia,2006,gdp_current_usd,9043715356
Nepal,NP,NPL,Asia,2005,gdp_current_usd,8130258378
Nepal,NP,NPL,Asia,2004,gdp_current_usd,7273938315
Nepal,NP,NPL,Asia,2003,gdp_current_usd,6330473097
Nepal,NP,NPL,Asia,2002,gdp_current_usd,6050875807
Nepal,NP,NPL,Asia,2001,gdp_current_usd,6007055042
Nepal,NP,NPL,Asia,2000,gdp_current_usd,5494252208
Nepal,NP,NPL,Asia,2024,gdp_per_capita_current_usd,1447
Nepal,NP,NPL,Asia,2023,gdp_per_capita_current_usd,1382
Nepal,NP,NPL,Asia,2022,gdp_per_capita_current_usd,1386
Nepal,NP,NPL,Asia,2021,gdp_per_capita_current_usd,1253
Nepal,NP,NPL,Asia,2020,gdp_per_capita_current_usd,1154
Nepal,NP,NPL,Asia,2019,gdp_per_capita_current_usd,1203
Nepal,NP,NPL,Asia,2018,gdp_per_capita_current_usd,1179
Nepal,NP,NPL,Asia,2017,gdp_per_capita_current_usd,1034
Nepal,NP,NPL,Asia,2016,gdp_per_capita_current_usd,877
Nepal,NP,NPL,Asia,2015,gdp_per_capita_current_usd,876
Nepal,NP,NPL,Asia,2014,gdp_per_capita_current_usd,821
Nepal,NP,NPL,Asia,2013,gdp_per_capita_current_usd,803
Nepal,NP,NPL,Asia,2012,gdp_per_capita_current_usd,788
Nepal,NP,NPL,Asia,2011,gdp_per_capita_current_usd,786
Nepal,NP,NPL,Asia,2010,gdp_per_capita_current_usd,585
Nepal,NP,NPL,Asia,2009,gdp_per_capita_current_usd,473
Nepal,NP,NPL,Asia,2008,gdp_per_capita_current_usd,465
Nepal,NP,NPL,Asia,2007,gdp_per_capita_current_usd,385
Nepal,NP,NPL,Asia,2006,gdp_per_capita_current_usd,340
Nepal,NP,NPL,Asia,2005,gdp_per_capita_current_usd,309
Nepal,NP,NPL,Asia,2004,gdp_per_capita_current_usd,280
Nepal,NP,NPL,Asia,2003,gdp_per_capita_current_usd,246
Nepal,NP,NPL,Asia,2002,gdp_per_capita_current_usd,239
Nepal,NP,NPL,Asia,2001,gdp_per_capita_current_usd,241
Nepal,NP,NPL,Asia,2000,gdp_per_capita_current_usd,224
Nepal,NP,NPL,Asia,2024,population_total,29651054
Nepal,NP,NPL,Asia,2023,population_total,29694614
Nepal,NP,NPL,Asia,2022,population_total,29715436
Nepal,NP,NPL,Asia,2021,population_total,29475010
Nepal,NP,NPL,Asia,2020,population_total,28966574
Nepal,NP,NPL,Asia,2019,population_total,28414064
Nepal,NP,NPL,Asia,2018,population_total,28079689
Nepal,NP,NPL,Asia,2017,population_total,28011258
Nepal,NP,NPL,Asia,2016,population_total,27955462
Nepal,NP,NPL,Asia,2015,population_total,27823629
Nepal,NP,NPL,Asia,2014,population_total,27672370
Nepal,NP,NPL,Asia,2013,population_total,27589996
Nepal,NP,NPL,Asia,2012,population_total,27534915
Nepal,NP,NPL,Asia,2011,population_total,27464494
Nepal,NP,NPL,Asia,2010,population_total,27341952
Nepal,NP,NPL,Asia,2009,population_total,27173035
Nepal,NP,NPL,Asia,2008,population_total,26990037
Nepal,NP,NPL,Asia,2007,population_total,26788492
Nepal,NP,NPL,Asia,2006,population_total,26565425
Nepal,NP,NPL,Asia,2005,population_total,26309458
Nepal,NP,NPL,Asia,2004,population_total,26016656
Nepal,NP,NPL,Asia,2003,population_total,25688758
Nepal,NP,NPL,Asia,2002,population_total,25328981
Nepal,NP,NPL,Asia,2001,population_total,24946748
Nepal,NP,NPL,Asia,2000,population_total,24546509
Nauru,NR,NRU,Oceania,2024,gdp_current_usd,160350640
Nauru,NR,NRU,Oceania,2023,gdp_current_usd,151455968
Nauru,NR,NRU,Oceania,2022,gdp_current_usd,152190819
Nauru,NR,NRU,Oceania,2021,gdp_current_usd,175513985
Nauru,NR,NRU,Oceania,2020,gdp_current_usd,124530027
Nauru,NR,NRU,Oceania,2019,gdp_current_usd,124871111
Nauru,NR,NRU,Oceania,2018,gdp_current_usd,130937590
Nauru,NR,NRU,Oceania,2017,gdp_current_usd,108862279
Nauru,NR,NRU,Oceania,2016,gdp_current_usd,97276023
Nauru,NR,NRU,Oceania,2015,gdp_current_usd,84383389
Nauru,NR,NRU,Oceania,2014,gdp_current_usd,98752257
Nauru,NR,NRU,Oceania,2013,gdp_current_usd,94385015
Nauru,NR,NRU,Oceania,2012,gdp_current_usd,100794925
Nauru,NR,NRU,Oceania,2011,gdp_current_usd,65444174
Nauru,NR,NRU,Oceania,2010,gdp_current_usd,47442299
Nauru,NR,NRU,Oceania,2009,gdp_current_usd,44024970
Nauru,NR,NRU,Oceania,2008,gdp_current_usd,37184925
Nauru,NR,NRU,Oceania,2007,gdp_current_usd,23068623
Nauru,NR,NRU,Oceania,2006,gdp_current_usd,29183627
Nauru,NR,NRU,Oceania,2005,gdp_current_usd,30282840
Nauru,NR,NRU,Oceania,2004,gdp_current_usd,30587566
Nauru,NR,NRU,Oceania,2003,gdp_current_usd,24778160
Nauru,NR,NRU,Oceania,2002,gdp_current_usd,21017424
Nauru,NR,NRU,Oceania,2001,gdp_current_usd,22613288
Nauru,NR,NRU,Oceania,2000,gdp_current_usd,26930980
Nauru,NR,NRU,Oceania,2024,gdp_per_capita_current_usd,13422
Nauru,NR,NRU,Oceania,2023,gdp_per_capita_current_usd,12754
Nauru,NR,NRU,Oceania,2022,gdp_per_capita_current_usd,12896
Nauru,NR,NRU,Oceania,2021,gdp_per_capita_current_usd,14990
Nauru,NR,NRU,Oceania,2020,gdp_per_capita_current_usd,10696
Nauru,NR,NRU,Oceania,2019,gdp_per_capita_current_usd,10777
Nauru,NR,NRU,Oceania,2018,gdp_per_capita_current_usd,11409
Nauru,NR,NRU,Oceania,2017,gdp_per_capita_current_usd,9613
Nauru,NR,NRU,Oceania,2016,gdp_per_capita_current_usd,8724
Nauru,NR,NRU,Oceania,2015,gdp_per_capita_current_usd,7703
Nauru,NR,NRU,Oceania,2014,gdp_per_capita_current_usd,9193
Nauru,NR,NRU,Oceania,2013,gdp_per_capita_current_usd,8975
Nauru,NR,NRU,Oceania,2012,gdp_per_capita_current_usd,9817
Nauru,NR,NRU,Oceania,2011,gdp_per_capita_current_usd,6481
Nauru,NR,NRU,Oceania,2010,gdp_per_capita_current_usd,4724
Nauru,NR,NRU,Oceania,2009,gdp_per_capita_current_usd,4395
Nauru,NR,NRU,Oceania,2008,gdp_per_capita_current_usd,3715
Nauru,NR,NRU,Oceania,2007,gdp_per_capita_current_usd,2302
Nauru,NR,NRU,Oceania,2006,gdp_per_capita_current_usd,2908
Nauru,NR,NRU,Oceania,2005,gdp_per_capita_current_usd,3014
Nauru,NR,NRU,Oceania,2004,gdp_per_capita_current_usd,3041
Nauru,NR,NRU,Oceania,2003,gdp_per_capita_current_usd,2463
Nauru,NR,NRU,Oceania,2002,gdp_per_capita_current_usd,2085
Nauru,NR,NRU,Oceania,2001,gdp_per_capita_current_usd,2232
Nauru,NR,NRU,Oceania,2000,gdp_per_capita_current_usd,2649
Nauru,NR,NRU,Oceania,2024,population_total,11947
Nauru,NR,NRU,Oceania,2023,population_total,11875
Nauru,NR,NRU,Oceania,2022,population_total,11801
Nauru,NR,NRU,Oceania,2021,population_total,11709
Nauru,NR,NRU,Oceania,2020,population_total,11643
Nauru,NR,NRU,Oceania,2019,population_total,11587
Nauru,NR,NRU,Oceania,2018,population_total,11477
Nauru,NR,NRU,Oceania,2017,population_total,11324
Nauru,NR,NRU,Oceania,2016,population_total,11150
Nauru,NR,NRU,Oceania,2015,population_total,10954
Nauru,NR,NRU,Oceania,2014,population_total,10742
Nauru,NR,NRU,Oceania,2013,population_total,10517
Nauru,NR,NRU,Oceania,2012,population_total,10267
Nauru,NR,NRU,Oceania,2011,population_total,10098
Nauru,NR,NRU,Oceania,2010,population_total,10043
Nauru,NR,NRU,Oceania,2009,population_total,10016
Nauru,NR,NRU,Oceania,2008,population_total,10009
Nauru,NR,NRU,Oceania,2007,population_total,10020
Nauru,NR,NRU,Oceania,2006,population_total,10034
Nauru,NR,NRU,Oceania,2005,population_total,10049
Nauru,NR,NRU,Oceania,2004,population_total,10060
Nauru,NR,NRU,Oceania,2003,population_total,10059
Nauru,NR,NRU,Oceania,2002,population_total,10082
Nauru,NR,NRU,Oceania,2001,population_total,10130
Nauru,NR,NRU,Oceania,2000,population_total,10168
New Zealand,NZ,NZL,Oceania,2024,gdp_current_usd,260235932559
New Zealand,NZ,NZL,Oceania,2023,gdp_current_usd,255194972673
New Zealand,NZ,NZL,Oceania,2022,gdp_current_usd,249509991440
New Zealand,NZ,NZL,Oceania,2021,gdp_current_usd,253977931815
New Zealand,NZ,NZL,Oceania,2020,gdp_current_usd,213029554654
New Zealand,NZ,NZL,Oceania,2019,gdp_current_usd,213006341102
New Zealand,NZ,NZL,Oceania,2018,gdp_current_usd,211985631173
New Zealand,NZ,NZL,Oceania,2017,gdp_current_usd,206745969246
New Zealand,NZ,NZL,Oceania,2016,gdp_current_usd,189100085275
New Zealand,NZ,NZL,Oceania,2015,gdp_current_usd,178224167088
New Zealand,NZ,NZL,Oceania,2014,gdp_current_usd,201518402787
New Zealand,NZ,NZL,Oceania,2013,gdp_current_usd,191012364177
New Zealand,NZ,NZL,Oceania,2012,gdp_current_usd,176560711239
New Zealand,NZ,NZL,Oceania,2011,gdp_current_usd,168484908960
New Zealand,NZ,NZL,Oceania,2010,gdp_current_usd,146887902524
New Zealand,NZ,NZL,Oceania,2009,gdp_current_usd,121663439315
New Zealand,NZ,NZL,Oceania,2008,gdp_current_usd,133437126590
New Zealand,NZ,NZL,Oceania,2007,gdp_current_usd,137188946866
New Zealand,NZ,NZL,Oceania,2006,gdp_current_usd,111538810713
New Zealand,NZ,NZL,Oceania,2005,gdp_current_usd,114720129550
New Zealand,NZ,NZL,Oceania,2004,gdp_current_usd,103905210084
New Zealand,NZ,NZL,Oceania,2003,gdp_current_usd,88250885550
New Zealand,NZ,NZL,Oceania,2002,gdp_current_usd,66627729311
New Zealand,NZ,NZL,Oceania,2001,gdp_current_usd,53872425917
New Zealand,NZ,NZL,Oceania,2000,gdp_current_usd,52623281957
New Zealand,NZ,NZL,Oceania,2024,gdp_per_capita_current_usd,48747
New Zealand,NZ,NZL,Oceania,2023,gdp_per_capita_current_usd,48655
New Zealand,NZ,NZL,Oceania,2022,gdp_per_capita_current_usd,48760
New Zealand,NZ,NZL,Oceania,2021,gdp_per_capita_current_usd,49689
New Zealand,NZ,NZL,Oceania,2020,gdp_per_capita_current_usd,41851
New Zealand,NZ,NZL,Oceania,2019,gdp_per_capita_current_usd,42779
New Zealand,NZ,NZL,Oceania,2018,gdp_per_capita_current_usd,43257
New Zealand,NZ,NZL,Oceania,2017,gdp_per_capita_current_usd,42950
New Zealand,NZ,NZL,Oceania,2016,gdp_per_capita_current_usd,40114
New Zealand,NZ,NZL,Oceania,2015,gdp_per_capita_current_usd,38665
New Zealand,NZ,NZL,Oceania,2014,gdp_per_capita_current_usd,44618
New Zealand,NZ,NZL,Oceania,2013,gdp_per_capita_current_usd,43000
New Zealand,NZ,NZL,Oceania,2012,gdp_per_capita_current_usd,40054
New Zealand,NZ,NZL,Oceania,2011,gdp_per_capita_current_usd,38432
New Zealand,NZ,NZL,Oceania,2010,gdp_per_capita_current_usd,33762
New Zealand,NZ,NZL,Oceania,2009,gdp_per_capita_current_usd,28277
New Zealand,NZ,NZL,Oceania,2008,gdp_per_capita_current_usd,31325
New Zealand,NZ,NZL,Oceania,2007,gdp_per_capita_current_usd,32480
New Zealand,NZ,NZL,Oceania,2006,gdp_per_capita_current_usd,26655
New Zealand,NZ,NZL,Oceania,2005,gdp_per_capita_current_usd,27751
New Zealand,NZ,NZL,Oceania,2004,gdp_per_capita_current_usd,25420
New Zealand,NZ,NZL,Oceania,2003,gdp_per_capita_current_usd,21914
New Zealand,NZ,NZL,Oceania,2002,gdp_per_capita_current_usd,16874
New Zealand,NZ,NZL,Oceania,2001,gdp_per_capita_current_usd,13883
New Zealand,NZ,NZL,Oceania,2000,gdp_per_capita_current_usd,13641
New Zealand,NZ,NZL,Oceania,2024,population_total,5338500
New Zealand,NZ,NZL,Oceania,2023,population_total,5245000
New Zealand,NZ,NZL,Oceania,2022,population_total,5117100
New Zealand,NZ,NZL,Oceania,2021,population_total,5111300
New Zealand,NZ,NZL,Oceania,2020,population_total,5090200
New Zealand,NZ,NZL,Oceania,2019,population_total,4979200
New Zealand,NZ,NZL,Oceania,2018,population_total,4900600
New Zealand,NZ,NZL,Oceania,2017,population_total,4813600
New Zealand,NZ,NZL,Oceania,2016,population_total,4714100
New Zealand,NZ,NZL,Oceania,2015,population_total,4609400
New Zealand,NZ,NZL,Oceania,2014,population_total,4516500
New Zealand,NZ,NZL,Oceania,2013,population_total,4442100
New Zealand,NZ,NZL,Oceania,2012,population_total,4408100
New Zealand,NZ,NZL,Oceania,2011,population_total,4384000
New Zealand,NZ,NZL,Oceania,2010,population_total,4350700
New Zealand,NZ,NZL,Oceania,2009,population_total,4302600
New Zealand,NZ,NZL,Oceania,2008,population_total,4259800
New Zealand,NZ,NZL,Oceania,2007,population_total,4223800
New Zealand,NZ,NZL,Oceania,2006,population_total,4184600
New Zealand,NZ,NZL,Oceania,2005,population_total,4133900
New Zealand,NZ,NZL,Oceania,2004,population_total,4087500
New Zealand,NZ,NZL,Oceania,2003,population_total,4027200
New Zealand,NZ,NZL,Oceania,2002,population_total,3948500
New Zealand,NZ,NZL,Oceania,2001,population_total,3880500
New Zealand,NZ,NZL,Oceania,2000,population_total,3857700
Oman,OM,OMN,Asia,2024,gdp_current_usd,106942782835
Oman,OM,OMN,Asia,2023,gdp_current_usd,105895708713
Oman,OM,OMN,Asia,2022,gdp_current_usd,109852795839
Oman,OM,OMN,Asia,2021,gdp_current_usd,87323797139
Oman,OM,OMN,Asia,2020,gdp_current_usd,75909492848
Oman,OM,OMN,Asia,2019,gdp_current_usd,88060858257
Oman,OM,OMN,Asia,2018,gdp_current_usd,91505851756
Oman,OM,OMN,Asia,2017,gdp_current_usd,80856697009
Oman,OM,OMN,Asia,2016,gdp_current_usd,75128738622
Oman,OM,OMN,Asia,2015,gdp_current_usd,78710793238
Oman,OM,OMN,Asia,2014,gdp_current_usd,92699089727
Oman,OM,OMN,Asia,2013,gdp_current_usd,89936020806
Oman,OM,OMN,Asia,2012,gdp_current_usd,87408842653
Oman,OM,OMN,Asia,2011,gdp_current_usd,77497529259
Oman,OM,OMN,Asia,2010,gdp_current_usd,64993498049
Oman,OM,OMN,Asia,2009,gdp_current_usd,55454096229
Oman,OM,OMN,Asia,2008,gdp_current_usd,69804681404
Oman,OM,OMN,Asia,2007,gdp_current_usd,48300390117
Oman,OM,OMN,Asia,2006,gdp_current_usd,42577633290
Oman,OM,OMN,Asia,2005,gdp_current_usd,35506892068
Oman,OM,OMN,Asia,2004,gdp_current_usd,28378933680
Oman,OM,OMN,Asia,2003,gdp_current_usd,24733680104
Oman,OM,OMN,Asia,2002,gdp_current_usd,23065539662
Oman,OM,OMN,Asia,2001,gdp_current_usd,22205721717
Oman,OM,OMN,Asia,2000,gdp_current_usd,22259557867
Oman,OM,OMN,Asia,2024,gdp_per_capita_current_usd,20248
Oman,OM,OMN,Asia,2023,gdp_per_capita_current_usd,20972
Oman,OM,OMN,Asia,2022,gdp_per_capita_current_usd,23224
Oman,OM,OMN,Asia,2021,gdp_per_capita_current_usd,19403
Oman,OM,OMN,Asia,2020,gdp_per_capita_current_usd,16785
Oman,OM,OMN,Asia,2019,gdp_per_capita_current_usd,19180
Oman,OM,OMN,Asia,2018,gdp_per_capita_current_usd,19902
Oman,OM,OMN,Asia,2017,gdp_per_capita_current_usd,17820
Oman,OM,OMN,Asia,2016,gdp_per_capita_current_usd,17110
Oman,OM,OMN,Asia,2015,gdp_per_capita_current_usd,18808
Oman,OM,OMN,Asia,2014,gdp_per_capita_current_usd,23161
Oman,OM,OMN,Asia,2013,gdp_per_capita_current_usd,23458
Oman,OM,OMN,Asia,2012,gdp_per_capita_current_usd,24642
Oman,OM,OMN,Asia,2011,gdp_per_capita_current_usd,25188
Oman,OM,OMN,Asia,2010,gdp_per_capita_current_usd,23570
Oman,OM,OMN,Asia,2009,gdp_per_capita_current_usd,20656
Oman,OM,OMN,Asia,2008,gdp_per_capita_current_usd,26577
Oman,OM,OMN,Asia,2007,gdp_per_capita_current_usd,18793
Oman,OM,OMN,Asia,2006,gdp_per_capita_current_usd,16931
Oman,OM,OMN,Asia,2005,gdp_per_capita_current_usd,14435
Oman,OM,OMN,Asia,2004,gdp_per_capita_current_usd,11801
Oman,OM,OMN,Asia,2003,gdp_per_capita_current_usd,10464
Oman,OM,OMN,Asia,2002,gdp_per_capita_current_usd,9869
Oman,OM,OMN,Asia,2001,gdp_per_capita_current_usd,9612
Oman,OM,OMN,Asia,2000,gdp_per_capita_current_usd,9754
Oman,OM,OMN,Asia,2024,population_total,5281538
Oman,OM,OMN,Asia,2023,population_total,5049269
Oman,OM,OMN,Asia,2022,population_total,4730226
Oman,OM,OMN,Asia,2021,population_total,4500424
Oman,OM,OMN,Asia,2020,population_total,4522497
Oman,OM,OMN,Asia,2019,population_total,4591241
Oman,OM,OMN,Asia,2018,population_total,4597877
Oman,OM,OMN,Asia,2017,population_total,4537396
Oman,OM,OMN,Asia,2016,population_total,4390877
Oman,OM,OMN,Asia,2015,population_total,4184895
Oman,OM,OMN,Asia,2014,population_total,4002439
Oman,OM,OMN,Asia,2013,population_total,3833913
Oman,OM,OMN,Asia,2012,population_total,3547106
Oman,OM,OMN,Asia,2011,population_total,3076763
Oman,OM,OMN,Asia,2010,population_total,2757446
Oman,OM,OMN,Asia,2009,population_total,2684659
Oman,OM,OMN,Asia,2008,population_total,2626529
Oman,OM,OMN,Asia,2007,population_total,2570174
Oman,OM,OMN,Asia,2006,population_total,2514795
Oman,OM,OMN,Asia,2005,population_total,2459802
Oman,OM,OMN,Asia,2004,population_total,2404821
Oman,OM,OMN,Asia,2003,population_total,2363796
Oman,OM,OMN,Asia,2002,population_total,2337140
Oman,OM,OMN,Asia,2001,population_total,2310217
Oman,OM,OMN,Asia,2000,population_total,2282131
Pakistan,PK,PAK,Asia,2024,gdp_current_usd,373071855732
Pakistan,PK,PAK,Asia,2023,gdp_current_usd,337885531778
Pakistan,PK,PAK,Asia,2022,gdp_current_usd,374890295667
Pakistan,PK,PAK,Asia,2021,gdp_current_usd,348516647445
Pakistan,PK,PAK,Asia,2020,gdp_current_usd,300425609818
Pakistan,PK,PAK,Asia,2019,gdp_current_usd,320909472771
Pakistan,PK,PAK,Asia,2018,gdp_current_usd,356128166705
Pakistan,PK,PAK,Asia,2017,gdp_current_usd,339205534861
Pakistan,PK,PAK,Asia,2016,gdp_current_usd,313630000130
Pakistan,PK,PAK,Asia,2015,gdp_current_usd,299963590535
Pakistan,PK,PAK,Asia,2014,gdp_current_usd,271390474858
Pakistan,PK,PAK,Asia,2013,gdp_current_usd,258657231672
Pakistan,PK,PAK,Asia,2012,gdp_current_usd,250106966105
Pakistan,PK,PAK,Asia,2011,gdp_current_usd,230586581060
Pakistan,PK,PAK,Asia,2010,gdp_current_usd,196709621850
Pakistan,PK,PAK,Asia,2009,gdp_current_usd,187337783856
Pakistan,PK,PAK,Asia,2008,gdp_current_usd,202203748584
Pakistan,PK,PAK,Asia,2007,gdp_current_usd,184140869997
Pakistan,PK,PAK,Asia,2006,gdp_current_usd,161871385506
Pakistan,PK,PAK,Asia,2005,gdp_current_usd,145208562961
Pakistan,PK,PAK,Asia,2004,gdp_current_usd,132216048339
Pakistan,PK,PAK,Asia,2003,gdp_current_usd,112371913741
Pakistan,PK,PAK,Asia,2002,gdp_current_usd,97923302809
Pakistan,PK,PAK,Asia,2001,gdp_current_usd,97145618480
Pakistan,PK,PAK,Asia,2000,gdp_current_usd,99484802345
Pakistan,PK,PAK,Asia,2024,gdp_per_capita_current_usd,1485
Pakistan,PK,PAK,Asia,2023,gdp_per_capita_current_usd,1365
Pakistan,PK,PAK,Asia,2022,gdp_per_capita_current_usd,1538
Pakistan,PK,PAK,Asia,2021,gdp_per_capita_current_usd,1455
Pakistan,PK,PAK,Asia,2020,gdp_per_capita_current_usd,1278
Pakistan,PK,PAK,Asia,2019,gdp_per_capita_current_usd,1390
Pakistan,PK,PAK,Asia,2018,gdp_per_capita_current_usd,1569
Pakistan,PK,PAK,Asia,2017,gdp_per_capita_current_usd,1519
Pakistan,PK,PAK,Asia,2016,gdp_per_capita_current_usd,1425
Pakistan,PK,PAK,Asia,2015,gdp_per_capita_current_usd,1380
Pakistan,PK,PAK,Asia,2014,gdp_per_capita_current_usd,1267
Pakistan,PK,PAK,Asia,2013,gdp_per_capita_current_usd,1225
Pakistan,PK,PAK,Asia,2012,gdp_per_capita_current_usd,1204
Pakistan,PK,PAK,Asia,2011,gdp_per_capita_current_usd,1132
Pakistan,PK,PAK,Asia,2010,gdp_per_capita_current_usd,987
Pakistan,PK,PAK,Asia,2009,gdp_per_capita_current_usd,964
Pakistan,PK,PAK,Asia,2008,gdp_per_capita_current_usd,1067
Pakistan,PK,PAK,Asia,2007,gdp_per_capita_current_usd,998
Pakistan,PK,PAK,Asia,2006,gdp_per_capita_current_usd,901
Pakistan,PK,PAK,Asia,2005,gdp_per_capita_current_usd,828
Pakistan,PK,PAK,Asia,2004,gdp_per_capita_current_usd,772
Pakistan,PK,PAK,Asia,2003,gdp_per_capita_current_usd,672
Pakistan,PK,PAK,Asia,2002,gdp_per_capita_current_usd,600
Pakistan,PK,PAK,Asia,2001,gdp_per_capita_current_usd,610
Pakistan,PK,PAK,Asia,2000,gdp_per_capita_current_usd,642
Pakistan,PK,PAK,Asia,2024,population_total,251269164
Pakistan,PK,PAK,Asia,2023,population_total,247504495
Pakistan,PK,PAK,Asia,2022,population_total,243700667
Pakistan,PK,PAK,Asia,2021,population_total,239477801
Pakistan,PK,PAK,Asia,2020,population_total,235001746
Pakistan,PK,PAK,Asia,2019,population_total,230800899
Pakistan,PK,PAK,Asia,2018,population_total,226928892
Pakistan,PK,PAK,Asia,2017,population_total,223273967
Pakistan,PK,PAK,Asia,2016,population_total,220138869
Pakistan,PK,PAK,Asia,2015,population_total,217290883
Pakistan,PK,PAK,Asia,2014,population_total,214264647
Pakistan,PK,PAK,Asia,2013,population_total,211073978
Pakistan,PK,PAK,Asia,2012,population_total,207667125
Pakistan,PK,PAK,Asia,2011,population_total,203746065
Pakistan,PK,PAK,Asia,2010,population_total,199239047
Pakistan,PK,PAK,Asia,2009,population_total,194376534
Pakistan,PK,PAK,Asia,2008,population_total,189499113
Pakistan,PK,PAK,Asia,2007,population_total,184493231
Pakistan,PK,PAK,Asia,2006,population_total,179682690
Pakistan,PK,PAK,Asia,2005,population_total,175453212
Pakistan,PK,PAK,Asia,2004,population_total,171286000
Pakistan,PK,PAK,Asia,2003,population_total,167110248
Pakistan,PK,PAK,Asia,2002,population_total,163222549
Pakistan,PK,PAK,Asia,2001,population_total,159270907
Pakistan,PK,PAK,Asia,2000,population_total,154879127
Panama,PA,PAN,North America,2024,gdp_current_usd,86260400000
Panama,PA,PAN,North America,2023,gdp_current_usd,83318176900
Panama,PA,PAN,North America,2022,gdp_current_usd,76276116700
Panama,PA,PAN,North America,2021,gdp_current_usd,67396392500
Panama,PA,PAN,North America,2020,gdp_current_usd,57059846500
Panama,PA,PAN,North America,2019,gdp_current_usd,69778991200
Panama,PA,PAN,North America,2018,gdp_current_usd,67316471200
Panama,PA,PAN,North America,2017,gdp_current_usd,64327688800
Panama,PA,PAN,North America,2016,gdp_current_usd,59760858700
Panama,PA,PAN,North America,2015,gdp_current_usd,55767806100
Panama,PA,PAN,North America,2014,gdp_current_usd,51427104900
Panama,PA,PAN,North America,2013,gdp_current_usd,46949496500
Panama,PA,PAN,North America,2012,gdp_current_usd,41595439700
Panama,PA,PAN,North America,2011,gdp_current_usd,35687738300
Panama,PA,PAN,North America,2010,gdp_current_usd,30231009500
Panama,PA,PAN,North America,2009,gdp_current_usd,27791215500
Panama,PA,PAN,North America,2008,gdp_current_usd,25721328000
Panama,PA,PAN,North America,2007,gdp_current_usd,21717433800
Panama,PA,PAN,North America,2006,gdp_current_usd,18659721500
Panama,PA,PAN,North America,2005,gdp_current_usd,16623906700
Panama,PA,PAN,North America,2004,gdp_current_usd,15100203400
Panama,PA,PAN,North America,2003,gdp_current_usd,13603456000
Panama,PA,PAN,North America,2002,gdp_current_usd,12800851300
Panama,PA,PAN,North America,2001,gdp_current_usd,12252906300
Panama,PA,PAN,North America,2000,gdp_current_usd,11966497000
Panama,PA,PAN,North America,2024,gdp_per_capita_current_usd,19103
Panama,PA,PAN,North America,2023,gdp_per_capita_current_usd,18686
Panama,PA,PAN,North America,2022,gdp_per_capita_current_usd,17332
Panama,PA,PAN,North America,2021,gdp_per_capita_current_usd,15510
Panama,PA,PAN,North America,2020,gdp_per_capita_current_usd,13291
Panama,PA,PAN,North America,2019,gdp_per_capita_current_usd,16478
Panama,PA,PAN,North America,2018,gdp_per_capita_current_usd,16151
Panama,PA,PAN,North America,2017,gdp_per_capita_current_usd,15695
Panama,PA,PAN,North America,2016,gdp_per_capita_current_usd,14832
Panama,PA,PAN,North America,2015,gdp_per_capita_current_usd,14083
Panama,PA,PAN,North America,2014,gdp_per_capita_current_usd,13213
Panama,PA,PAN,North America,2013,gdp_per_capita_current_usd,12273
Panama,PA,PAN,North America,2012,gdp_per_capita_current_usd,11065
Panama,PA,PAN,North America,2011,gdp_per_capita_current_usd,9662
Panama,PA,PAN,North America,2010,gdp_per_capita_current_usd,8331
Panama,PA,PAN,North America,2009,gdp_per_capita_current_usd,7797
Panama,PA,PAN,North America,2008,gdp_per_capita_current_usd,7348
Panama,PA,PAN,North America,2007,gdp_per_capita_current_usd,6318
Panama,PA,PAN,North America,2006,gdp_per_capita_current_usd,5529
Panama,PA,PAN,North America,2005,gdp_per_capita_current_usd,5018
Panama,PA,PAN,North America,2004,gdp_per_capita_current_usd,4645
Panama,PA,PAN,North America,2003,gdp_per_capita_current_usd,4265
Panama,PA,PAN,North America,2002,gdp_per_capita_current_usd,4091
Panama,PA,PAN,North America,2001,gdp_per_capita_current_usd,3992
Panama,PA,PAN,North America,2000,gdp_per_capita_current_usd,3975
Panama,PA,PAN,North America,2024,population_total,4515577
Panama,PA,PAN,North America,2023,population_total,4458759
Panama,PA,PAN,North America,2022,population_total,4400773
Panama,PA,PAN,North America,2021,population_total,4345405
Panama,PA,PAN,North America,2020,population_total,4293261
Panama,PA,PAN,North America,2019,population_total,4234700
Panama,PA,PAN,North America,2018,population_total,4167860
Panama,PA,PAN,North America,2017,population_total,4098707
Panama,PA,PAN,North America,2016,population_total,4029086
Panama,PA,PAN,North America,2015,population_total,3960035
Panama,PA,PAN,North America,2014,population_total,3892101
Panama,PA,PAN,North America,2013,population_total,3825329
Panama,PA,PAN,North America,2012,population_total,3759256
Panama,PA,PAN,North America,2011,population_total,3693505
Panama,PA,PAN,North America,2010,population_total,3628535
Panama,PA,PAN,North America,2009,population_total,3564381
Panama,PA,PAN,North America,2008,population_total,3500648
Panama,PA,PAN,North America,2007,population_total,3437490
Panama,PA,PAN,North America,2006,population_total,3375024
Panama,PA,PAN,North America,2005,population_total,3313026
Panama,PA,PAN,North America,2004,population_total,3251155
Panama,PA,PAN,North America,2003,population_total,3189807
Panama,PA,PAN,North America,2002,population_total,3129344
Panama,PA,PAN,North America,2001,population_total,3069537
Panama,PA,PAN,North America,2000,population_total,3010369
Peru,PE,PER,South America,2024,gdp_current_usd,289221969060
Peru,PE,PER,South America,2023,gdp_current_usd,266958720838
Peru,PE,PER,South America,2022,gdp_current_usd,246065570308
Peru,PE,PER,South America,2021,gdp_current_usd,226328766460
Peru,PE,PER,South America,2020,gdp_current_usd,201409694756
Peru,PE,PER,South America,2019,gdp_current_usd,228346006004
Peru,PE,PER,South America,2018,gdp_current_usd,222597009739
Peru,PE,PER,South America,2017,gdp_current_usd,211007984081
Peru,PE,PER,South America,2016,gdp_current_usd,191898104390
Peru,PE,PER,South America,2015,gdp_current_usd,189802976286
Peru,PE,PER,South America,2014,gdp_current_usd,200786250583
Peru,PE,PER,South America,2013,gdp_current_usd,201175543571
Peru,PE,PER,South America,2012,gdp_current_usd,192650021649
Peru,PE,PER,South America,2011,gdp_current_usd,171761737047
Peru,PE,PER,South America,2010,gdp_current_usd,147527631521
Peru,PE,PER,South America,2009,gdp_current_usd,120822986521
Peru,PE,PER,South America,2008,gdp_current_usd,120550599815
Peru,PE,PER,South America,2007,gdp_current_usd,102170981144
Peru,PE,PER,South America,2006,gdp_current_usd,88643193062
Peru,PE,PER,South America,2005,gdp_current_usd,76060606061
Peru,PE,PER,South America,2004,gdp_current_usd,66768703498
Peru,PE,PER,South America,2003,gdp_current_usd,58731030122
Peru,PE,PER,South America,2002,gdp_current_usd,54777553515
Peru,PE,PER,South America,2001,gdp_current_usd,52030158775
Peru,PE,PER,South America,2000,gdp_current_usd,51744749133
Peru,PE,PER,South America,2024,gdp_per_capita_current_usd,8452
Peru,PE,PER,South America,2023,gdp_per_capita_current_usd,7888
Peru,PE,PER,South America,2022,gdp_per_capita_current_usd,7351
Peru,PE,PER,South America,2021,gdp_per_capita_current_usd,6826
Peru,PE,PER,South America,2020,gdp_per_capita_current_usd,6133
Peru,PE,PER,South America,2019,gdp_per_capita_current_usd,7037
Peru,PE,PER,South America,2018,gdp_per_capita_current_usd,6978
Peru,PE,PER,South America,2017,gdp_per_capita_current_usd,6736
Peru,PE,PER,South America,2016,gdp_per_capita_current_usd,6217
Peru,PE,PER,South America,2015,gdp_per_capita_current_usd,6232
Peru,PE,PER,South America,2014,gdp_per_capita_current_usd,6667
Peru,PE,PER,South America,2013,gdp_per_capita_current_usd,6747
Peru,PE,PER,South America,2012,gdp_per_capita_current_usd,6519
Peru,PE,PER,South America,2011,gdp_per_capita_current_usd,5861
Peru,PE,PER,South America,2010,gdp_per_capita_current_usd,5072
Peru,PE,PER,South America,2009,gdp_per_capita_current_usd,4181
Peru,PE,PER,South America,2008,gdp_per_capita_current_usd,4198
Peru,PE,PER,South America,2007,gdp_per_capita_current_usd,3581
Peru,PE,PER,South America,2006,gdp_per_capita_current_usd,3130
Peru,PE,PER,South America,2005,gdp_per_capita_current_usd,2707
Peru,PE,PER,South America,2004,gdp_per_capita_current_usd,2397
Peru,PE,PER,South America,2003,gdp_per_capita_current_usd,2129
Peru,PE,PER,South America,2002,gdp_per_capita_current_usd,2007
Peru,PE,PER,South America,2001,gdp_per_capita_current_usd,1930
Peru,PE,PER,South America,2000,gdp_per_capita_current_usd,1945
Peru,PE,PER,South America,2024,population_total,34217848
Peru,PE,PER,South America,2023,population_total,33845617
Peru,PE,PER,South America,2022,population_total,33475438
Peru,PE,PER,South America,2021,population_total,33155882
Peru,PE,PER,South America,2020,population_total,32838579
Peru,PE,PER,South America,2019,population_total,32449303
Peru,PE,PER,South America,2018,population_total,31897584
Peru,PE,PER,South America,2017,population_total,31324637
Peru,PE,PER,South America,2016,population_total,30866494
Peru,PE,PER,South America,2015,population_total,30457600
Peru,PE,PER,South America,2014,population_total,30115826
Peru,PE,PER,South America,2013,population_total,29817919
Peru,PE,PER,South America,2012,population_total,29550366
Peru,PE,PER,South America,2011,population_total,29304086
Peru,PE,PER,South America,2010,population_total,29086019
Peru,PE,PER,South America,2009,population_total,28896811
Peru,PE,PER,South America,2008,population_total,28719041
Peru,PE,PER,South America,2007,population_total,28530699
Peru,PE,PER,South America,2006,population_total,28324491
Peru,PE,PER,South America,2005,population_total,28101180
Peru,PE,PER,South America,2004,population_total,27852190
Peru,PE,PER,South America,2003,population_total,27580490
Peru,PE,PER,South America,2002,population_total,27288217
Peru,PE,PER,South America,2001,population_total,26964601
Peru,PE,PER,South America,2000,population_total,26598331
Philippines,PH,PHL,Asia,2024,gdp_current_usd,461617509782
Philippines,PH,PHL,Asia,2023,gdp_current_usd,437055627244
Philippines,PH,PHL,Asia,2022,gdp_current_usd,404353369605
Philippines,PH,PHL,Asia,2021,gdp_current_usd,394087359848
Philippines,PH,PHL,Asia,2020,gdp_current_usd,361751145452
Philippines,PH,PHL,Asia,2019,gdp_current_usd,376823402239
Philippines,PH,PHL,Asia,2018,gdp_current_usd,346841896587
Philippines,PH,PHL,Asia,2017,gdp_current_usd,328480736803
Philippines,PH,PHL,Asia,2016,gdp_current_usd,318627003017
Philippines,PH,PHL,Asia,2015,gdp_current_usd,306445871242
Philippines,PH,PHL,Asia,2014,gdp_current_usd,297483555338
Philippines,PH,PHL,Asia,2013,gdp_current_usd,283902828589
Philippines,PH,PHL,Asia,2012,gdp_current_usd,261920540963
Philippines,PH,PHL,Asia,2011,gdp_current_usd,234216730291
Philippines,PH,PHL,Asia,2010,gdp_current_usd,208368893151
Philippines,PH,PHL,Asia,2009,gdp_current_usd,175974755881
Philippines,PH,PHL,Asia,2008,gdp_current_usd,181624626327
Philippines,PH,PHL,Asia,2007,gdp_current_usd,155980408673
Philippines,PH,PHL,Asia,2006,gdp_current_usd,127652926368
Philippines,PH,PHL,Asia,2005,gdp_current_usd,107419977318
Philippines,PH,PHL,Asia,2004,gdp_current_usd,95001999685
Philippines,PH,PHL,Asia,2003,gdp_current_usd,87039092974
Philippines,PH,PHL,Asia,2002,gdp_current_usd,84307345888
Philippines,PH,PHL,Asia,2001,gdp_current_usd,78921234458
Philippines,PH,PHL,Asia,2000,gdp_current_usd,83669788377
Philippines,PH,PHL,Asia,2024,gdp_per_capita_current_usd,3985
Philippines,PH,PHL,Asia,2023,gdp_per_capita_current_usd,3804
Philippines,PH,PHL,Asia,2022,gdp_per_capita_current_usd,3548
Philippines,PH,PHL,Asia,2021,gdp_per_capita_current_usd,3484
Philippines,PH,PHL,Asia,2020,gdp_per_capita_current_usd,3228
Philippines,PH,PHL,Asia,2019,gdp_per_capita_current_usd,3401
Philippines,PH,PHL,Asia,2018,gdp_per_capita_current_usd,3169
Philippines,PH,PHL,Asia,2017,gdp_per_capita_current_usd,3038
Philippines,PH,PHL,Asia,2016,gdp_per_capita_current_usd,2985
Philippines,PH,PHL,Asia,2015,gdp_per_capita_current_usd,2910
Philippines,PH,PHL,Asia,2014,gdp_per_capita_current_usd,2867
Philippines,PH,PHL,Asia,2013,gdp_per_capita_current_usd,2781
Philippines,PH,PHL,Asia,2012,gdp_per_capita_current_usd,2615
Philippines,PH,PHL,Asia,2011,gdp_per_capita_current_usd,2384
Philippines,PH,PHL,Asia,2010,gdp_per_capita_current_usd,2163
Philippines,PH,PHL,Asia,2009,gdp_per_capita_current_usd,1864
Philippines,PH,PHL,Asia,2008,gdp_per_capita_current_usd,1959
Philippines,PH,PHL,Asia,2007,gdp_per_capita_current_usd,1713
Philippines,PH,PHL,Asia,2006,gdp_per_capita_current_usd,1426
Philippines,PH,PHL,Asia,2005,gdp_per_capita_current_usd,1220
Philippines,PH,PHL,Asia,2004,gdp_per_capita_current_usd,1100
Philippines,PH,PHL,Asia,2003,gdp_per_capita_current_usd,1027
Philippines,PH,PHL,Asia,2002,gdp_per_capita_current_usd,1015
Philippines,PH,PHL,Asia,2001,gdp_per_capita_current_usd,970
Philippines,PH,PHL,Asia,2000,gdp_per_capita_current_usd,1051
Philippines,PH,PHL,Asia,2024,population_total,115843670
Philippines,PH,PHL,Asia,2023,population_total,114891199
Philippines,PH,PHL,Asia,2022,population_total,113964338
Philippines,PH,PHL,Asia,2021,population_total,113100950
Philippines,PH,PHL,Asia,2020,population_total,112081264
Philippines,PH,PHL,Asia,2019,population_total,110804683
Philippines,PH,PHL,Asia,2018,population_total,109465287
Philippines,PH,PHL,Asia,2017,population_total,108119693
Philippines,PH,PHL,Asia,2016,population_total,106735719
Philippines,PH,PHL,Asia,2015,population_total,105312992
Philippines,PH,PHL,Asia,2014,population_total,103767130
Philippines,PH,PHL,Asia,2013,population_total,102076336
Philippines,PH,PHL,Asia,2012,population_total,100175512
Philippines,PH,PHL,Asia,2011,population_total,98248614
Philippines,PH,PHL,Asia,2010,population_total,96337125
Philippines,PH,PHL,Asia,2009,population_total,94384250
Philippines,PH,PHL,Asia,2008,population_total,92699095
Philippines,PH,PHL,Asia,2007,population_total,91075184
Philippines,PH,PHL,Asia,2006,population_total,89508986
Philippines,PH,PHL,Asia,2005,population_total,88015962
Philippines,PH,PHL,Asia,2004,population_total,86394504
Philippines,PH,PHL,Asia,2003,population_total,84731835
Philippines,PH,PHL,Asia,2002,population_total,83068889
Philippines,PH,PHL,Asia,2001,population_total,81401488
Philippines,PH,PHL,Asia,2000,population_total,79625397
Palau,PW,PLW,Oceania,2023,gdp_current_usd,281849100
Palau,PW,PLW,Oceania,2022,gdp_current_usd,255591100
Palau,PW,PLW,Oceania,2021,gdp_current_usd,235752900
Palau,PW,PLW,Oceania,2020,gdp_current_usd,258990800
Palau,PW,PLW,Oceania,2019,gdp_current_usd,281941600
Palau,PW,PLW,Oceania,2018,gdp_current_usd,288546300
Palau,PW,PLW,Oceania,2017,gdp_current_usd,285600000
Palau,PW,PLW,Oceania,2016,gdp_current_usd,298323500
Palau,PW,PLW,Oceania,2015,gdp_current_usd,278824800
Palau,PW,PLW,Oceania,2014,gdp_current_usd,243156500
Palau,PW,PLW,Oceania,2013,gdp_current_usd,225345700
Palau,PW,PLW,Oceania,2012,gdp_current_usd,215762400
Palau,PW,PLW,Oceania,2011,gdp_current_usd,198873900
Palau,PW,PLW,Oceania,2010,gdp_current_usd,188174300
Palau,PW,PLW,Oceania,2009,gdp_current_usd,189998000
Palau,PW,PLW,Oceania,2008,gdp_current_usd,201167300
Palau,PW,PLW,Oceania,2007,gdp_current_usd,200903600
Palau,PW,PLW,Oceania,2006,gdp_current_usd,193679700
Palau,PW,PLW,Oceania,2005,gdp_current_usd,191048400
Palau,PW,PLW,Oceania,2004,gdp_current_usd,166391600
Palau,PW,PLW,Oceania,2003,gdp_current_usd,154559900
Palau,PW,PLW,Oceania,2002,gdp_current_usd,162665500
Palau,PW,PLW,Oceania,2001,gdp_current_usd,159453500
Palau,PW,PLW,Oceania,2000,gdp_current_usd,149535800
Palau,PW,PLW,Oceania,2023,gdp_per_capita_current_usd,15899
Palau,PW,PLW,Oceania,2022,gdp_per_capita_current_usd,14392
Palau,PW,PLW,Oceania,2021,gdp_per_capita_current_usd,13257
Palau,PW,PLW,Oceania,2020,gdp_per_capita_current_usd,14557
Palau,PW,PLW,Oceania,2019,gdp_per_capita_current_usd,15841
Palau,PW,PLW,Oceania,2018,gdp_per_capita_current_usd,16198
Palau,PW,PLW,Oceania,2017,gdp_per_capita_current_usd,16034
Palau,PW,PLW,Oceania,2016,gdp_per_capita_current_usd,16763
Palau,PW,PLW,Oceania,2015,gdp_per_capita_current_usd,15691
Palau,PW,PLW,Oceania,2014,gdp_per_capita_current_usd,13726
Palau,PW,PLW,Oceania,2013,gdp_per_capita_current_usd,12769
Palau,PW,PLW,Oceania,2012,gdp_per_capita_current_usd,12145
Palau,PW,PLW,Oceania,2011,gdp_per_capita_current_usd,11001
Palau,PW,PLW,Oceania,2010,gdp_per_capita_current_usd,10229
Palau,PW,PLW,Oceania,2009,gdp_per_capita_current_usd,10155
Palau,PW,PLW,Oceania,2008,gdp_per_capita_current_usd,10583
Palau,PW,PLW,Oceania,2007,gdp_per_capita_current_usd,10408
Palau,PW,PLW,Oceania,2006,gdp_per_capita_current_usd,9885
Palau,PW,PLW,Oceania,2005,gdp_per_capita_current_usd,9640
Palau,PW,PLW,Oceania,2004,gdp_per_capita_current_usd,8395
Palau,PW,PLW,Oceania,2003,gdp_per_capita_current_usd,7862
Palau,PW,PLW,Oceania,2002,gdp_per_capita_current_usd,8341
Palau,PW,PLW,Oceania,2001,gdp_per_capita_current_usd,8240
Palau,PW,PLW,Oceania,2000,gdp_per_capita_current_usd,7797
Palau,PW,PLW,Oceania,2024,population_total,17695
Palau,PW,PLW,Oceania,2023,population_total,17727
Palau,PW,PLW,Oceania,2022,population_total,17759
Palau,PW,PLW,Oceania,2021,population_total,17783
Palau,PW,PLW,Oceania,2020,population_total,17792
Palau,PW,PLW,Oceania,2019,population_total,17798
Palau,PW,PLW,Oceania,2018,population_total,17814
Palau,PW,PLW,Oceania,2017,population_total,17812
Palau,PW,PLW,Oceania,2016,population_total,17797
Palau,PW,PLW,Oceania,2015,population_total,17770
Palau,PW,PLW,Oceania,2014,population_total,17715
Palau,PW,PLW,Oceania,2013,population_total,17648
Palau,PW,PLW,Oceania,2012,population_total,17765
Palau,PW,PLW,Oceania,2011,population_total,18078
Palau,PW,PLW,Oceania,2010,population_total,18396
Palau,PW,PLW,Oceania,2009,population_total,18709
Palau,PW,PLW,Oceania,2008,population_total,19009
Palau,PW,PLW,Oceania,2007,population_total,19302
Palau,PW,PLW,Oceania,2006,population_total,19593
Palau,PW,PLW,Oceania,2005,population_total,19819
Palau,PW,PLW,Oceania,2004,population_total,19820
Palau,PW,PLW,Oceania,2003,population_total,19659
Palau,PW,PLW,Oceania,2002,population_total,19503
Palau,PW,PLW,Oceania,2001,population_total,19352
Palau,PW,PLW,Oceania,2000,population_total,19178
Papua New Guinea,PG,PNG,Oceania,2024,gdp_current_usd,32538480024
Papua New Guinea,PG,PNG,Oceania,2023,gdp_current_usd,30816367067
Papua New Guinea,PG,PNG,Oceania,2022,gdp_current_usd,31653185953
Papua New Guinea,PG,PNG,Oceania,2021,gdp_current_usd,26109413521
Papua New Guinea,PG,PNG,Oceania,2020,gdp_current_usd,23848447850
Papua New Guinea,PG,PNG,Oceania,2019,gdp_current_usd,24750626030
Papua New Guinea,PG,PNG,Oceania,2018,gdp_current_usd,24109780708
Papua New Guinea,PG,PNG,Oceania,2017,gdp_current_usd,22742699138
Papua New Guinea,PG,PNG,Oceania,2016,gdp_current_usd,20758876953
Papua New Guinea,PG,PNG,Oceania,2015,gdp_current_usd,21723437010
Papua New Guinea,PG,PNG,Oceania,2014,gdp_current_usd,23210823987
Papua New Guinea,PG,PNG,Oceania,2013,gdp_current_usd,21261338065
Papua New Guinea,PG,PNG,Oceania,2012,gdp_current_usd,21295168666
Papua New Guinea,PG,PNG,Oceania,2011,gdp_current_usd,17985138066
Papua New Guinea,PG,PNG,Oceania,2010,gdp_current_usd,14250786675
Papua New Guinea,PG,PNG,Oceania,2009,gdp_current_usd,11619456449
Papua New Guinea,PG,PNG,Oceania,2008,gdp_current_usd,11670892801
Papua New Guinea,PG,PNG,Oceania,2007,gdp_current_usd,9545028944
Papua New Guinea,PG,PNG,Oceania,2006,gdp_current_usd,8354911041
Papua New Guinea,PG,PNG,Oceania,2005,gdp_current_usd,4865892972
Papua New Guinea,PG,PNG,Oceania,2004,gdp_current_usd,3927157867
Papua New Guinea,PG,PNG,Oceania,2003,gdp_current_usd,3536411824
Papua New Guinea,PG,PNG,Oceania,2002,gdp_current_usd,2999511040
Papua New Guinea,PG,PNG,Oceania,2001,gdp_current_usd,3081024212
Papua New Guinea,PG,PNG,Oceania,2000,gdp_current_usd,3521339699
Papua New Guinea,PG,PNG,Oceania,2024,gdp_per_capita_current_usd,3076
Papua New Guinea,PG,PNG,Oceania,2023,gdp_per_capita_current_usd,2966
Papua New Guinea,PG,PNG,Oceania,2022,gdp_per_capita_current_usd,3102
Papua New Guinea,PG,PNG,Oceania,2021,gdp_per_capita_current_usd,2608
Papua New Guinea,PG,PNG,Oceania,2020,gdp_per_capita_current_usd,2430
Papua New Guinea,PG,PNG,Oceania,2019,gdp_per_capita_current_usd,2576
Papua New Guinea,PG,PNG,Oceania,2018,gdp_per_capita_current_usd,2566
Papua New Guinea,PG,PNG,Oceania,2017,gdp_per_capita_current_usd,2478
Papua New Guinea,PG,PNG,Oceania,2016,gdp_per_capita_current_usd,2316
Papua New Guinea,PG,PNG,Oceania,2015,gdp_per_capita_current_usd,2485
Papua New Guinea,PG,PNG,Oceania,2014,gdp_per_capita_current_usd,2723
Papua New Guinea,PG,PNG,Oceania,2013,gdp_per_capita_current_usd,2561
Papua New Guinea,PG,PNG,Oceania,2012,gdp_per_capita_current_usd,2635
Papua New Guinea,PG,PNG,Oceania,2011,gdp_per_capita_current_usd,2288
Papua New Guinea,PG,PNG,Oceania,2010,gdp_per_capita_current_usd,1867
Papua New Guinea,PG,PNG,Oceania,2009,gdp_per_capita_current_usd,1569
Papua New Guinea,PG,PNG,Oceania,2008,gdp_per_capita_current_usd,1625
Papua New Guinea,PG,PNG,Oceania,2007,gdp_per_capita_current_usd,1371
Papua New Guinea,PG,PNG,Oceania,2006,gdp_per_capita_current_usd,1238
Papua New Guinea,PG,PNG,Oceania,2005,gdp_per_capita_current_usd,744
Papua New Guinea,PG,PNG,Oceania,2004,gdp_per_capita_current_usd,621
Papua New Guinea,PG,PNG,Oceania,2003,gdp_per_capita_current_usd,577
Papua New Guinea,PG,PNG,Oceania,2002,gdp_per_capita_current_usd,506
Papua New Guinea,PG,PNG,Oceania,2001,gdp_per_capita_current_usd,538
Papua New Guinea,PG,PNG,Oceania,2000,gdp_per_capita_current_usd,636
Papua New Guinea,PG,PNG,Oceania,2024,population_total,10576502
Papua New Guinea,PG,PNG,Oceania,2023,population_total,10389635
Papua New Guinea,PG,PNG,Oceania,2022,population_total,10203169
Papua New Guinea,PG,PNG,Oceania,2021,population_total,10012896
Papua New Guinea,PG,PNG,Oceania,2020,population_total,9815746
Papua New Guinea,PG,PNG,Oceania,2019,population_total,9609010
Papua New Guinea,PG,PNG,Oceania,2018,population_total,9394513
Papua New Guinea,PG,PNG,Oceania,2017,population_total,9178714
Papua New Guinea,PG,PNG,Oceania,2016,population_total,8961718
Papua New Guinea,PG,PNG,Oceania,2015,population_total,8743246
Papua New Guinea,PG,PNG,Oceania,2014,population_total,8523441
Papua New Guinea,PG,PNG,Oceania,2013,population_total,8302698
Papua New Guinea,PG,PNG,Oceania,2012,population_total,8081390
Papua New Guinea,PG,PNG,Oceania,2011,population_total,7859346
Papua New Guinea,PG,PNG,Oceania,2010,population_total,7633523
Papua New Guinea,PG,PNG,Oceania,2009,population_total,7406438
Papua New Guinea,PG,PNG,Oceania,2008,population_total,7183002
Papua New Guinea,PG,PNG,Oceania,2007,population_total,6963345
Papua New Guinea,PG,PNG,Oceania,2006,population_total,6747720
Papua New Guinea,PG,PNG,Oceania,2005,population_total,6535905
Papua New Guinea,PG,PNG,Oceania,2004,population_total,6328041
Papua New Guinea,PG,PNG,Oceania,2003,population_total,6123997
Papua New Guinea,PG,PNG,Oceania,2002,population_total,5924003
Papua New Guinea,PG,PNG,Oceania,2001,population_total,5728435
Papua New Guinea,PG,PNG,Oceania,2000,population_total,5537064
Poland,PL,POL,Europe,2024,gdp_current_usd,914696430325
Poland,PL,POL,Europe,2023,gdp_current_usd,812451128979
Poland,PL,POL,Europe,2022,gdp_current_usd,695607522885
Poland,PL,POL,Europe,2021,gdp_current_usd,689170171187
Poland,PL,POL,Europe,2020,gdp_current_usd,605914186118
Poland,PL,POL,Europe,2019,gdp_current_usd,602683770145
Poland,PL,POL,Europe,2018,gdp_current_usd,594616632477
Poland,PL,POL,Europe,2017,gdp_current_usd,528356723263
Poland,PL,POL,Europe,2016,gdp_current_usd,473259623976
Poland,PL,POL,Europe,2015,gdp_current_usd,480054118583
Poland,PL,POL,Europe,2014,gdp_current_usd,542134167179
Poland,PL,POL,Europe,2013,gdp_current_usd,518179836405
Poland,PL,POL,Europe,2012,gdp_current_usd,498148649703
Poland,PL,POL,Europe,2011,gdp_current_usd,527848543023
Poland,PL,POL,Europe,2010,gdp_current_usd,478111630684
Poland,PL,POL,Europe,2009,gdp_current_usd,440891472247
Poland,PL,POL,Europe,2008,gdp_current_usd,535612030672
Poland,PL,POL,Europe,2007,gdp_current_usd,429715132138
Poland,PL,POL,Europe,2006,gdp_current_usd,345897630736
Poland,PL,POL,Europe,2005,gdp_current_usd,306999913151
Poland,PL,POL,Europe,2004,gdp_current_usd,256268656145
Poland,PL,POL,Europe,2003,gdp_current_usd,218561225998
Poland,PL,POL,Europe,2002,gdp_current_usd,199694463256
Poland,PL,POL,Europe,2001,gdp_current_usd,191823200371
Poland,PL,POL,Europe,2000,gdp_current_usd,172953527033
Poland,PL,POL,Europe,2024,gdp_per_capita_current_usd,25023
Poland,PL,POL,Europe,2023,gdp_per_capita_current_usd,22145
Poland,PL,POL,Europe,2022,gdp_per_capita_current_usd,18891
Poland,PL,POL,Europe,2021,gdp_per_capita_current_usd,18636
Poland,PL,POL,Europe,2020,gdp_per_capita_current_usd,16151
Poland,PL,POL,Europe,2019,gdp_per_capita_current_usd,15875
Poland,PL,POL,Europe,2018,gdp_per_capita_current_usd,15658
Poland,PL,POL,Europe,2017,gdp_per_capita_current_usd,13913
Poland,PL,POL,Europe,2016,gdp_per_capita_current_usd,12464
Poland,PL,POL,Europe,2015,gdp_per_capita_current_usd,12638
Poland,PL,POL,Europe,2014,gdp_per_capita_current_usd,14262
Poland,PL,POL,Europe,2013,gdp_per_capita_current_usd,13622
Poland,PL,POL,Europe,2012,gdp_per_capita_current_usd,13087
Poland,PL,POL,Europe,2011,gdp_per_capita_current_usd,13868
Poland,PL,POL,Europe,2010,gdp_per_capita_current_usd,12568
Poland,PL,POL,Europe,2009,gdp_per_capita_current_usd,11556
Poland,PL,POL,Europe,2008,gdp_per_capita_current_usd,14049
Poland,PL,POL,Europe,2007,gdp_per_capita_current_usd,11273
Poland,PL,POL,Europe,2006,gdp_per_capita_current_usd,9069
Poland,PL,POL,Europe,2005,gdp_per_capita_current_usd,8044
Poland,PL,POL,Europe,2004,gdp_per_capita_current_usd,6712
Poland,PL,POL,Europe,2003,gdp_per_capita_current_usd,5721
Poland,PL,POL,Europe,2002,gdp_per_capita_current_usd,5223
Poland,PL,POL,Europe,2001,gdp_per_capita_current_usd,5015
Poland,PL,POL,Europe,2000,gdp_per_capita_current_usd,4521
Poland,PL,POL,Europe,2024,population_total,36554707
Poland,PL,POL,Europe,2023,population_total,36687353
Poland,PL,POL,Europe,2022,population_total,36821749
Poland,PL,POL,Europe,2021,population_total,36981559
Poland,PL,POL,Europe,2020,population_total,37515748
Poland,PL,POL,Europe,2019,population_total,37965475
Poland,PL,POL,Europe,2018,population_total,37974750
Poland,PL,POL,Europe,2017,population_total,37974826
Poland,PL,POL,Europe,2016,population_total,37970087
Poland,PL,POL,Europe,2015,population_total,37986412
Poland,PL,POL,Europe,2014,population_total,38011735
Poland,PL,POL,Europe,2013,population_total,38040196
Poland,PL,POL,Europe,2012,population_total,38063164
Poland,PL,POL,Europe,2011,population_total,38063255
Poland,PL,POL,Europe,2010,population_total,38042794
Poland,PL,POL,Europe,2009,population_total,38151603
Poland,PL,POL,Europe,2008,population_total,38125759
Poland,PL,POL,Europe,2007,population_total,38120560
Poland,PL,POL,Europe,2006,population_total,38141267
Poland,PL,POL,Europe,2005,population_total,38165445
Poland,PL,POL,Europe,2004,population_total,38182222
Poland,PL,POL,Europe,2003,population_total,38204570
Poland,PL,POL,Europe,2002,population_total,38230364
Poland,PL,POL,Europe,2001,population_total,38248076
Poland,PL,POL,Europe,2000,population_total,38258629
Puerto Rico,PR,PRI,North America,2024,gdp_current_usd,125841500000
Puerto Rico,PR,PRI,North America,2023,gdp_current_usd,118375000000
Puerto Rico,PR,PRI,North America,2022,gdp_current_usd,113843700000
Puerto Rico,PR,PRI,North America,2021,gdp_current_usd,106426600000
Puerto Rico,PR,PRI,North America,2020,gdp_current_usd,103130900000
Puerto Rico,PR,PRI,North America,2019,gdp_current_usd,105126400000
Puerto Rico,PR,PRI,North America,2018,gdp_current_usd,100958100000
Puerto Rico,PR,PRI,North America,2017,gdp_current_usd,103445526000
Puerto Rico,PR,PRI,North America,2016,gdp_current_usd,104336700000
Puerto Rico,PR,PRI,North America,2015,gdp_current_usd,103375500000
Puerto Rico,PR,PRI,North America,2014,gdp_current_usd,102445800000
Puerto Rico,PR,PRI,North America,2013,gdp_current_usd,102450000000
Puerto Rico,PR,PRI,North America,2012,gdp_current_usd,101564800000
Puerto Rico,PR,PRI,North America,2011,gdp_current_usd,100351700000
Puerto Rico,PR,PRI,North America,2010,gdp_current_usd,98381300000
Puerto Rico,PR,PRI,North America,2009,gdp_current_usd,96385600000
Puerto Rico,PR,PRI,North America,2008,gdp_current_usd,93639300000
Puerto Rico,PR,PRI,North America,2007,gdp_current_usd,89524131600
Puerto Rico,PR,PRI,North America,2006,gdp_current_usd,87276164400
Puerto Rico,PR,PRI,North America,2005,gdp_current_usd,83914521300
Puerto Rico,PR,PRI,North America,2004,gdp_current_usd,80322313000
Puerto Rico,PR,PRI,North America,2003,gdp_current_usd,74827400000
Puerto Rico,PR,PRI,North America,2002,gdp_current_usd,71623500000
Puerto Rico,PR,PRI,North America,2001,gdp_current_usd,69208400000
Puerto Rico,PR,PRI,North America,2000,gdp_current_usd,61701800000
Puerto Rico,PR,PRI,North America,2024,gdp_per_capita_current_usd,39285
Puerto Rico,PR,PRI,North America,2023,gdp_per_capita_current_usd,36948
Puerto Rico,PR,PRI,North America,2022,gdp_per_capita_current_usd,35354
Puerto Rico,PR,PRI,North America,2021,gdp_per_capita_current_usd,32619
Puerto Rico,PR,PRI,North America,2020,gdp_per_capita_current_usd,31427
Puerto Rico,PR,PRI,North America,2019,gdp_per_capita_current_usd,31831
Puerto Rico,PR,PRI,North America,2018,gdp_per_capita_current_usd,30680
Puerto Rico,PR,PRI,North America,2017,gdp_per_capita_current_usd,30328
Puerto Rico,PR,PRI,North America,2016,gdp_per_capita_current_usd,29978
Puerto Rico,PR,PRI,North America,2015,gdp_per_capita_current_usd,29242
Puerto Rico,PR,PRI,North America,2014,gdp_per_capita_current_usd,28576
Puerto Rico,PR,PRI,North America,2013,gdp_per_capita_current_usd,28212
Puerto Rico,PR,PRI,North America,2012,gdp_per_capita_current_usd,27742
Puerto Rico,PR,PRI,North America,2011,gdp_per_capita_current_usd,27170
Puerto Rico,PR,PRI,North America,2010,gdp_per_capita_current_usd,26415
Puerto Rico,PR,PRI,North America,2009,gdp_per_capita_current_usd,25769
Puerto Rico,PR,PRI,North America,2008,gdp_per_capita_current_usd,24898
Puerto Rico,PR,PRI,North America,2007,gdp_per_capita_current_usd,23665
Puerto Rico,PR,PRI,North America,2006,gdp_per_capita_current_usd,22936
Puerto Rico,PR,PRI,North America,2005,gdp_per_capita_current_usd,21959
Puerto Rico,PR,PRI,North America,2004,gdp_per_capita_current_usd,20989
Puerto Rico,PR,PRI,North America,2003,gdp_per_capita_current_usd,19557
Puerto Rico,PR,PRI,North America,2002,gdp_per_capita_current_usd,18731
Puerto Rico,PR,PRI,North America,2001,gdp_per_capita_current_usd,18123
Puerto Rico,PR,PRI,North America,2000,gdp_per_capita_current_usd,16192
Puerto Rico,PR,PRI,North America,2024,population_total,3203295
Puerto Rico,PR,PRI,North America,2023,population_total,3203792
Puerto Rico,PR,PRI,North America,2022,population_total,3220137
Puerto Rico,PR,PRI,North America,2021,population_total,3262711
Puerto Rico,PR,PRI,North America,2020,population_total,3281590
Puerto Rico,PR,PRI,North America,2019,population_total,3302691
Puerto Rico,PR,PRI,North America,2018,population_total,3290690
Puerto Rico,PR,PRI,North America,2017,population_total,3410837
Puerto Rico,PR,PRI,North America,2016,population_total,3480432
Puerto Rico,PR,PRI,North America,2015,population_total,3535167
Puerto Rico,PR,PRI,North America,2014,population_total,3585017
Puerto Rico,PR,PRI,North America,2013,population_total,3631427
Puerto Rico,PR,PRI,North America,2012,population_total,3661045
Puerto Rico,PR,PRI,North America,2011,population_total,3693464
Puerto Rico,PR,PRI,North America,2010,population_total,3724465
Puerto Rico,PR,PRI,North America,2009,population_total,3740410
Puerto Rico,PR,PRI,North America,2008,population_total,3760866
Puerto Rico,PR,PRI,North America,2007,population_total,3782995
Puerto Rico,PR,PRI,North America,2006,population_total,3805214
Puerto Rico,PR,PRI,North America,2005,population_total,3821362
Puerto Rico,PR,PRI,North America,2004,population_total,3826878
Puerto Rico,PR,PRI,North America,2003,population_total,3826095
Puerto Rico,PR,PRI,North America,2002,population_total,3823701
Puerto Rico,PR,PRI,North America,2001,population_total,3818774
Puerto Rico,PR,PRI,North America,2000,population_total,3810605
"Korea, Democratic People's Republic of",KP,PRK,Asia,2024,population_total,26498823
"Korea, Democratic People's Republic of",KP,PRK,Asia,2023,population_total,26418204
"Korea, Democratic People's Republic of",KP,PRK,Asia,2022,population_total,26328845
"Korea, Democratic People's Republic of",KP,PRK,Asia,2021,population_total,26232534
"Korea, Democratic People's Republic of",KP,PRK,Asia,2020,population_total,26136312
"Korea, Democratic People's Republic of",KP,PRK,Asia,2019,population_total,26037632
"Korea, Democratic People's Republic of",KP,PRK,Asia,2018,population_total,25931147
"Korea, Democratic People's Republic of",KP,PRK,Asia,2017,population_total,25817709
"Korea, Democratic People's Republic of",KP,PRK,Asia,2016,population_total,25698326
"Korea, Democratic People's Republic of",KP,PRK,Asia,2015,population_total,25575350
"Korea, Democratic People's Republic of",KP,PRK,Asia,2014,population_total,25451262
"Korea, Democratic People's Republic of",KP,PRK,Asia,2013,population_total,25329451
"Korea, Democratic People's Republic of",KP,PRK,Asia,2012,population_total,25211728
"Korea, Democratic People's Republic of",KP,PRK,Asia,2011,population_total,25097874
"Korea, Democratic People's Republic of",KP,PRK,Asia,2010,population_total,24987258
"Korea, Democratic People's Republic of",KP,PRK,Asia,2009,population_total,24878332
"Korea, Democratic People's Republic of",KP,PRK,Asia,2008,population_total,24764618
"Korea, Democratic People's Republic of",KP,PRK,Asia,2007,population_total,24646383
"Korea, Democratic People's Republic of",KP,PRK,Asia,2006,population_total,24524507
"Korea, Democratic People's Republic of",KP,PRK,Asia,2005,population_total,24396433
"Korea, Democratic People's Republic of",KP,PRK,Asia,2004,population_total,24254943
"Korea, Democratic People's Republic of",KP,PRK,Asia,2003,population_total,24090380
"Korea, Democratic People's Republic of",KP,PRK,Asia,2002,population_total,23943973
"Korea, Democratic People's Republic of",KP,PRK,Asia,2001,population_total,23815358
"Korea, Democratic People's Republic of",KP,PRK,Asia,2000,population_total,23665910
Portugal,PT,PRT,Europe,2024,gdp_current_usd,308683317393
Portugal,PT,PRT,Europe,2023,gdp_current_usd,289696962620
Portugal,PT,PRT,Europe,2022,gdp_current_usd,256898675069
Portugal,PT,PRT,Europe,2021,gdp_current_usd,256055879091
Portugal,PT,PRT,Europe,2020,gdp_current_usd,229618773423
Portugal,PT,PRT,Europe,2019,gdp_current_usd,240115970063
Portugal,PT,PRT,Europe,2018,gdp_current_usd,242092894543
Portugal,PT,PRT,Europe,2017,gdp_current_usd,220862990767
Portugal,PT,PRT,Europe,2016,gdp_current_usd,206305431242
Portugal,PT,PRT,Europe,2015,gdp_current_usd,199038523120
Portugal,PT,PRT,Europe,2014,gdp_current_usd,230078616300
Portugal,PT,PRT,Europe,2013,gdp_current_usd,226677408292
Portugal,PT,PRT,Europe,2012,gdp_current_usd,216536676772
Portugal,PT,PRT,Europe,2011,gdp_current_usd,245426767676
Portugal,PT,PRT,Europe,2010,gdp_current_usd,238443864993
Portugal,PT,PRT,Europe,2009,gdp_current_usd,244667762836
Portugal,PT,PRT,Europe,2008,gdp_current_usd,263416394624
Portugal,PT,PRT,Europe,2007,gdp_current_usd,240496147317
Portugal,PT,PRT,Europe,2006,gdp_current_usd,208756449276
Portugal,PT,PRT,Europe,2005,gdp_current_usd,197253876705
Portugal,PT,PRT,Europe,2004,gdp_current_usd,189382122532
Portugal,PT,PRT,Europe,2003,gdp_current_usd,165226175537
Portugal,PT,PRT,Europe,2002,gdp_current_usd,134795565549
Portugal,PT,PRT,Europe,2001,gdp_current_usd,121604107165
Portugal,PT,PRT,Europe,2000,gdp_current_usd,118605192877
Portugal,PT,PRT,Europe,2024,gdp_per_capita_current_usd,28844
Portugal,PT,PRT,Europe,2023,gdp_per_capita_current_usd,27386
Portugal,PT,PRT,Europe,2022,gdp_per_capita_current_usd,24621
Portugal,PT,PRT,Europe,2021,gdp_per_capita_current_usd,24711
Portugal,PT,PRT,Europe,2020,gdp_per_capita_current_usd,22299
Portugal,PT,PRT,Europe,2019,gdp_per_capita_current_usd,23343
Portugal,PT,PRT,Europe,2018,gdp_per_capita_current_usd,23541
Portugal,PT,PRT,Europe,2017,gdp_per_capita_current_usd,21442
Portugal,PT,PRT,Europe,2016,gdp_per_capita_current_usd,19980
Portugal,PT,PRT,Europe,2015,gdp_per_capita_current_usd,19216
Portugal,PT,PRT,Europe,2014,gdp_per_capita_current_usd,22121
Portugal,PT,PRT,Europe,2013,gdp_per_capita_current_usd,21676
Portugal,PT,PRT,Europe,2012,gdp_per_capita_current_usd,20593
Portugal,PT,PRT,Europe,2011,gdp_per_capita_current_usd,23247
Portugal,PT,PRT,Europe,2010,gdp_per_capita_current_usd,22552
Portugal,PT,PRT,Europe,2009,gdp_per_capita_current_usd,23151
Portugal,PT,PRT,Europe,2008,gdp_per_capita_current_usd,24949
Portugal,PT,PRT,Europe,2007,gdp_per_capita_current_usd,22811
Portugal,PT,PRT,Europe,2006,gdp_per_capita_current_usd,19839
Portugal,PT,PRT,Europe,2005,gdp_per_capita_current_usd,18780
Portugal,PT,PRT,Europe,2004,gdp_per_capita_current_usd,18064
Portugal,PT,PRT,Europe,2003,gdp_per_capita_current_usd,15798
Portugal,PT,PRT,Europe,2002,gdp_per_capita_current_usd,12937
Portugal,PT,PRT,Europe,2001,gdp_per_capita_current_usd,11735
Portugal,PT,PRT,Europe,2000,gdp_per_capita_current_usd,11526
Portugal,PT,PRT,Europe,2024,population_total,10701636
Portugal,PT,PRT,Europe,2023,population_total,10578174
Portugal,PT,PRT,Europe,2022,population_total,10434332
Portugal,PT,PRT,Europe,2021,population_total,10361831
Portugal,PT,PRT,Europe,2020,population_total,10297081
Portugal,PT,PRT,Europe,2019,population_total,10286263
Portugal,PT,PRT,Europe,2018,population_total,10283822
Portugal,PT,PRT,Europe,2017,population_total,10300300
Portugal,PT,PRT,Europe,2016,population_total,10325452
Portugal,PT,PRT,Europe,2015,population_total,10358076
Portugal,PT,PRT,Europe,2014,population_total,10401062
Portugal,PT,PRT,Europe,2013,population_total,10457295
Portugal,PT,PRT,Europe,2012,population_total,10514844
Portugal,PT,PRT,Europe,2011,population_total,10557560
Portugal,PT,PRT,Europe,2010,population_total,10573100
Portugal,PT,PRT,Europe,2009,population_total,10568247
Portugal,PT,PRT,Europe,2008,population_total,10558177
Portugal,PT,PRT,Europe,2007,population_total,10542964
Portugal,PT,PRT,Europe,2006,population_total,10522288
Portugal,PT,PRT,Europe,2005,population_total,10503330
Portugal,PT,PRT,Europe,2004,population_total,10483861
Portugal,PT,PRT,Europe,2003,population_total,10458821
Portugal,PT,PRT,Europe,2002,population_total,10419631
Portugal,PT,PRT,Europe,2001,population_total,10362722
Portugal,PT,PRT,Europe,2000,population_total,10289898
Paraguay,PY,PRY,South America,2024,gdp_current_usd,44458118400
Paraguay,PY,PRY,South America,2023,gdp_current_usd,43118053175
Paraguay,PY,PRY,South America,2022,gdp_current_usd,41952910858
Paraguay,PY,PRY,South America,2021,gdp_current_usd,39950899939
Paraguay,PY,PRY,South America,2020,gdp_current_usd,35432178068
Paraguay,PY,PRY,South America,2019,gdp_current_usd,37925338329
Paraguay,PY,PRY,South America,2018,gdp_current_usd,40225448341
Paraguay,PY,PRY,South America,2017,gdp_current_usd,38997129474
Paraguay,PY,PRY,South America,2016,gdp_current_usd,36089700223
Paraguay,PY,PRY,South America,2015,gdp_current_usd,36211447840
Paraguay,PY,PRY,South America,2014,gdp_current_usd,40377929296
Paraguay,PY,PRY,South America,2013,gdp_current_usd,38501122141
Paraguay,PY,PRY,South America,2012,gdp_current_usd,33271921136
Paraguay,PY,PRY,South America,2011,gdp_current_usd,33756238766
Paraguay,PY,PRY,South America,2010,gdp_current_usd,27260886405
Paraguay,PY,PRY,South America,2009,gdp_current_usd,22355151162
Paraguay,PY,PRY,South America,2008,gdp_current_usd,24615267664
Paraguay,PY,PRY,South America,2007,gdp_current_usd,17856393235
Paraguay,PY,PRY,South America,2006,gdp_current_usd,13429430050
Paraguay,PY,PRY,South America,2005,gdp_current_usd,10737500188
Paraguay,PY,PRY,South America,2004,gdp_current_usd,9624440836
Paraguay,PY,PRY,South America,2003,gdp_current_usd,7691367471
Paraguay,PY,PRY,South America,2002,gdp_current_usd,7196260657
Paraguay,PY,PRY,South America,2001,gdp_current_usd,8495806432
Paraguay,PY,PRY,South America,2000,gdp_current_usd,8855705140
Paraguay,PY,PRY,South America,2024,gdp_per_capita_current_usd,6416
Paraguay,PY,PRY,South America,2023,gdp_per_capita_current_usd,6300
Paraguay,PY,PRY,South America,2022,gdp_per_capita_current_usd,6206
Paraguay,PY,PRY,South America,2021,gdp_per_capita_current_usd,5977
Paraguay,PY,PRY,South America,2020,gdp_per_capita_current_usd,5365
Paraguay,PY,PRY,South America,2019,gdp_per_capita_current_usd,5821
Paraguay,PY,PRY,South America,2018,gdp_per_capita_current_usd,6258
Paraguay,PY,PRY,South America,2017,gdp_per_capita_current_usd,6152
Paraguay,PY,PRY,South America,2016,gdp_per_capita_current_usd,5775
Paraguay,PY,PRY,South America,2015,gdp_per_capita_current_usd,5879
Paraguay,PY,PRY,South America,2014,gdp_per_capita_current_usd,6652
Paraguay,PY,PRY,South America,2013,gdp_per_capita_current_usd,6436
Paraguay,PY,PRY,South America,2012,gdp_per_capita_current_usd,5642
Paraguay,PY,PRY,South America,2011,gdp_per_capita_current_usd,5805
Paraguay,PY,PRY,South America,2010,gdp_per_capita_current_usd,4751
Paraguay,PY,PRY,South America,2009,gdp_per_capita_current_usd,3942
Paraguay,PY,PRY,South America,2008,gdp_per_capita_current_usd,4385
Paraguay,PY,PRY,South America,2007,gdp_per_capita_current_usd,3212
Paraguay,PY,PRY,South America,2006,gdp_per_capita_current_usd,2439
Paraguay,PY,PRY,South America,2005,gdp_per_capita_current_usd,1971
Paraguay,PY,PRY,South America,2004,gdp_per_capita_current_usd,1786
Paraguay,PY,PRY,South America,2003,gdp_per_capita_current_usd,1444
Paraguay,PY,PRY,South America,2002,gdp_per_capita_current_usd,1368
Paraguay,PY,PRY,South America,2001,gdp_per_capita_current_usd,1638
Paraguay,PY,PRY,South America,2000,gdp_per_capita_current_usd,1736
Paraguay,PY,PRY,South America,2024,population_total,6929153
Paraguay,PY,PRY,South America,2023,population_total,6844146
Paraguay,PY,PRY,South America,2022,population_total,6760464
Paraguay,PY,PRY,South America,2021,population_total,6684182
Paraguay,PY,PRY,South America,2020,population_total,6603739
Paraguay,PY,PRY,South America,2019,population_total,6515058
Paraguay,PY,PRY,South America,2018,population_total,6427382
Paraguay,PY,PRY,South America,2017,population_total,6338660
Paraguay,PY,PRY,South America,2016,population_total,6249126
Paraguay,PY,PRY,South America,2015,population_total,6159103
Paraguay,PY,PRY,South America,2014,population_total,6069811
Paraguay,PY,PRY,South America,2013,population_total,5982445
Paraguay,PY,PRY,South America,2012,population_total,5897008
Paraguay,PY,PRY,South America,2011,population_total,5814626
Paraguay,PY,PRY,South America,2010,population_total,5737971
Paraguay,PY,PRY,South America,2009,population_total,5671236
Paraguay,PY,PRY,South America,2008,population_total,5613574
Paraguay,PY,PRY,South America,2007,population_total,5559386
Paraguay,PY,PRY,South America,2006,population_total,5505148
Paraguay,PY,PRY,South America,2005,population_total,5448097
Paraguay,PY,PRY,South America,2004,population_total,5388175
Paraguay,PY,PRY,South America,2003,population_total,5326436
Paraguay,PY,PRY,South America,2002,population_total,5261328
Paraguay,PY,PRY,South America,2001,population_total,5187689
Paraguay,PY,PRY,South America,2000,population_total,5100868
"Palestine, State of",PS,PSE,Asia,2024,gdp_current_usd,13711100000
"Palestine, State of",PS,PSE,Asia,2023,gdp_current_usd,17847900000
"Palestine, State of",PS,PSE,Asia,2022,gdp_current_usd,19165500000
"Palestine, State of",PS,PSE,Asia,2021,gdp_current_usd,18109000000
"Palestine, State of",PS,PSE,Asia,2020,gdp_current_usd,15531700000
"Palestine, State of",PS,PSE,Asia,2019,gdp_current_usd,17133500000
"Palestine, State of",PS,PSE,Asia,2018,gdp_current_usd,16276600000
"Palestine, State of",PS,PSE,Asia,2017,gdp_current_usd,16128000000
"Palestine, State of",PS,PSE,Asia,2016,gdp_current_usd,15405400000
"Palestine, State of",PS,PSE,Asia,2015,gdp_current_usd,13972400000
"Palestine, State of",PS,PSE,Asia,2014,gdp_current_usd,13989700000
"Palestine, State of",PS,PSE,Asia,2013,gdp_current_usd,13515500000
"Palestine, State of",PS,PSE,Asia,2012,gdp_current_usd,12208400000
"Palestine, State of",PS,PSE,Asia,2011,gdp_current_usd,11186100000
"Palestine, State of",PS,PSE,Asia,2010,gdp_current_usd,9681500000
"Palestine, State of",PS,PSE,Asia,2009,gdp_current_usd,8085700000
"Palestine, State of",PS,PSE,Asia,2008,gdp_current_usd,7310400000
"Palestine, State of",PS,PSE,Asia,2007,gdp_current_usd,5815700000
"Palestine, State of",PS,PSE,Asia,2006,gdp_current_usd,5348300000
"Palestine, State of",PS,PSE,Asia,2005,gdp_current_usd,5125700000
"Palestine, State of",PS,PSE,Asia,2004,gdp_current_usd,4603100000
"Palestine, State of",PS,PSE,Asia,2003,gdp_current_usd,3968000000
"Palestine, State of",PS,PSE,Asia,2002,gdp_current_usd,3555800000
"Palestine, State of",PS,PSE,Asia,2001,gdp_current_usd,4003700000
"Palestine, State of",PS,PSE,Asia,2000,gdp_current_usd,4313600000
"Palestine, State of",PS,PSE,Asia,2024,gdp_per_capita_current_usd,2592
"Palestine, State of",PS,PSE,Asia,2023,gdp_per_capita_current_usd,3455
"Palestine, State of",PS,PSE,Asia,2022,gdp_per_capita_current_usd,3800
"Palestine, State of",PS,PSE,Asia,2021,gdp_per_capita_current_usd,3679
"Palestine, State of",PS,PSE,Asia,2020,gdp_per_capita_current_usd,3234
"Palestine, State of",PS,PSE,Asia,2019,gdp_per_capita_current_usd,3657
"Palestine, State of",PS,PSE,Asia,2018,gdp_per_capita_current_usd,3562
"Palestine, State of",PS,PSE,Asia,2017,gdp_per_capita_current_usd,3620
"Palestine, State of",PS,PSE,Asia,2016,gdp_per_capita_current_usd,3528
"Palestine, State of",PS,PSE,Asia,2015,gdp_per_capita_current_usd,3272
"Palestine, State of",PS,PSE,Asia,2014,gdp_per_capita_current_usd,3352
"Palestine, State of",PS,PSE,Asia,2013,gdp_per_capita_current_usd,3315
"Palestine, State of",PS,PSE,Asia,2012,gdp_per_capita_current_usd,3067
"Palestine, State of",PS,PSE,Asia,2011,gdp_per_capita_current_usd,2881
"Palestine, State of",PS,PSE,Asia,2010,gdp_per_capita_current_usd,2557
"Palestine, State of",PS,PSE,Asia,2009,gdp_per_capita_current_usd,2192
"Palestine, State of",PS,PSE,Asia,2008,gdp_per_capita_current_usd,2035
"Palestine, State of",PS,PSE,Asia,2007,gdp_per_capita_current_usd,1664
"Palestine, State of",PS,PSE,Asia,2006,gdp_per_capita_current_usd,1570
"Palestine, State of",PS,PSE,Asia,2005,gdp_per_capita_current_usd,1544
"Palestine, State of",PS,PSE,Asia,2004,gdp_per_capita_current_usd,1422
"Palestine, State of",PS,PSE,Asia,2003,gdp_per_capita_current_usd,1258
"Palestine, State of",PS,PSE,Asia,2002,gdp_per_capita_current_usd,1156
"Palestine, State of",PS,PSE,Asia,2001,gdp_per_capita_current_usd,1336
"Palestine, State of",PS,PSE,Asia,2000,gdp_per_capita_current_usd,1476
"Palestine, State of",PS,PSE,Asia,2024,population_total,5289152
"Palestine, State of",PS,PSE,Asia,2023,population_total,5165775
"Palestine, State of",PS,PSE,Asia,2022,population_total,5043612
"Palestine, State of",PS,PSE,Asia,2021,population_total,4922749
"Palestine, State of",PS,PSE,Asia,2020,population_total,4803269
"Palestine, State of",PS,PSE,Asia,2019,population_total,4685306
"Palestine, State of",PS,PSE,Asia,2018,population_total,4569087
"Palestine, State of",PS,PSE,Asia,2017,population_total,4454805
"Palestine, State of",PS,PSE,Asia,2016,population_total,4367088
"Palestine, State of",PS,PSE,Asia,2015,population_total,4270092
"Palestine, State of",PS,PSE,Asia,2014,population_total,4173398
"Palestine, State of",PS,PSE,Asia,2013,population_total,4076708
"Palestine, State of",PS,PSE,Asia,2012,population_total,3979998
"Palestine, State of",PS,PSE,Asia,2011,population_total,3882986
"Palestine, State of",PS,PSE,Asia,2010,population_total,3786161
"Palestine, State of",PS,PSE,Asia,2009,population_total,3689099
"Palestine, State of",PS,PSE,Asia,2008,population_total,3591977
"Palestine, State of",PS,PSE,Asia,2007,population_total,3494496
"Palestine, State of",PS,PSE,Asia,2006,population_total,3406334
"Palestine, State of",PS,PSE,Asia,2005,population_total,3320396
"Palestine, State of",PS,PSE,Asia,2004,population_total,3236626
"Palestine, State of",PS,PSE,Asia,2003,population_total,3154969
"Palestine, State of",PS,PSE,Asia,2002,population_total,3075373
"Palestine, State of",PS,PSE,Asia,2001,population_total,2997784
"Palestine, State of",PS,PSE,Asia,2000,population_total,2922153
French Polynesia,PF,PYF,Oceania,2023,gdp_current_usd,6402221222
French Polynesia,PF,PYF,Oceania,2022,gdp_current_usd,5814661209
French Polynesia,PF,PYF,Oceania,2021,gdp_current_usd,6150640646
French Polynesia,PF,PYF,Oceania,2020,gdp_current_usd,5574821989
French Polynesia,PF,PYF,Oceania,2019,gdp_current_usd,6022276196
French Polynesia,PF,PYF,Oceania,2018,gdp_current_usd,6135116253
French Polynesia,PF,PYF,Oceania,2017,gdp_current_usd,5833352693
French Polynesia,PF,PYF,Oceania,2016,gdp_current_usd,5497036477
French Polynesia,PF,PYF,Oceania,2015,gdp_current_usd,5325846362
French Polynesia,PF,PYF,Oceania,2014,gdp_current_usd,6151996561
French Polynesia,PF,PYF,Oceania,2013,gdp_current_usd,6031827123
French Polynesia,PF,PYF,Oceania,2012,gdp_current_usd,5692858099
French Polynesia,PF,PYF,Oceania,2011,gdp_current_usd,6203940037
French Polynesia,PF,PYF,Oceania,2010,gdp_current_usd,6086644799
French Polynesia,PF,PYF,Oceania,2009,gdp_current_usd,6584557974
French Polynesia,PF,PYF,Oceania,2008,gdp_current_usd,7136741422
French Polynesia,PF,PYF,Oceania,2007,gdp_current_usd,6631156406
French Polynesia,PF,PYF,Oceania,2006,gdp_current_usd,5877997980
French Polynesia,PF,PYF,Oceania,2005,gdp_current_usd,5705052135
French Polynesia,PF,PYF,Oceania,2004,gdp_current_usd,5564109982
French Polynesia,PF,PYF,Oceania,2003,gdp_current_usd,4927780607
French Polynesia,PF,PYF,Oceania,2002,gdp_current_usd,3965405553
French Polynesia,PF,PYF,Oceania,2001,gdp_current_usd,3573808556
French Polynesia,PF,PYF,Oceania,2000,gdp_current_usd,3599845480
French Polynesia,PF,PYF,Oceania,2023,gdp_per_capita_current_usd,22774
French Polynesia,PF,PYF,Oceania,2022,gdp_per_capita_current_usd,20739
French Polynesia,PF,PYF,Oceania,2021,gdp_per_capita_current_usd,21983
French Polynesia,PF,PYF,Oceania,2020,gdp_per_capita_current_usd,19966
French Polynesia,PF,PYF,Oceania,2019,gdp_per_capita_current_usd,21583
French Polynesia,PF,PYF,Oceania,2018,gdp_per_capita_current_usd,21926
French Polynesia,PF,PYF,Oceania,2017,gdp_per_capita_current_usd,20827
French Polynesia,PF,PYF,Oceania,2016,gdp_per_capita_current_usd,19690
French Polynesia,PF,PYF,Oceania,2015,gdp_per_capita_current_usd,19167
French Polynesia,PF,PYF,Oceania,2014,gdp_per_capita_current_usd,22259
French Polynesia,PF,PYF,Oceania,2013,gdp_per_capita_current_usd,21956
French Polynesia,PF,PYF,Oceania,2012,gdp_per_capita_current_usd,20847
French Polynesia,PF,PYF,Oceania,2011,gdp_per_capita_current_usd,22832
French Polynesia,PF,PYF,Oceania,2010,gdp_per_capita_current_usd,22495
French Polynesia,PF,PYF,Oceania,2009,gdp_per_capita_current_usd,24434
French Polynesia,PF,PYF,Oceania,2008,gdp_per_capita_current_usd,26592
French Polynesia,PF,PYF,Oceania,2007,gdp_per_capita_current_usd,24888
French Polynesia,PF,PYF,Oceania,2006,gdp_per_capita_current_usd,22331
French Polynesia,PF,PYF,Oceania,2005,gdp_per_capita_current_usd,21984
French Polynesia,PF,PYF,Oceania,2004,gdp_per_capita_current_usd,21764
French Polynesia,PF,PYF,Oceania,2003,gdp_per_capita_current_usd,19583
French Polynesia,PF,PYF,Oceania,2002,gdp_per_capita_current_usd,16004
French Polynesia,PF,PYF,Oceania,2001,gdp_per_capita_current_usd,14641
French Polynesia,PF,PYF,Oceania,2000,gdp_per_capita_current_usd,14978
French Polynesia,PF,PYF,Oceania,2024,population_total,281807
French Polynesia,PF,PYF,Oceania,2023,population_total,281118
French Polynesia,PF,PYF,Oceania,2022,population_total,280378
French Polynesia,PF,PYF,Oceania,2021,population_total,279792
French Polynesia,PF,PYF,Oceania,2020,population_total,279209
French Polynesia,PF,PYF,Oceania,2019,population_total,279034
French Polynesia,PF,PYF,Oceania,2018,population_total,279815
French Polynesia,PF,PYF,Oceania,2017,population_total,280087
French Polynesia,PF,PYF,Oceania,2016,population_total,279178
French Polynesia,PF,PYF,Oceania,2015,population_total,277866
French Polynesia,PF,PYF,Oceania,2014,population_total,276387
French Polynesia,PF,PYF,Oceania,2013,population_total,274728
French Polynesia,PF,PYF,Oceania,2012,population_total,273084
French Polynesia,PF,PYF,Oceania,2011,population_total,271727
French Polynesia,PF,PYF,Oceania,2010,population_total,270580
French Polynesia,PF,PYF,Oceania,2009,population_total,269481
French Polynesia,PF,PYF,Oceania,2008,population_total,268379
French Polynesia,PF,PYF,Oceania,2007,population_total,266438
French Polynesia,PF,PYF,Oceania,2006,population_total,263223
French Polynesia,PF,PYF,Oceania,2005,population_total,259507
French Polynesia,PF,PYF,Oceania,2004,population_total,255654
French Polynesia,PF,PYF,Oceania,2003,population_total,251637
French Polynesia,PF,PYF,Oceania,2002,population_total,247775
French Polynesia,PF,PYF,Oceania,2001,population_total,244097
French Polynesia,PF,PYF,Oceania,2000,population_total,240337
Qatar,QA,QAT,Asia,2024,gdp_current_usd,217982967033
Qatar,QA,QAT,Asia,2023,gdp_current_usd,213002809341
Qatar,QA,QAT,Asia,2022,gdp_current_usd,235709325714
Qatar,QA,QAT,Asia,2021,gdp_current_usd,179732009560
Qatar,QA,QAT,Asia,2020,gdp_current_usd,144411363352
Qatar,QA,QAT,Asia,2019,gdp_current_usd,176371267692
Qatar,QA,QAT,Asia,2018,gdp_current_usd,183334953819
Qatar,QA,QAT,Asia,2017,gdp_current_usd,161099122225
Qatar,QA,QAT,Asia,2016,gdp_current_usd,151732181868
Qatar,QA,QAT,Asia,2015,gdp_current_usd,161739955577
Qatar,QA,QAT,Asia,2014,gdp_current_usd,206224598571
Qatar,QA,QAT,Asia,2013,gdp_current_usd,198727642967
Qatar,QA,QAT,Asia,2012,gdp_current_usd,186833502363
Qatar,QA,QAT,Asia,2011,gdp_current_usd,167775268626
Qatar,QA,QAT,Asia,2010,gdp_current_usd,125122306346
Qatar,QA,QAT,Asia,2009,gdp_current_usd,97798351648
Qatar,QA,QAT,Asia,2008,gdp_current_usd,115270054945
Qatar,QA,QAT,Asia,2007,gdp_current_usd,79712087912
Qatar,QA,QAT,Asia,2006,gdp_current_usd,60882142857
Qatar,QA,QAT,Asia,2005,gdp_current_usd,44530494505
Qatar,QA,QAT,Asia,2004,gdp_current_usd,31734065934
Qatar,QA,QAT,Asia,2003,gdp_current_usd,23533791209
Qatar,QA,QAT,Asia,2002,gdp_current_usd,19363736264
Qatar,QA,QAT,Asia,2001,gdp_current_usd,17538461538
Qatar,QA,QAT,Asia,2000,gdp_current_usd,17759890110
Qatar,QA,QAT,Asia,2024,gdp_per_capita_current_usd,76276
Qatar,QA,QAT,Asia,2023,gdp_per_capita_current_usd,80196
Qatar,QA,QAT,Asia,2022,gdp_per_capita_current_usd,88701
Qatar,QA,QAT,Asia,2021,gdp_per_capita_current_usd,71752
Qatar,QA,QAT,Asia,2020,gdp_per_capita_current_usd,51684
Qatar,QA,QAT,Asia,2019,gdp_per_capita_current_usd,66841
Qatar,QA,QAT,Asia,2018,gdp_per_capita_current_usd,71040
Qatar,QA,QAT,Asia,2017,gdp_per_capita_current_usd,63280
Qatar,QA,QAT,Asia,2016,gdp_per_capita_current_usd,61254
Qatar,QA,QAT,Asia,2015,gdp_per_capita_current_usd,68985
Qatar,QA,QAT,Asia,2014,gdp_per_capita_current_usd,95841
Qatar,QA,QAT,Asia,2013,gdp_per_capita_current_usd,103697
Qatar,QA,QAT,Asia,2012,gdp_per_capita_current_usd,108470
Qatar,QA,QAT,Asia,2011,gdp_per_capita_current_usd,103262
Qatar,QA,QAT,Asia,2010,gdp_per_capita_current_usd,77387
Qatar,QA,QAT,Asia,2009,gdp_per_capita_current_usd,60786
Qatar,QA,QAT,Asia,2008,gdp_per_capita_current_usd,80781
Qatar,QA,QAT,Asia,2007,gdp_per_capita_current_usd,65954
Qatar,QA,QAT,Asia,2006,gdp_per_capita_current_usd,62582
Qatar,QA,QAT,Asia,2005,gdp_per_capita_current_usd,53950
Qatar,QA,QAT,Asia,2004,gdp_per_capita_current_usd,41036
Qatar,QA,QAT,Asia,2003,gdp_per_capita_current_usd,31602
Qatar,QA,QAT,Asia,2002,gdp_per_capita_current_usd,27227
Qatar,QA,QAT,Asia,2001,gdp_per_capita_current_usd,25871
Qatar,QA,QAT,Asia,2000,gdp_per_capita_current_usd,27535
Qatar,QA,QAT,Asia,2024,population_total,2857822
Qatar,QA,QAT,Asia,2023,population_total,2656032
Qatar,QA,QAT,Asia,2022,population_total,2657333
Qatar,QA,QAT,Asia,2021,population_total,2504910
Qatar,QA,QAT,Asia,2020,population_total,2794148
Qatar,QA,QAT,Asia,2019,population_total,2638657
Qatar,QA,QAT,Asia,2018,population_total,2580734
Qatar,QA,QAT,Asia,2017,population_total,2545820
Qatar,QA,QAT,Asia,2016,population_total,2477113
Qatar,QA,QAT,Asia,2015,population_total,2344557
Qatar,QA,QAT,Asia,2014,population_total,2151745
Qatar,QA,QAT,Asia,2013,population_total,1916426
Qatar,QA,QAT,Asia,2012,population_total,1722438
Qatar,QA,QAT,Asia,2011,population_total,1624761
Qatar,QA,QAT,Asia,2010,population_total,1616832
Qatar,QA,QAT,Asia,2009,population_total,1608903
Qatar,QA,QAT,Asia,2008,population_total,1426938
Qatar,QA,QAT,Asia,2007,population_total,1208595
Qatar,QA,QAT,Asia,2006,population_total,972831
Qatar,QA,QAT,Asia,2005,population_total,825408
Qatar,QA,QAT,Asia,2004,population_total,773332
Qatar,QA,QAT,Asia,2003,population_total,744682
Qatar,QA,QAT,Asia,2002,population_total,711205
Qatar,QA,QAT,Asia,2001,population_total,677925
Qatar,QA,QAT,Asia,2000,population_total,644989
Romania,RO,ROU,Europe,2024,gdp_current_usd,382767571329
Romania,RO,ROU,Europe,2023,gdp_current_usd,350775856415
Romania,RO,ROU,Europe,2022,gdp_current_usd,296354358293
Romania,RO,ROU,Europe,2021,gdp_current_usd,286578196368
Romania,RO,ROU,Europe,2020,gdp_current_usd,252033792712
Romania,RO,ROU,Europe,2019,gdp_current_usd,251677082534
Romania,RO,ROU,Europe,2018,gdp_current_usd,243468683030
Romania,RO,ROU,Europe,2017,gdp_current_usd,210147385855
Romania,RO,ROU,Europe,2016,gdp_current_usd,185290759249
Romania,RO,ROU,Europe,2015,gdp_current_usd,177885131240
Romania,RO,ROU,Europe,2014,gdp_current_usd,199722319676
Romania,RO,ROU,Europe,2013,gdp_current_usd,189798603751
Romania,RO,ROU,Europe,2012,gdp_current_usd,179117323107
Romania,RO,ROU,Europe,2011,gdp_current_usd,192623977894
Romania,RO,ROU,Europe,2010,gdp_current_usd,170064350672
Romania,RO,ROU,Europe,2009,gdp_current_usd,174110532659
Romania,RO,ROU,Europe,2008,gdp_current_usd,214315932061
Romania,RO,ROU,Europe,2007,gdp_current_usd,174588782939
Romania,RO,ROU,Europe,2006,gdp_current_usd,122023735993
Romania,RO,ROU,Europe,2005,gdp_current_usd,98454380120
Romania,RO,ROU,Europe,2004,gdp_current_usd,74973656852
Romania,RO,ROU,Europe,2003,gdp_current_usd,57806384143
Romania,RO,ROU,Europe,2002,gdp_current_usd,46065502703
Romania,RO,ROU,Europe,2001,gdp_current_usd,40395116581
Romania,RO,ROU,Europe,2000,gdp_current_usd,37253739511
Romania,RO,ROU,Europe,2024,gdp_per_capita_current_usd,20072
Romania,RO,ROU,Europe,2023,gdp_per_capita_current_usd,18404
Romania,RO,ROU,Europe,2022,gdp_per_capita_current_usd,15558
Romania,RO,ROU,Europe,2021,gdp_per_capita_current_usd,14987
Romania,RO,ROU,Europe,2020,gdp_per_capita_current_usd,13082
Romania,RO,ROU,Europe,2019,gdp_per_capita_current_usd,12992
Romania,RO,ROU,Europe,2018,gdp_per_capita_current_usd,12502
Romania,RO,ROU,Europe,2017,gdp_per_capita_current_usd,10728
Romania,RO,ROU,Europe,2016,gdp_per_capita_current_usd,9405
Romania,RO,ROU,Europe,2015,gdp_per_capita_current_usd,8977
Romania,RO,ROU,Europe,2014,gdp_per_capita_current_usd,10032
Romania,RO,ROU,Europe,2013,gdp_per_capita_current_usd,9498
Romania,RO,ROU,Europe,2012,gdp_per_capita_current_usd,8930
Romania,RO,ROU,Europe,2011,gdp_per_capita_current_usd,9561
Romania,RO,ROU,Europe,2010,gdp_per_capita_current_usd,8400
Romania,RO,ROU,Europe,2009,gdp_per_capita_current_usd,8548
Romania,RO,ROU,Europe,2008,gdp_per_capita_current_usd,10435
Romania,RO,ROU,Europe,2007,gdp_per_capita_current_usd,8360
Romania,RO,ROU,Europe,2006,gdp_per_capita_current_usd,5758
Romania,RO,ROU,Europe,2005,gdp_per_capita_current_usd,4618
Romania,RO,ROU,Europe,2004,gdp_per_capita_current_usd,3495
Romania,RO,ROU,Europe,2003,gdp_per_capita_current_usd,2679
Romania,RO,ROU,Europe,2002,gdp_per_capita_current_usd,2120
Romania,RO,ROU,Europe,2001,gdp_per_capita_current_usd,1825
Romania,RO,ROU,Europe,2000,gdp_per_capita_current_usd,1660
Romania,RO,ROU,Europe,2024,population_total,19069340
Romania,RO,ROU,Europe,2023,population_total,19059479
Romania,RO,ROU,Europe,2022,population_total,19048502
Romania,RO,ROU,Europe,2021,population_total,19122059
Romania,RO,ROU,Europe,2020,population_total,19265250
Romania,RO,ROU,Europe,2019,population_total,19371648
Romania,RO,ROU,Europe,2018,population_total,19473970
Romania,RO,ROU,Europe,2017,population_total,19588715
Romania,RO,ROU,Europe,2016,population_total,19702267
Romania,RO,ROU,Europe,2015,population_total,19815616
Romania,RO,ROU,Europe,2014,population_total,19908979
Romania,RO,ROU,Europe,2013,population_total,19983693
Romania,RO,ROU,Europe,2012,population_total,20058035
Romania,RO,ROU,Europe,2011,population_total,20147528
Romania,RO,ROU,Europe,2010,population_total,20246871
Romania,RO,ROU,Europe,2009,population_total,20367487
Romania,RO,ROU,Europe,2008,population_total,20537875
Romania,RO,ROU,Europe,2007,population_total,20882982
Romania,RO,ROU,Europe,2006,population_total,21193760
Romania,RO,ROU,Europe,2005,population_total,21319685
Romania,RO,ROU,Europe,2004,population_total,21451748
Romania,RO,ROU,Europe,2003,population_total,21574326
Romania,RO,ROU,Europe,2002,population_total,21730496
Romania,RO,ROU,Europe,2001,population_total,22131970
Romania,RO,ROU,Europe,2000,population_total,22442971
Russian Federation,RU,RUS,Europe,2024,gdp_current_usd,2173835806672
Russian Federation,RU,RUS,Europe,2023,gdp_current_usd,2071505725031
Russian Federation,RU,RUS,Europe,2022,gdp_current_usd,2291612121335
Russian Federation,RU,RUS,Europe,2021,gdp_current_usd,1829186719575
Russian Federation,RU,RUS,Europe,2020,gdp_current_usd,1493075894362
Russian Federation,RU,RUS,Europe,2019,gdp_current_usd,1693115002708
Russian Federation,RU,RUS,Europe,2018,gdp_current_usd,1657328773461
Russian Federation,RU,RUS,Europe,2017,gdp_current_usd,1574199360089
Russian Federation,RU,RUS,Europe,2016,gdp_current_usd,1276786350881
Russian Federation,RU,RUS,Europe,2015,gdp_current_usd,1363482182198
Russian Federation,RU,RUS,Europe,2014,gdp_current_usd,2059241589895
Russian Federation,RU,RUS,Europe,2013,gdp_current_usd,2292470078346
Russian Federation,RU,RUS,Europe,2012,gdp_current_usd,2208293553878
Russian Federation,RU,RUS,Europe,2011,gdp_current_usd,2045922753398
Russian Federation,RU,RUS,Europe,2010,gdp_current_usd,1524916715224
Russian Federation,RU,RUS,Europe,2009,gdp_current_usd,1222645900056
Russian Federation,RU,RUS,Europe,2008,gdp_current_usd,1660848058303
Russian Federation,RU,RUS,Europe,2007,gdp_current_usd,1299703478482
Russian Federation,RU,RUS,Europe,2006,gdp_current_usd,989932071353
Russian Federation,RU,RUS,Europe,2005,gdp_current_usd,764015973481
Russian Federation,RU,RUS,Europe,2004,gdp_current_usd,591016690732
Russian Federation,RU,RUS,Europe,2003,gdp_current_usd,430347420185
Russian Federation,RU,RUS,Europe,2002,gdp_current_usd,345470494418
Russian Federation,RU,RUS,Europe,2001,gdp_current_usd,306602070620
Russian Federation,RU,RUS,Europe,2000,gdp_current_usd,259710142197
Russian Federation,RU,RUS,Europe,2024,gdp_per_capita_current_usd,14889
Russian Federation,RU,RUS,Europe,2023,gdp_per_capita_current_usd,14159
Russian Federation,RU,RUS,Europe,2022,gdp_per_capita_current_usd,15620
Russian Federation,RU,RUS,Europe,2021,gdp_per_capita_current_usd,12425
Russian Federation,RU,RUS,Europe,2020,gdp_per_capita_current_usd,10108
Russian Federation,RU,RUS,Europe,2019,gdp_per_capita_current_usd,11448
Russian Federation,RU,RUS,Europe,2018,gdp_per_capita_current_usd,11212
Russian Federation,RU,RUS,Europe,2017,gdp_per_capita_current_usd,10659
Russian Federation,RU,RUS,Europe,2016,gdp_per_capita_current_usd,8663
Russian Federation,RU,RUS,Europe,2015,gdp_per_capita_current_usd,9278
Russian Federation,RU,RUS,Europe,2014,gdp_per_capita_current_usd,14055
Russian Federation,RU,RUS,Europe,2013,gdp_per_capita_current_usd,15941
Russian Federation,RU,RUS,Europe,2012,gdp_per_capita_current_usd,15402
Russian Federation,RU,RUS,Europe,2011,gdp_per_capita_current_usd,14305
Russian Federation,RU,RUS,Europe,2010,gdp_per_capita_current_usd,10675
Russian Federation,RU,RUS,Europe,2009,gdp_per_capita_current_usd,8563
Russian Federation,RU,RUS,Europe,2008,gdp_per_capita_current_usd,11635
Russian Federation,RU,RUS,Europe,2007,gdp_per_capita_current_usd,9101
Russian Federation,RU,RUS,Europe,2006,gdp_per_capita_current_usd,6920
Russian Federation,RU,RUS,Europe,2005,gdp_per_capita_current_usd,5323
Russian Federation,RU,RUS,Europe,2004,gdp_per_capita_current_usd,4102
Russian Federation,RU,RUS,Europe,2003,gdp_per_capita_current_usd,2975
Russian Federation,RU,RUS,Europe,2002,gdp_per_capita_current_usd,2378
Russian Federation,RU,RUS,Europe,2001,gdp_per_capita_current_usd,2100
Russian Federation,RU,RUS,Europe,2000,gdp_per_capita_current_usd,1772
Russian Federation,RU,RUS,Europe,2024,population_total,143533851
Russian Federation,RU,RUS,Europe,2023,population_total,143826130
Russian Federation,RU,RUS,Europe,2022,population_total,144236933
Russian Federation,RU,RUS,Europe,2021,population_total,144746762
Russian Federation,RU,RUS,Europe,2020,population_total,145245148
Russian Federation,RU,RUS,Europe,2019,population_total,145453291
Russian Federation,RU,RUS,Europe,2018,population_total,145398106
Russian Federation,RU,RUS,Europe,2017,population_total,145293260
Russian Federation,RU,RUS,Europe,2016,population_total,145015460
Russian Federation,RU,RUS,Europe,2015,population_total,144640716
Russian Federation,RU,RUS,Europe,2014,population_total,144237223
Russian Federation,RU,RUS,Europe,2013,population_total,143805638
Russian Federation,RU,RUS,Europe,2012,population_total,143378447
Russian Federation,RU,RUS,Europe,2011,population_total,143018195
Russian Federation,RU,RUS,Europe,2010,population_total,142849468
Russian Federation,RU,RUS,Europe,2009,population_total,142785348
Russian Federation,RU,RUS,Europe,2008,population_total,142742366
Russian Federation,RU,RUS,Europe,2007,population_total,142805114
Russian Federation,RU,RUS,Europe,2006,population_total,143049637
Russian Federation,RU,RUS,Europe,2005,population_total,143518814
Russian Federation,RU,RUS,Europe,2004,population_total,144067316
Russian Federation,RU,RUS,Europe,2003,population_total,144648618
Russian Federation,RU,RUS,Europe,2002,population_total,145306497
Russian Federation,RU,RUS,Europe,2001,population_total,145976482
Russian Federation,RU,RUS,Europe,2000,population_total,146596869
Rwanda,RW,RWA,Africa,2024,gdp_current_usd,14251642231
Rwanda,RW,RWA,Africa,2023,gdp_current_usd,14331722700
Rwanda,RW,RWA,Africa,2022,gdp_current_usd,13316161006
Rwanda,RW,RWA,Africa,2021,gdp_current_usd,11078787095
Rwanda,RW,RWA,Africa,2020,gdp_current_usd,10174386855
Rwanda,RW,RWA,Africa,2019,gdp_current_usd,10349300277
Rwanda,RW,RWA,Africa,2018,gdp_current_usd,9637904519
Rwanda,RW,RWA,Africa,2017,gdp_current_usd,9252833894
Rwanda,RW,RWA,Africa,2016,gdp_current_usd,8695272061
Rwanda,RW,RWA,Africa,2015,gdp_current_usd,8543760206
Rwanda,RW,RWA,Africa,2014,gdp_current_usd,8238966120
Rwanda,RW,RWA,Africa,2013,gdp_current_usd,7819964024
Rwanda,RW,RWA,Africa,2012,gdp_current_usd,7654761045
Rwanda,RW,RWA,Africa,2011,gdp_current_usd,6884913658
Rwanda,RW,RWA,Africa,2010,gdp_current_usd,6124756654
Rwanda,RW,RWA,Africa,2009,gdp_current_usd,5674476969
Rwanda,RW,RWA,Africa,2008,gdp_current_usd,5179854065
Rwanda,RW,RWA,Africa,2007,gdp_current_usd,4070507895
Rwanda,RW,RWA,Africa,2006,gdp_current_usd,3319784539
Rwanda,RW,RWA,Africa,2005,gdp_current_usd,2933819766
Rwanda,RW,RWA,Africa,2004,gdp_current_usd,2376496067
Rwanda,RW,RWA,Africa,2003,gdp_current_usd,2138237279
Rwanda,RW,RWA,Africa,2002,gdp_current_usd,1966003468
Rwanda,RW,RWA,Africa,2001,gdp_current_usd,1966600715
Rwanda,RW,RWA,Africa,2000,gdp_current_usd,2068836754
Rwanda,RW,RWA,Africa,2024,gdp_per_capita_current_usd,1000
Rwanda,RW,RWA,Africa,2023,gdp_per_capita_current_usd,1027
Rwanda,RW,RWA,Africa,2022,gdp_per_capita_current_usd,975
Rwanda,RW,RWA,Africa,2021,gdp_per_capita_current_usd,830
Rwanda,RW,RWA,Africa,2020,gdp_per_capita_current_usd,779
Rwanda,RW,RWA,Africa,2019,gdp_per_capita_current_usd,810
Rwanda,RW,RWA,Africa,2018,gdp_per_capita_current_usd,772
Rwanda,RW,RWA,Africa,2017,gdp_per_capita_current_usd,758
Rwanda,RW,RWA,Africa,2016,gdp_per_capita_current_usd,730
Rwanda,RW,RWA,Africa,2015,gdp_per_capita_current_usd,734
Rwanda,RW,RWA,Africa,2014,gdp_per_capita_current_usd,725
Rwanda,RW,RWA,Africa,2013,gdp_per_capita_current_usd,705
Rwanda,RW,RWA,Africa,2012,gdp_per_capita_current_usd,707
Rwanda,RW,RWA,Africa,2011,gdp_per_capita_current_usd,651
Rwanda,RW,RWA,Africa,2010,gdp_per_capita_current_usd,594
Rwanda,RW,RWA,Africa,2009,gdp_per_capita_current_usd,564
Rwanda,RW,RWA,Africa,2008,gdp_per_capita_current_usd,528
Rwanda,RW,RWA,Africa,2007,gdp_per_capita_current_usd,426
Rwanda,RW,RWA,Africa,2006,gdp_per_capita_current_usd,357
Rwanda,RW,RWA,Africa,2005,gdp_per_capita_current_usd,324
Rwanda,RW,RWA,Africa,2004,gdp_per_capita_current_usd,270
Rwanda,RW,RWA,Africa,2003,gdp_per_capita_current_usd,249
Rwanda,RW,RWA,Africa,2002,gdp_per_capita_current_usd,234
Rwanda,RW,RWA,Africa,2001,gdp_per_capita_current_usd,237
Rwanda,RW,RWA,Africa,2000,gdp_per_capita_current_usd,252
Rwanda,RW,RWA,Africa,2024,population_total,14256567
Rwanda,RW,RWA,Africa,2023,population_total,13954471
Rwanda,RW,RWA,Africa,2022,population_total,13651030
Rwanda,RW,RWA,Africa,2021,population_total,13355260
Rwanda,RW,RWA,Africa,2020,population_total,13065837
Rwanda,RW,RWA,Africa,2019,population_total,12776103
Rwanda,RW,RWA,Africa,2018,population_total,12487996
Rwanda,RW,RWA,Africa,2017,population_total,12202060
Rwanda,RW,RWA,Africa,2016,population_total,11919183
Rwanda,RW,RWA,Africa,2015,population_total,11640022
Rwanda,RW,RWA,Africa,2014,population_total,11364757
Rwanda,RW,RWA,Africa,2013,population_total,11093340
Rwanda,RW,RWA,Africa,2012,population_total,10829901
Rwanda,RW,RWA,Africa,2011,population_total,10573733
Rwanda,RW,RWA,Africa,2010,population_total,10317553
Rwanda,RW,RWA,Africa,2009,population_total,10060432
Rwanda,RW,RWA,Africa,2008,population_total,9804269
Rwanda,RW,RWA,Africa,2007,population_total,9549933
Rwanda,RW,RWA,Africa,2006,population_total,9299246
Rwanda,RW,RWA,Africa,2005,population_total,9054528
Rwanda,RW,RWA,Africa,2004,population_total,8816844
Rwanda,RW,RWA,Africa,2003,population_total,8586875
Rwanda,RW,RWA,Africa,2002,population_total,8400180
Rwanda,RW,RWA,Africa,2001,population_total,8287094
Rwanda,RW,RWA,Africa,2000,population_total,8213931
Saudi Arabia,SA,SAU,Asia,2024,gdp_current_usd,1237529866667
Saudi Arabia,SA,SAU,Asia,2023,gdp_current_usd,1218584533333
Saudi Arabia,SA,SAU,Asia,2022,gdp_current_usd,1239075200000
Saudi Arabia,SA,SAU,Asia,2021,gdp_current_usd,982661066667
Saudi Arabia,SA,SAU,Asia,2020,gdp_current_usd,767951200000
Saudi Arabia,SA,SAU,Asia,2019,gdp_current_usd,888890133333
Saudi Arabia,SA,SAU,Asia,2018,gdp_current_usd,886564800000
Saudi Arabia,SA,SAU,Asia,2017,gdp_current_usd,741266133333
Saudi Arabia,SA,SAU,Asia,2016,gdp_current_usd,689279466667
Saudi Arabia,SA,SAU,Asia,2015,gdp_current_usd,693414400000
Saudi Arabia,SA,SAU,Asia,2014,gdp_current_usd,787153066667
Saudi Arabia,SA,SAU,Asia,2013,gdp_current_usd,769755733333
Saudi Arabia,SA,SAU,Asia,2012,gdp_current_usd,751921333333
Saudi Arabia,SA,SAU,Asia,2011,gdp_current_usd,680660800000
Saudi Arabia,SA,SAU,Asia,2010,gdp_current_usd,528207466667
Saudi Arabia,SA,SAU,Asia,2009,gdp_current_usd,429097866667
Saudi Arabia,SA,SAU,Asia,2008,gdp_current_usd,519796800000
Saudi Arabia,SA,SAU,Asia,2007,gdp_current_usd,415964509673
Saudi Arabia,SA,SAU,Asia,2006,gdp_current_usd,376900133511
Saudi Arabia,SA,SAU,Asia,2005,gdp_current_usd,328459608764
Saudi Arabia,SA,SAU,Asia,2004,gdp_current_usd,258742133333
Saudi Arabia,SA,SAU,Asia,2003,gdp_current_usd,215807733333
Saudi Arabia,SA,SAU,Asia,2002,gdp_current_usd,189605866667
Saudi Arabia,SA,SAU,Asia,2001,gdp_current_usd,184137600000
Saudi Arabia,SA,SAU,Asia,2000,gdp_current_usd,189514933333
Saudi Arabia,SA,SAU,Asia,2024,gdp_per_capita_current_usd,35057
Saudi Arabia,SA,SAU,Asia,2023,gdp_per_capita_current_usd,36157
Saudi Arabia,SA,SAU,Asia,2022,gdp_per_capita_current_usd,38510
Saudi Arabia,SA,SAU,Asia,2021,gdp_per_capita_current_usd,31921
Saudi Arabia,SA,SAU,Asia,2020,gdp_per_capita_current_usd,24339
Saudi Arabia,SA,SAU,Asia,2019,gdp_per_capita_current_usd,29567
Saudi Arabia,SA,SAU,Asia,2018,gdp_per_capita_current_usd,29360
Saudi Arabia,SA,SAU,Asia,2017,gdp_per_capita_current_usd,23929
Saudi Arabia,SA,SAU,Asia,2016,gdp_per_capita_current_usd,22268
Saudi Arabia,SA,SAU,Asia,2015,gdp_per_capita_current_usd,23256
Saudi Arabia,SA,SAU,Asia,2014,gdp_per_capita_current_usd,27805
Saudi Arabia,SA,SAU,Asia,2013,gdp_per_capita_current_usd,27865
Saudi Arabia,SA,SAU,Asia,2012,gdp_per_capita_current_usd,28733
Saudi Arabia,SA,SAU,Asia,2011,gdp_per_capita_current_usd,27127
Saudi Arabia,SA,SAU,Asia,2010,gdp_per_capita_current_usd,22028
Saudi Arabia,SA,SAU,Asia,2009,gdp_per_capita_current_usd,17718
Saudi Arabia,SA,SAU,Asia,2008,gdp_per_capita_current_usd,22320
Saudi Arabia,SA,SAU,Asia,2007,gdp_per_capita_current_usd,18596
Saudi Arabia,SA,SAU,Asia,2006,gdp_per_capita_current_usd,17564
Saudi Arabia,SA,SAU,Asia,2005,gdp_per_capita_current_usd,15976
Saudi Arabia,SA,SAU,Asia,2004,gdp_per_capita_current_usd,13154
Saudi Arabia,SA,SAU,Asia,2003,gdp_per_capita_current_usd,11487
Saudi Arabia,SA,SAU,Asia,2002,gdp_per_capita_current_usd,10586
Saudi Arabia,SA,SAU,Asia,2001,gdp_per_capita_current_usd,10805
Saudi Arabia,SA,SAU,Asia,2000,gdp_per_capita_current_usd,11715
Saudi Arabia,SA,SAU,Asia,2024,population_total,35300280
Saudi Arabia,SA,SAU,Asia,2023,population_total,33702731
Saudi Arabia,SA,SAU,Asia,2022,population_total,32175224
Saudi Arabia,SA,SAU,Asia,2021,population_total,30784383
Saudi Arabia,SA,SAU,Asia,2020,population_total,31552510
Saudi Arabia,SA,SAU,Asia,2019,population_total,30063799
Saudi Arabia,SA,SAU,Asia,2018,population_total,30196281
Saudi Arabia,SA,SAU,Asia,2017,population_total,30977355
Saudi Arabia,SA,SAU,Asia,2016,population_total,30954198
Saudi Arabia,SA,SAU,Asia,2015,population_total,29816382
Saudi Arabia,SA,SAU,Asia,2014,population_total,28309273
Saudi Arabia,SA,SAU,Asia,2013,population_total,27624004
Saudi Arabia,SA,SAU,Asia,2012,population_total,26168861
Saudi Arabia,SA,SAU,Asia,2011,population_total,25091867
Saudi Arabia,SA,SAU,Asia,2010,population_total,23978487
Saudi Arabia,SA,SAU,Asia,2009,population_total,24217654
Saudi Arabia,SA,SAU,Asia,2008,population_total,23287877
Saudi Arabia,SA,SAU,Asia,2007,population_total,22368313
Saudi Arabia,SA,SAU,Asia,2006,population_total,21459144
Saudi Arabia,SA,SAU,Asia,2005,population_total,20559890
Saudi Arabia,SA,SAU,Asia,2004,population_total,19669480
Saudi Arabia,SA,SAU,Asia,2003,population_total,18786767
Saudi Arabia,SA,SAU,Asia,2002,population_total,17910910
Saudi Arabia,SA,SAU,Asia,2001,population_total,17041397
Saudi Arabia,SA,SAU,Asia,2000,population_total,16177722
Sudan,SD,SDN,Africa,2024,gdp_current_usd,49909807030
Sudan,SD,SDN,Africa,2023,gdp_current_usd,39898289821
Sudan,SD,SDN,Africa,2022,gdp_current_usd,51666875363
Sudan,SD,SDN,Africa,2021,gdp_current_usd,34229513775
Sudan,SD,SDN,Africa,2020,gdp_current_usd,27034593750
Sudan,SD,SDN,Africa,2019,gdp_current_usd,32338079165
Sudan,SD,SDN,Africa,2018,gdp_current_usd,32333780383
Sudan,SD,SDN,Africa,2017,gdp_current_usd,41283617976
Sudan,SD,SDN,Africa,2016,gdp_current_usd,42630376000
Sudan,SD,SDN,Africa,2015,gdp_current_usd,51726758677
Sudan,SD,SDN,Africa,2014,gdp_current_usd,49516748618
Sudan,SD,SDN,Africa,2013,gdp_current_usd,43024018082
Sudan,SD,SDN,Africa,2012,gdp_current_usd,37632919967
Sudan,SD,SDN,Africa,2011,gdp_current_usd,55018567211
Sudan,SD,SDN,Africa,2010,gdp_current_usd,58962978034
Sudan,SD,SDN,Africa,2009,gdp_current_usd,51621044077
Sudan,SD,SDN,Africa,2008,gdp_current_usd,64833083257
Sudan,SD,SDN,Africa,2007,gdp_current_usd,59440139775
Sudan,SD,SDN,Africa,2006,gdp_current_usd,45263831634
Sudan,SD,SDN,Africa,2005,gdp_current_usd,35182711988
Sudan,SD,SDN,Africa,2004,gdp_current_usd,26646007251
Sudan,SD,SDN,Africa,2003,gdp_current_usd,21355298460
Sudan,SD,SDN,Africa,2002,gdp_current_usd,18137128388
Sudan,SD,SDN,Africa,2001,gdp_current_usd,15716361792
Sudan,SD,SDN,Africa,2000,gdp_current_usd,12257299147
Sudan,SD,SDN,Africa,2024,gdp_per_capita_current_usd,989
Sudan,SD,SDN,Africa,2023,gdp_per_capita_current_usd,797
Sudan,SD,SDN,Africa,2022,gdp_per_capita_current_usd,1046
Sudan,SD,SDN,Africa,2021,gdp_per_capita_current_usd,712
Sudan,SD,SDN,Africa,2020,gdp_per_capita_current_usd,578
Sudan,SD,SDN,Africa,2019,gdp_per_capita_current_usd,710
Sudan,SD,SDN,Africa,2018,gdp_per_capita_current_usd,731
Sudan,SD,SDN,Africa,2017,gdp_per_capita_current_usd,967
Sudan,SD,SDN,Africa,2016,gdp_per_capita_current_usd,1033
Sudan,SD,SDN,Africa,2015,gdp_per_capita_current_usd,1292
Sudan,SD,SDN,Africa,2014,gdp_per_capita_current_usd,1275
Sudan,SD,SDN,Africa,2013,gdp_per_capita_current_usd,1139
Sudan,SD,SDN,Africa,2012,gdp_per_capita_current_usd,1019
Sudan,SD,SDN,Africa,2011,gdp_per_capita_current_usd,1333
Sudan,SD,SDN,Africa,2010,gdp_per_capita_current_usd,1306
Sudan,SD,SDN,Africa,2009,gdp_per_capita_current_usd,1178
Sudan,SD,SDN,Africa,2008,gdp_per_capita_current_usd,1528
Sudan,SD,SDN,Africa,2007,gdp_per_capita_current_usd,1444
Sudan,SD,SDN,Africa,2006,gdp_per_capita_current_usd,1132
Sudan,SD,SDN,Africa,2005,gdp_per_capita_current_usd,906
Sudan,SD,SDN,Africa,2004,gdp_per_capita_current_usd,705
Sudan,SD,SDN,Africa,2003,gdp_per_capita_current_usd,580
Sudan,SD,SDN,Africa,2002,gdp_per_capita_current_usd,506
Sudan,SD,SDN,Africa,2001,gdp_per_capita_current_usd,451
Sudan,SD,SDN,Africa,2000,gdp_per_capita_current_usd,362
Sudan,SD,SDN,Africa,2024,population_total,50448963
Sudan,SD,SDN,Africa,2023,population_total,50042791
Sudan,SD,SDN,Africa,2022,population_total,49383346
Sudan,SD,SDN,Africa,2021,population_total,48066924
Sudan,SD,SDN,Africa,2020,population_total,46789231
Sudan,SD,SDN,Africa,2019,population_total,45548175
Sudan,SD,SDN,Africa,2018,population_total,44230596
Sudan,SD,SDN,Africa,2017,population_total,42714306
Sudan,SD,SDN,Africa,2016,population_total,41259892
Sudan,SD,SDN,Africa,2015,population_total,40024431
Sudan,SD,SDN,Africa,2014,population_total,38823318
Sudan,SD,SDN,Africa,2013,population_total,37785849
Sudan,SD,SDN,Africa,2012,population_total,36923178
Sudan,SD,SDN,Africa,2011,population_total,36140806
Sudan,SD,SDN,Africa,2010,population_total,35414399
Sudan,SD,SDN,Africa,2009,population_total,34569113
Sudan,SD,SDN,Africa,2008,population_total,33623980
Sudan,SD,SDN,Africa,2007,population_total,32764135
Sudan,SD,SDN,Africa,2006,population_total,31992435
Sudan,SD,SDN,Africa,2005,population_total,31262444
Sudan,SD,SDN,Africa,2004,population_total,30556637
Sudan,SD,SDN,Africa,2003,population_total,29896035
Sudan,SD,SDN,Africa,2002,population_total,29228727
Sudan,SD,SDN,Africa,2001,population_total,28516770
Sudan,SD,SDN,Africa,2000,population_total,27816745
Senegal,SN,SEN,Africa,2024,gdp_current_usd,32267254425
Senegal,SN,SEN,Africa,2023,gdp_current_usd,30696331296
Senegal,SN,SEN,Africa,2022,gdp_current_usd,27783332223
Senegal,SN,SEN,Africa,2021,gdp_current_usd,27520784130
Senegal,SN,SEN,Africa,2020,gdp_current_usd,24530513038
Senegal,SN,SEN,Africa,2019,gdp_current_usd,23403995992
Senegal,SN,SEN,Africa,2018,gdp_current_usd,23116701556
Senegal,SN,SEN,Africa,2017,gdp_current_usd,20996562944
Senegal,SN,SEN,Africa,2016,gdp_current_usd,19040312333
Senegal,SN,SEN,Africa,2015,gdp_current_usd,17774766696
Senegal,SN,SEN,Africa,2014,gdp_current_usd,19797253440
Senegal,SN,SEN,Africa,2013,gdp_current_usd,18918667725
Senegal,SN,SEN,Africa,2012,gdp_current_usd,17660870412
Senegal,SN,SEN,Africa,2011,gdp_current_usd,17814283639
Senegal,SN,SEN,Africa,2010,gdp_current_usd,16121315909
Senegal,SN,SEN,Africa,2009,gdp_current_usd,16145867495
Senegal,SN,SEN,Africa,2008,gdp_current_usd,16853989628
Senegal,SN,SEN,Africa,2007,gdp_current_usd,13994218413
Senegal,SN,SEN,Africa,2006,gdp_current_usd,11697918243
Senegal,SN,SEN,Africa,2005,gdp_current_usd,11009033438
Senegal,SN,SEN,Africa,2004,gdp_current_usd,10076816667
Senegal,SN,SEN,Africa,2003,gdp_current_usd,8768721563
Senegal,SN,SEN,Africa,2002,gdp_current_usd,7006402320
Senegal,SN,SEN,Africa,2001,gdp_current_usd,6507824829
Senegal,SN,SEN,Africa,2000,gdp_current_usd,6013185004
Senegal,SN,SEN,Africa,2024,gdp_per_capita_current_usd,1744
Senegal,SN,SEN,Africa,2023,gdp_per_capita_current_usd,1698
Senegal,SN,SEN,Africa,2022,gdp_per_capita_current_usd,1574
Senegal,SN,SEN,Africa,2021,gdp_per_capita_current_usd,1598
Senegal,SN,SEN,Africa,2020,gdp_per_capita_current_usd,1461
Senegal,SN,SEN,Africa,2019,gdp_per_capita_current_usd,1431
Senegal,SN,SEN,Africa,2018,gdp_per_capita_current_usd,1453
Senegal,SN,SEN,Africa,2017,gdp_per_capita_current_usd,1357
Senegal,SN,SEN,Africa,2016,gdp_per_capita_current_usd,1266
Senegal,SN,SEN,Africa,2015,gdp_per_capita_current_usd,1218
Senegal,SN,SEN,Africa,2014,gdp_per_capita_current_usd,1399
Senegal,SN,SEN,Africa,2013,gdp_per_capita_current_usd,1380
Senegal,SN,SEN,Africa,2012,gdp_per_capita_current_usd,1327
Senegal,SN,SEN,Africa,2011,gdp_per_capita_current_usd,1375
Senegal,SN,SEN,Africa,2010,gdp_per_capita_current_usd,1276
Senegal,SN,SEN,Africa,2009,gdp_per_capita_current_usd,1309
Senegal,SN,SEN,Africa,2008,gdp_per_capita_current_usd,1399
Senegal,SN,SEN,Africa,2007,gdp_per_capita_current_usd,1189
Senegal,SN,SEN,Africa,2006,gdp_per_capita_current_usd,1017
Senegal,SN,SEN,Africa,2005,gdp_per_capita_current_usd,980
Senegal,SN,SEN,Africa,2004,gdp_per_capita_current_usd,918
Senegal,SN,SEN,Africa,2003,gdp_per_capita_current_usd,818
Senegal,SN,SEN,Africa,2002,gdp_per_capita_current_usd,669
Senegal,SN,SEN,Africa,2001,gdp_per_capita_current_usd,637
Senegal,SN,SEN,Africa,2000,gdp_per_capita_current_usd,603
Senegal,SN,SEN,Africa,2024,population_total,18501984
Senegal,SN,SEN,Africa,2023,population_total,18077573
Senegal,SN,SEN,Africa,2022,population_total,17651103
Senegal,SN,SEN,Africa,2021,population_total,17220867
Senegal,SN,SEN,Africa,2020,population_total,16789219
Senegal,SN,SEN,Africa,2019,population_total,16352922
Senegal,SN,SEN,Africa,2018,population_total,15914498
Senegal,SN,SEN,Africa,2017,population_total,15475002
Senegal,SN,SEN,Africa,2016,population_total,15034521
Senegal,SN,SEN,Africa,2015,population_total,14593331
Senegal,SN,SEN,Africa,2014,population_total,14152102
Senegal,SN,SEN,Africa,2013,population_total,13710849
Senegal,SN,SEN,Africa,2012,population_total,13310495
Senegal,SN,SEN,Africa,2011,population_total,12958897
Senegal,SN,SEN,Africa,2010,population_total,12635413
Senegal,SN,SEN,Africa,2009,population_total,12337389
Senegal,SN,SEN,Africa,2008,population_total,12048959
Senegal,SN,SEN,Africa,2007,population_total,11770344
Senegal,SN,SEN,Africa,2006,population_total,11500094
Senegal,SN,SEN,Africa,2005,population_total,11235472
Senegal,SN,SEN,Africa,2004,population_total,10975704
Senegal,SN,SEN,Africa,2003,population_total,10721176
Senegal,SN,SEN,Africa,2002,population_total,10466214
Senegal,SN,SEN,Africa,2001,population_total,10212942
Senegal,SN,SEN,Africa,2000,population_total,9968260
Singapore,SG,SGP,Asia,2024,gdp_current_usd,547386645892
Singapore,SG,SGP,Asia,2023,gdp_current_usd,505439514078
Singapore,SG,SGP,Asia,2022,gdp_current_usd,509017841147
Singapore,SG,SGP,Asia,2021,gdp_current_usd,436591382250
Singapore,SG,SGP,Asia,2020,gdp_current_usd,349165858545
Singapore,SG,SGP,Asia,2019,gdp_current_usd,376161998830
Singapore,SG,SGP,Asia,2018,gdp_current_usd,377123710561
Singapore,SG,SGP,Asia,2017,gdp_current_usd,343673334902
Singapore,SG,SGP,Asia,2016,gdp_current_usd,319646468521
Singapore,SG,SGP,Asia,2015,gdp_current_usd,307998545269
Singapore,SG,SGP,Asia,2014,gdp_current_usd,314863580758
Singapore,SG,SGP,Asia,2013,gdp_current_usd,307576360585
Singapore,SG,SGP,Asia,2012,gdp_current_usd,295092888077
Singapore,SG,SGP,Asia,2011,gdp_current_usd,279356499090
Singapore,SG,SGP,Asia,2010,gdp_current_usd,239807980591
Singapore,SG,SGP,Asia,2009,gdp_current_usd,194150283772
Singapore,SG,SGP,Asia,2008,gdp_current_usd,193617323539
Singapore,SG,SGP,Asia,2007,gdp_current_usd,180941701358
Singapore,SG,SGP,Asia,2006,gdp_current_usd,148627286361
Singapore,SG,SGP,Asia,2005,gdp_current_usd,127807848728
Singapore,SG,SGP,Asia,2004,gdp_current_usd,115033593101
Singapore,SG,SGP,Asia,2003,gdp_current_usd,97646401096
Singapore,SG,SGP,Asia,2002,gdp_current_usd,92538372870
Singapore,SG,SGP,Asia,2001,gdp_current_usd,89793790670
Singapore,SG,SGP,Asia,2000,gdp_current_usd,96076539926
Singapore,SG,SGP,Asia,2024,gdp_per_capita_current_usd,90674
Singapore,SG,SGP,Asia,2023,gdp_per_capita_current_usd,85412
Singapore,SG,SGP,Asia,2022,gdp_per_capita_current_usd,90299
Singapore,SG,SGP,Asia,2021,gdp_per_capita_current_usd,80056
Singapore,SG,SGP,Asia,2020,gdp_per_capita_current_usd,61410
Singapore,SG,SGP,Asia,2019,gdp_per_capita_current_usd,65952
Singapore,SG,SGP,Asia,2018,gdp_per_capita_current_usd,66882
Singapore,SG,SGP,Asia,2017,gdp_per_capita_current_usd,61236
Singapore,SG,SGP,Asia,2016,gdp_per_capita_current_usd,57006
Singapore,SG,SGP,Asia,2015,gdp_per_capita_current_usd,55646
Singapore,SG,SGP,Asia,2014,gdp_per_capita_current_usd,57565
Singapore,SG,SGP,Asia,2013,gdp_per_capita_current_usd,56967
Singapore,SG,SGP,Asia,2012,gdp_per_capita_current_usd,55548
Singapore,SG,SGP,Asia,2011,gdp_per_capita_current_usd,53891
Singapore,SG,SGP,Asia,2010,gdp_per_capita_current_usd,47237
Singapore,SG,SGP,Asia,2009,gdp_per_capita_current_usd,38927
Singapore,SG,SGP,Asia,2008,gdp_per_capita_current_usd,40009
Singapore,SG,SGP,Asia,2007,gdp_per_capita_current_usd,39433
Singapore,SG,SGP,Asia,2006,gdp_per_capita_current_usd,33768
Singapore,SG,SGP,Asia,2005,gdp_per_capita_current_usd,29961
Singapore,SG,SGP,Asia,2004,gdp_per_capita_current_usd,27608
Singapore,SG,SGP,Asia,2003,gdp_per_capita_current_usd,23730
Singapore,SG,SGP,Asia,2002,gdp_per_capita_current_usd,22160
Singapore,SG,SGP,Asia,2001,gdp_per_capita_current_usd,21700
Singapore,SG,SGP,Asia,2000,gdp_per_capita_current_usd,23853
Singapore,SG,SGP,Asia,2024,population_total,6036860
Singapore,SG,SGP,Asia,2023,population_total,5917648
Singapore,SG,SGP,Asia,2022,population_total,5637022
Singapore,SG,SGP,Asia,2021,population_total,5453566
Singapore,SG,SGP,Asia,2020,population_total,5685807
Singapore,SG,SGP,Asia,2019,population_total,5703569
Singapore,SG,SGP,Asia,2018,population_total,5638676
Singapore,SG,SGP,Asia,2017,population_total,5612253
Singapore,SG,SGP,Asia,2016,population_total,5607283
Singapore,SG,SGP,Asia,2015,population_total,5535002
Singapore,SG,SGP,Asia,2014,population_total,5469724
Singapore,SG,SGP,Asia,2013,population_total,5399162
Singapore,SG,SGP,Asia,2012,population_total,5312437
Singapore,SG,SGP,Asia,2011,population_total,5183688
Singapore,SG,SGP,Asia,2010,population_total,5076732
Singapore,SG,SGP,Asia,2009,population_total,4987573
Singapore,SG,SGP,Asia,2008,population_total,4839396
Singapore,SG,SGP,Asia,2007,population_total,4588599
Singapore,SG,SGP,Asia,2006,population_total,4401365
Singapore,SG,SGP,Asia,2005,population_total,4265762
Singapore,SG,SGP,Asia,2004,population_total,4166664
Singapore,SG,SGP,Asia,2003,population_total,4114826
Singapore,SG,SGP,Asia,2002,population_total,4175950
Singapore,SG,SGP,Asia,2001,population_total,4138012
Singapore,SG,SGP,Asia,2000,population_total,4027887
Solomon Islands,SB,SLB,Oceania,2024,gdp_current_usd,1760767447
Solomon Islands,SB,SLB,Oceania,2023,gdp_current_usd,1660896531
Solomon Islands,SB,SLB,Oceania,2022,gdp_current_usd,1566360686
Solomon Islands,SB,SLB,Oceania,2021,gdp_current_usd,1522794913
Solomon Islands,SB,SLB,Oceania,2020,gdp_current_usd,1536145814
Solomon Islands,SB,SLB,Oceania,2019,gdp_current_usd,1619155017
Solomon Islands,SB,SLB,Oceania,2018,gdp_current_usd,1615478393
Solomon Islands,SB,SLB,Oceania,2017,gdp_current_usd,1469789119
Solomon Islands,SB,SLB,Oceania,2016,gdp_current_usd,1379490304
Solomon Islands,SB,SLB,Oceania,2015,gdp_current_usd,1307909888
Solomon Islands,SB,SLB,Oceania,2014,gdp_current_usd,1335571421
Solomon Islands,SB,SLB,Oceania,2013,gdp_current_usd,1285911586
Solomon Islands,SB,SLB,Oceania,2012,gdp_current_usd,1185215418
Solomon Islands,SB,SLB,Oceania,2011,gdp_current_usd,1063895361
Solomon Islands,SB,SLB,Oceania,2010,gdp_current_usd,898133685
Solomon Islands,SB,SLB,Oceania,2009,gdp_current_usd,805557563
Solomon Islands,SB,SLB,Oceania,2008,gdp_current_usd,776337692
Solomon Islands,SB,SLB,Oceania,2007,gdp_current_usd,695295348
Solomon Islands,SB,SLB,Oceania,2006,gdp_current_usd,617258154
Solomon Islands,SB,SLB,Oceania,2005,gdp_current_usd,552864570
Solomon Islands,SB,SLB,Oceania,2004,gdp_current_usd,468005319
Solomon Islands,SB,SLB,Oceania,2003,gdp_current_usd,417668983
Solomon Islands,SB,SLB,Oceania,2002,gdp_current_usd,346406739
Solomon Islands,SB,SLB,Oceania,2001,gdp_current_usd,409508553
Solomon Islands,SB,SLB,Oceania,2000,gdp_current_usd,419842674
Solomon Islands,SB,SLB,Oceania,2024,gdp_per_capita_current_usd,2149
Solomon Islands,SB,SLB,Oceania,2023,gdp_per_capita_current_usd,2076
Solomon Islands,SB,SLB,Oceania,2022,gdp_per_capita_current_usd,2005
Solomon Islands,SB,SLB,Oceania,2021,gdp_per_capita_current_usd,1997
Solomon Islands,SB,SLB,Oceania,2020,gdp_per_capita_current_usd,2063
Solomon Islands,SB,SLB,Oceania,2019,gdp_per_capita_current_usd,2224
Solomon Islands,SB,SLB,Oceania,2018,gdp_per_capita_current_usd,2278
Solomon Islands,SB,SLB,Oceania,2017,gdp_per_capita_current_usd,2144
Solomon Islands,SB,SLB,Oceania,2016,gdp_per_capita_current_usd,2083
Solomon Islands,SB,SLB,Oceania,2015,gdp_per_capita_current_usd,2045
Solomon Islands,SB,SLB,Oceania,2014,gdp_per_capita_current_usd,2165
Solomon Islands,SB,SLB,Oceania,2013,gdp_per_capita_current_usd,2161
Solomon Islands,SB,SLB,Oceania,2012,gdp_per_capita_current_usd,2066
Solomon Islands,SB,SLB,Oceania,2011,gdp_per_capita_current_usd,1924
Solomon Islands,SB,SLB,Oceania,2010,gdp_per_capita_current_usd,1685
Solomon Islands,SB,SLB,Oceania,2009,gdp_per_capita_current_usd,1555
Solomon Islands,SB,SLB,Oceania,2008,gdp_per_capita_current_usd,1526
Solomon Islands,SB,SLB,Oceania,2007,gdp_per_capita_current_usd,1390
Solomon Islands,SB,SLB,Oceania,2006,gdp_per_capita_current_usd,1256
Solomon Islands,SB,SLB,Oceania,2005,gdp_per_capita_current_usd,1144
Solomon Islands,SB,SLB,Oceania,2004,gdp_per_capita_current_usd,986
Solomon Islands,SB,SLB,Oceania,2003,gdp_per_capita_current_usd,896
Solomon Islands,SB,SLB,Oceania,2002,gdp_per_capita_current_usd,757
Solomon Islands,SB,SLB,Oceania,2001,gdp_per_capita_current_usd,912
Solomon Islands,SB,SLB,Oceania,2000,gdp_per_capita_current_usd,953
Solomon Islands,SB,SLB,Oceania,2024,population_total,819198
Solomon Islands,SB,SLB,Oceania,2023,population_total,800005
Solomon Islands,SB,SLB,Oceania,2022,population_total,781066
Solomon Islands,SB,SLB,Oceania,2021,population_total,762591
Solomon Islands,SB,SLB,Oceania,2020,population_total,744498
Solomon Islands,SB,SLB,Oceania,2019,population_total,728147
Solomon Islands,SB,SLB,Oceania,2018,population_total,709101
Solomon Islands,SB,SLB,Oceania,2017,population_total,685672
Solomon Islands,SB,SLB,Oceania,2016,population_total,662379
Solomon Islands,SB,SLB,Oceania,2015,population_total,639415
Solomon Islands,SB,SLB,Oceania,2014,population_total,616908
Solomon Islands,SB,SLB,Oceania,2013,population_total,594945
Solomon Islands,SB,SLB,Oceania,2012,population_total,573606
Solomon Islands,SB,SLB,Oceania,2011,population_total,552945
Solomon Islands,SB,SLB,Oceania,2010,population_total,532968
Solomon Islands,SB,SLB,Oceania,2009,population_total,518141
Solomon Islands,SB,SLB,Oceania,2008,population_total,508790
Solomon Islands,SB,SLB,Oceania,2007,population_total,500156
Solomon Islands,SB,SLB,Oceania,2006,population_total,491594
Solomon Islands,SB,SLB,Oceania,2005,population_total,483080
Solomon Islands,SB,SLB,Oceania,2004,population_total,474611
Solomon Islands,SB,SLB,Oceania,2003,population_total,466154
Solomon Islands,SB,SLB,Oceania,2002,population_total,457671
Solomon Islands,SB,SLB,Oceania,2001,population_total,449125
Solomon Islands,SB,SLB,Oceania,2000,population_total,440469
Sierra Leone,SL,SLE,Africa,2024,gdp_current_usd,7547843281
Sierra Leone,SL,SLE,Africa,2023,gdp_current_usd,6411787856
Sierra Leone,SL,SLE,Africa,2022,gdp_current_usd,7124465160
Sierra Leone,SL,SLE,Africa,2021,gdp_current_usd,7173379137
Sierra Leone,SL,SLE,Africa,2020,gdp_current_usd,6693888876
Sierra Leone,SL,SLE,Africa,2019,gdp_current_usd,6526183564
Sierra Leone,SL,SLE,Africa,2018,gdp_current_usd,6390514689
Sierra Leone,SL,SLE,Africa,2017,gdp_current_usd,5749846528
Sierra Leone,SL,SLE,Africa,2016,gdp_current_usd,6084297211
Sierra Leone,SL,SLE,Africa,2015,gdp_current_usd,6788352975
Sierra Leone,SL,SLE,Africa,2014,gdp_current_usd,7686138791
Sierra Leone,SL,SLE,Africa,2013,gdp_current_usd,7502762863
Sierra Leone,SL,SLE,Africa,2012,gdp_current_usd,6141666509
Sierra Leone,SL,SLE,Africa,2011,gdp_current_usd,4861632885
Sierra Leone,SL,SLE,Africa,2010,gdp_current_usd,4262805967
Sierra Leone,SL,SLE,Africa,2009,gdp_current_usd,3953403098
Sierra Leone,SL,SLE,Africa,2008,gdp_current_usd,4157895298
Sierra Leone,SL,SLE,Africa,2007,gdp_current_usd,3632957611
Sierra Leone,SL,SLE,Africa,2006,gdp_current_usd,3263697467
Sierra Leone,SL,SLE,Africa,2005,gdp_current_usd,2545275313
Sierra Leone,SL,SLE,Africa,2004,gdp_current_usd,2237350687
Sierra Leone,SL,SLE,Africa,2003,gdp_current_usd,2142618046
Sierra Leone,SL,SLE,Africa,2002,gdp_current_usd,1933863911
Sierra Leone,SL,SLE,Africa,2001,gdp_current_usd,1681473894
Sierra Leone,SL,SLE,Africa,2000,gdp_current_usd,635866404
Sierra Leone,SL,SLE,Africa,2024,gdp_per_capita_current_usd,873
Sierra Leone,SL,SLE,Africa,2023,gdp_per_capita_current_usd,758
Sierra Leone,SL,SLE,Africa,2022,gdp_per_capita_current_usd,861
Sierra Leone,SL,SLE,Africa,2021,gdp_per_capita_current_usd,886
Sierra Leone,SL,SLE,Africa,2020,gdp_per_capita_current_usd,846
Sierra Leone,SL,SLE,Africa,2019,gdp_per_capita_current_usd,844
Sierra Leone,SL,SLE,Africa,2018,gdp_per_capita_current_usd,846
Sierra Leone,SL,SLE,Africa,2017,gdp_per_capita_current_usd,779
Sierra Leone,SL,SLE,Africa,2016,gdp_per_capita_current_usd,844
Sierra Leone,SL,SLE,Africa,2015,gdp_per_capita_current_usd,965
Sierra Leone,SL,SLE,Africa,2014,gdp_per_capita_current_usd,1118
Sierra Leone,SL,SLE,Africa,2013,gdp_per_capita_current_usd,1117
Sierra Leone,SL,SLE,Africa,2012,gdp_per_capita_current_usd,938
Sierra Leone,SL,SLE,Africa,2011,gdp_per_capita_current_usd,761
Sierra Leone,SL,SLE,Africa,2010,gdp_per_capita_current_usd,685
Sierra Leone,SL,SLE,Africa,2009,gdp_per_capita_current_usd,653
Sierra Leone,SL,SLE,Africa,2008,gdp_per_capita_current_usd,705
Sierra Leone,SL,SLE,Africa,2007,gdp_per_capita_current_usd,632
Sierra Leone,SL,SLE,Africa,2006,gdp_per_capita_current_usd,580
Sierra Leone,SL,SLE,Africa,2005,gdp_per_capita_current_usd,463
Sierra Leone,SL,SLE,Africa,2004,gdp_per_capita_current_usd,418
Sierra Leone,SL,SLE,Africa,2003,gdp_per_capita_current_usd,414
Sierra Leone,SL,SLE,Africa,2002,gdp_per_capita_current_usd,389
Sierra Leone,SL,SLE,Africa,2001,gdp_per_capita_current_usd,358
Sierra Leone,SL,SLE,Africa,2000,gdp_per_capita_current_usd,144
Sierra Leone,SL,SLE,Africa,2024,population_total,8642022
Sierra Leone,SL,SLE,Africa,2023,population_total,8460512
Sierra Leone,SL,SLE,Africa,2022,population_total,8276807
Sierra Leone,SL,SLE,Africa,2021,population_total,8094602
Sierra Leone,SL,SLE,Africa,2020,population_total,7912558
Sierra Leone,SL,SLE,Africa,2019,population_total,7731991
Sierra Leone,SL,SLE,Africa,2018,population_total,7554563
Sierra Leone,SL,SLE,Africa,2017,population_total,7379299
Sierra Leone,SL,SLE,Africa,2016,population_total,7205328
Sierra Leone,SL,SLE,Africa,2015,population_total,7037655
Sierra Leone,SL,SLE,Africa,2014,population_total,6876385
Sierra Leone,SL,SLE,Africa,2013,population_total,6714051
Sierra Leone,SL,SLE,Africa,2012,population_total,6551080
Sierra Leone,SL,SLE,Africa,2011,population_total,6387251
Sierra Leone,SL,SLE,Africa,2010,population_total,6222714
Sierra Leone,SL,SLE,Africa,2009,population_total,6055646
Sierra Leone,SL,SLE,Africa,2008,population_total,5894722
Sierra Leone,SL,SLE,Africa,2007,population_total,5749352
Sierra Leone,SL,SLE,Africa,2006,population_total,5624466
Sierra Leone,SL,SLE,Africa,2005,population_total,5501712
Sierra Leone,SL,SLE,Africa,2004,population_total,5355717
Sierra Leone,SL,SLE,Africa,2003,population_total,5177687
Sierra Leone,SL,SLE,Africa,2002,population_total,4971435
Sierra Leone,SL,SLE,Africa,2001,population_total,4692716
Sierra Leone,SL,SLE,Africa,2000,population_total,4423611
El Salvador,SV,SLV,North America,2024,gdp_current_usd,35364960000
El Salvador,SV,SLV,North America,2023,gdp_current_usd,33853940000
El Salvador,SV,SLV,North America,2022,gdp_current_usd,31870120000
El Salvador,SV,SLV,North America,2021,gdp_current_usd,29043140000
El Salvador,SV,SLV,North America,2020,gdp_current_usd,24921190000
El Salvador,SV,SLV,North America,2019,gdp_current_usd,26881140000
El Salvador,SV,SLV,North America,2018,gdp_current_usd,26020850000
El Salvador,SV,SLV,North America,2017,gdp_current_usd,24979190000
El Salvador,SV,SLV,North America,2016,gdp_current_usd,24191430000
El Salvador,SV,SLV,North America,2015,gdp_current_usd,23438240000
El Salvador,SV,SLV,North America,2014,gdp_current_usd,22593470000
El Salvador,SV,SLV,North America,2013,gdp_current_usd,21990960000
El Salvador,SV,SLV,North America,2012,gdp_current_usd,21386150000
El Salvador,SV,SLV,North America,2011,gdp_current_usd,20283780000
El Salvador,SV,SLV,North America,2010,gdp_current_usd,18447920000
El Salvador,SV,SLV,North America,2009,gdp_current_usd,17601620000
El Salvador,SV,SLV,North America,2008,gdp_current_usd,17986890000
El Salvador,SV,SLV,North America,2007,gdp_current_usd,17011750000
El Salvador,SV,SLV,North America,2006,gdp_current_usd,15999890000
El Salvador,SV,SLV,North America,2005,gdp_current_usd,14698000000
El Salvador,SV,SLV,North America,2004,gdp_current_usd,13724810900
El Salvador,SV,SLV,North America,2003,gdp_current_usd,13243892200
El Salvador,SV,SLV,North America,2002,gdp_current_usd,12664190300
El Salvador,SV,SLV,North America,2001,gdp_current_usd,12282533600
El Salvador,SV,SLV,North America,2000,gdp_current_usd,11784927700
El Salvador,SV,SLV,North America,2024,gdp_per_capita_current_usd,5580
El Salvador,SV,SLV,North America,2023,gdp_per_capita_current_usd,5365
El Salvador,SV,SLV,North America,2022,gdp_per_capita_current_usd,5075
El Salvador,SV,SLV,North America,2021,gdp_per_capita_current_usd,4643
El Salvador,SV,SLV,North America,2020,gdp_per_capita_current_usd,3997
El Salvador,SV,SLV,North America,2019,gdp_per_capita_current_usd,4320
El Salvador,SV,SLV,North America,2018,gdp_per_capita_current_usd,4184
El Salvador,SV,SLV,North America,2017,gdp_per_capita_current_usd,4020
El Salvador,SV,SLV,North America,2016,gdp_per_capita_current_usd,3901
El Salvador,SV,SLV,North America,2015,gdp_per_capita_current_usd,3790
El Salvador,SV,SLV,North America,2014,gdp_per_capita_current_usd,3666
El Salvador,SV,SLV,North America,2013,gdp_per_capita_current_usd,3582
El Salvador,SV,SLV,North America,2012,gdp_per_capita_current_usd,3498
El Salvador,SV,SLV,North America,2011,gdp_per_capita_current_usd,3331
El Salvador,SV,SLV,North America,2010,gdp_per_capita_current_usd,3040
El Salvador,SV,SLV,North America,2009,gdp_per_capita_current_usd,2910
El Salvador,SV,SLV,North America,2008,gdp_per_capita_current_usd,2983
El Salvador,SV,SLV,North America,2007,gdp_per_capita_current_usd,2831
El Salvador,SV,SLV,North America,2006,gdp_per_capita_current_usd,2666
El Salvador,SV,SLV,North America,2005,gdp_per_capita_current_usd,2447
El Salvador,SV,SLV,North America,2004,gdp_per_capita_current_usd,2286
El Salvador,SV,SLV,North America,2003,gdp_per_capita_current_usd,2208
El Salvador,SV,SLV,North America,2002,gdp_per_capita_current_usd,2115
El Salvador,SV,SLV,North America,2001,gdp_per_capita_current_usd,2058
El Salvador,SV,SLV,North America,2000,gdp_per_capita_current_usd,1983
El Salvador,SV,SLV,North America,2024,population_total,6338193
El Salvador,SV,SLV,North America,2023,population_total,6309624
El Salvador,SV,SLV,North America,2022,population_total,6280319
El Salvador,SV,SLV,North America,2021,population_total,6255782
El Salvador,SV,SLV,North America,2020,population_total,6234673
El Salvador,SV,SLV,North America,2019,population_total,6222318
El Salvador,SV,SLV,North America,2018,population_total,6219807
El Salvador,SV,SLV,North America,2017,population_total,6213533
El Salvador,SV,SLV,North America,2016,population_total,6200800
El Salvador,SV,SLV,North America,2015,population_total,6183676
El Salvador,SV,SLV,North America,2014,population_total,6162955
El Salvador,SV,SLV,North America,2013,population_total,6138839
El Salvador,SV,SLV,North America,2012,population_total,6113975
El Salvador,SV,SLV,North America,2011,population_total,6090127
El Salvador,SV,SLV,North America,2010,population_total,6068249
El Salvador,SV,SLV,North America,2009,population_total,6048279
El Salvador,SV,SLV,North America,2008,population_total,6029297
El Salvador,SV,SLV,North America,2007,population_total,6009824
El Salvador,SV,SLV,North America,2006,population_total,6002319
El Salvador,SV,SLV,North America,2005,population_total,6005578
El Salvador,SV,SLV,North America,2004,population_total,6004671
El Salvador,SV,SLV,North America,2003,population_total,5998599
El Salvador,SV,SLV,North America,2002,population_total,5986631
El Salvador,SV,SLV,North America,2001,population_total,5968060
El Salvador,SV,SLV,North America,2000,population_total,5943366
San Marino,SM,SMR,Europe,2022,gdp_current_usd,1831700577
San Marino,SM,SMR,Europe,2021,gdp_current_usd,1855396000
San Marino,SM,SMR,Europe,2020,gdp_current_usd,1544714493
San Marino,SM,SMR,Europe,2019,gdp_current_usd,1616232125
San Marino,SM,SMR,Europe,2018,gdp_current_usd,1655353653
San Marino,SM,SMR,Europe,2017,gdp_current_usd,1528620346
San Marino,SM,SMR,Europe,2016,gdp_current_usd,1468343140
San Marino,SM,SMR,Europe,2015,gdp_current_usd,1419401071
San Marino,SM,SMR,Europe,2014,gdp_current_usd,1673911426
San Marino,SM,SMR,Europe,2013,gdp_current_usd,1678741475
San Marino,SM,SMR,Europe,2012,gdp_current_usd,1604701299
San Marino,SM,SMR,Europe,2011,gdp_current_usd,1813717439
San Marino,SM,SMR,Europe,2010,gdp_current_usd,1881191925
San Marino,SM,SMR,Europe,2009,gdp_current_usd,2064277126
San Marino,SM,SMR,Europe,2008,gdp_current_usd,2403213305
San Marino,SM,SMR,Europe,2007,gdp_current_usd,2188654628
San Marino,SM,SMR,Europe,2006,gdp_current_usd,1909765165
San Marino,SM,SMR,Europe,2005,gdp_current_usd,1786514058
San Marino,SM,SMR,Europe,2004,gdp_current_usd,1715340543
San Marino,SM,SMR,Europe,2003,gdp_current_usd,1462590267
San Marino,SM,SMR,Europe,2002,gdp_current_usd,1148872072
San Marino,SM,SMR,Europe,2001,gdp_current_usd,1059529812
San Marino,SM,SMR,Europe,2000,gdp_current_usd,1007661367
San Marino,SM,SMR,Europe,2022,gdp_per_capita_current_usd,54265
San Marino,SM,SMR,Europe,2021,gdp_per_capita_current_usd,54169
San Marino,SM,SMR,Europe,2020,gdp_per_capita_current_usd,44427
San Marino,SM,SMR,Europe,2019,gdp_per_capita_current_usd,46627
San Marino,SM,SMR,Europe,2018,gdp_per_capita_current_usd,47951
San Marino,SM,SMR,Europe,2017,gdp_per_capita_current_usd,45192
San Marino,SM,SMR,Europe,2016,gdp_per_capita_current_usd,44359
San Marino,SM,SMR,Europe,2015,gdp_per_capita_current_usd,43147
San Marino,SM,SMR,Europe,2014,gdp_per_capita_current_usd,51260
San Marino,SM,SMR,Europe,2013,gdp_per_capita_current_usd,50808
San Marino,SM,SMR,Europe,2012,gdp_per_capita_current_usd,47946
San Marino,SM,SMR,Europe,2011,gdp_per_capita_current_usd,55601
San Marino,SM,SMR,Europe,2010,gdp_per_capita_current_usd,56543
San Marino,SM,SMR,Europe,2009,gdp_per_capita_current_usd,62429
San Marino,SM,SMR,Europe,2008,gdp_per_capita_current_usd,75902
San Marino,SM,SMR,Europe,2007,gdp_per_capita_current_usd,70124
San Marino,SM,SMR,Europe,2006,gdp_per_capita_current_usd,63271
San Marino,SM,SMR,Europe,2005,gdp_per_capita_current_usd,59878
San Marino,SM,SMR,Europe,2004,gdp_per_capita_current_usd,58232
San Marino,SM,SMR,Europe,2003,gdp_per_capita_current_usd,52530
San Marino,SM,SMR,Europe,2002,gdp_per_capita_current_usd,41791
San Marino,SM,SMR,Europe,2001,gdp_per_capita_current_usd,39035
San Marino,SM,SMR,Europe,2000,gdp_per_capita_current_usd,37601
San Marino,SM,SMR,Europe,2024,population_total,33977
San Marino,SM,SMR,Europe,2023,population_total,33860
San Marino,SM,SMR,Europe,2022,population_total,33755
San Marino,SM,SMR,Europe,2021,population_total,34252
San Marino,SM,SMR,Europe,2020,population_total,34770
San Marino,SM,SMR,Europe,2019,population_total,34663
San Marino,SM,SMR,Europe,2018,population_total,34522
San Marino,SM,SMR,Europe,2017,population_total,33825
San Marino,SM,SMR,Europe,2016,population_total,33101
San Marino,SM,SMR,Europe,2015,population_total,32897
San Marino,SM,SMR,Europe,2014,population_total,32655
San Marino,SM,SMR,Europe,2013,population_total,33041
San Marino,SM,SMR,Europe,2012,population_total,33469
San Marino,SM,SMR,Europe,2011,population_total,32620
San Marino,SM,SMR,Europe,2010,population_total,33270
San Marino,SM,SMR,Europe,2009,population_total,33066
San Marino,SM,SMR,Europe,2008,population_total,31662
San Marino,SM,SMR,Europe,2007,population_total,31211
San Marino,SM,SMR,Europe,2006,population_total,30184
San Marino,SM,SMR,Europe,2005,population_total,29836
San Marino,SM,SMR,Europe,2004,population_total,29457
San Marino,SM,SMR,Europe,2003,population_total,27843
San Marino,SM,SMR,Europe,2002,population_total,27491
San Marino,SM,SMR,Europe,2001,population_total,27143
San Marino,SM,SMR,Europe,2000,population_total,26799
Somalia,SO,SOM,Africa,2024,gdp_current_usd,12108515110
Somalia,SO,SOM,Africa,2023,gdp_current_usd,10968517090
Somalia,SO,SOM,Africa,2022,gdp_current_usd,10202767270
Somalia,SO,SOM,Africa,2021,gdp_current_usd,9483997390
Somalia,SO,SOM,Africa,2020,gdp_current_usd,8628393720
Somalia,SO,SOM,Africa,2019,gdp_current_usd,8655023960
Somalia,SO,SOM,Africa,2018,gdp_current_usd,7873440830
Somalia,SO,SOM,Africa,2017,gdp_current_usd,7621501710
Somalia,SO,SOM,Africa,2016,gdp_current_usd,6613743070
Somalia,SO,SOM,Africa,2015,gdp_current_usd,6152149100
Somalia,SO,SOM,Africa,2014,gdp_current_usd,5728399720
Somalia,SO,SOM,Africa,2013,gdp_current_usd,5062881600
Somalia,SO,SOM,Africa,2012,gdp_current_usd,4364670160
Somalia,SO,SOM,Africa,2011,gdp_current_usd,2906000097
Somalia,SO,SOM,Africa,2010,gdp_current_usd,2687807004
Somalia,SO,SOM,Africa,2009,gdp_current_usd,2948594552
Somalia,SO,SOM,Africa,2008,gdp_current_usd,5913620293
Somalia,SO,SOM,Africa,2007,gdp_current_usd,5430713729
Somalia,SO,SOM,Africa,2006,gdp_current_usd,5026743282
Somalia,SO,SOM,Africa,2005,gdp_current_usd,4683246454
Somalia,SO,SOM,Africa,2004,gdp_current_usd,3859592813
Somalia,SO,SOM,Africa,2003,gdp_current_usd,2836724352
Somalia,SO,SOM,Africa,2002,gdp_current_usd,2192684135
Somalia,SO,SOM,Africa,2001,gdp_current_usd,2252847465
Somalia,SO,SOM,Africa,2000,gdp_current_usd,3412797450
Somalia,SO,SOM,Africa,2024,gdp_per_capita_current_usd,637
Somalia,SO,SOM,Africa,2023,gdp_per_capita_current_usd,597
Somalia,SO,SOM,Africa,2022,gdp_per_capita_current_usd,573
Somalia,SO,SOM,Africa,2021,gdp_per_capita_current_usd,549
Somalia,SO,SOM,Africa,2020,gdp_per_capita_current_usd,518
Somalia,SO,SOM,Africa,2019,gdp_per_capita_current_usd,540
Somalia,SO,SOM,Africa,2018,gdp_per_capita_current_usd,510
Somalia,SO,SOM,Africa,2017,gdp_per_capita_current_usd,511
Somalia,SO,SOM,Africa,2016,gdp_per_capita_current_usd,461
Somalia,SO,SOM,Africa,2015,gdp_per_capita_current_usd,446
Somalia,SO,SOM,Africa,2014,gdp_per_capita_current_usd,429
Somalia,SO,SOM,Africa,2013,gdp_per_capita_current_usd,393
Somalia,SO,SOM,Africa,2012,gdp_per_capita_current_usd,350
Somalia,SO,SOM,Africa,2011,gdp_per_capita_current_usd,235
Somalia,SO,SOM,Africa,2010,gdp_per_capita_current_usd,219
Somalia,SO,SOM,Africa,2009,gdp_per_capita_current_usd,247
Somalia,SO,SOM,Africa,2008,gdp_per_capita_current_usd,507
Somalia,SO,SOM,Africa,2007,gdp_per_capita_current_usd,480
Somalia,SO,SOM,Africa,2006,gdp_per_capita_current_usd,458
Somalia,SO,SOM,Africa,2005,gdp_per_capita_current_usd,440
Somalia,SO,SOM,Africa,2004,gdp_per_capita_current_usd,375
Somalia,SO,SOM,Africa,2003,gdp_per_capita_current_usd,286
Somalia,SO,SOM,Africa,2002,gdp_per_capita_current_usd,230
Somalia,SO,SOM,Africa,2001,gdp_per_capita_current_usd,245
Somalia,SO,SOM,Africa,2000,gdp_per_capita_current_usd,386
Somalia,SO,SOM,Africa,2024,population_total,19009151
Somalia,SO,SOM,Africa,2023,population_total,18358615
Somalia,SO,SOM,Africa,2022,population_total,17801897
Somalia,SO,SOM,Africa,2021,population_total,17271431
Somalia,SO,SOM,Africa,2020,population_total,16651191
Somalia,SO,SOM,Africa,2019,population_total,16030971
Somalia,SO,SOM,Africa,2018,population_total,15452487
Somalia,SO,SOM,Africa,2017,population_total,14916629
Somalia,SO,SOM,Africa,2016,population_total,14348740
Somalia,SO,SOM,Africa,2015,population_total,13806963
Somalia,SO,SOM,Africa,2014,population_total,13339491
Somalia,SO,SOM,Africa,2013,population_total,12869594
Somalia,SO,SOM,Africa,2012,population_total,12461160
Somalia,SO,SOM,Africa,2011,population_total,12348830
Somalia,SO,SOM,Africa,2010,population_total,12261756
Somalia,SO,SOM,Africa,2009,population_total,11961201
Somalia,SO,SOM,Africa,2008,population_total,11663084
Somalia,SO,SOM,Africa,2007,population_total,11322582
Somalia,SO,SOM,Africa,2006,population_total,10975502
Somalia,SO,SOM,Africa,2005,population_total,10644228
Somalia,SO,SOM,Africa,2004,population_total,10280998
Somalia,SO,SOM,Africa,2003,population_total,9909157
Somalia,SO,SOM,Africa,2002,population_total,9550063
Somalia,SO,SOM,Africa,2001,population_total,9198493
Somalia,SO,SOM,Africa,2000,population_total,8838713
Serbia,RS,SRB,Europe,2024,gdp_current_usd,89083506277
Serbia,RS,SRB,Europe,2023,gdp_current_usd,81342660752
Serbia,RS,SRB,Europe,2022,gdp_current_usd,66797564758
Serbia,RS,SRB,Europe,2021,gdp_current_usd,66159884073
Serbia,RS,SRB,Europe,2020,gdp_current_usd,55874017669
Serbia,RS,SRB,Europe,2019,gdp_current_usd,53864693665
Serbia,RS,SRB,Europe,2018,gdp_current_usd,52787520249
Serbia,RS,SRB,Europe,2017,gdp_current_usd,45972834714
Serbia,RS,SRB,Europe,2016,gdp_current_usd,42225495910
Serbia,RS,SRB,Europe,2015,gdp_current_usd,41297410635
Serbia,RS,SRB,Europe,2014,gdp_current_usd,49114321280
Serbia,RS,SRB,Europe,2013,gdp_current_usd,50455529604
Serbia,RS,SRB,Europe,2012,gdp_current_usd,45103269969
Serbia,RS,SRB,Europe,2011,gdp_current_usd,51251098408
Serbia,RS,SRB,Europe,2010,gdp_current_usd,43536629233
Serbia,RS,SRB,Europe,2009,gdp_current_usd,46955984410
Serbia,RS,SRB,Europe,2008,gdp_current_usd,54220641202
Serbia,RS,SRB,Europe,2007,gdp_current_usd,44888028946
Serbia,RS,SRB,Europe,2006,gdp_current_usd,33298057362
Serbia,RS,SRB,Europe,2005,gdp_current_usd,28334256181
Serbia,RS,SRB,Europe,2004,gdp_current_usd,26845632342
Serbia,RS,SRB,Europe,2003,gdp_current_usd,23593044418
Serbia,RS,SRB,Europe,2002,gdp_current_usd,17930583571
Serbia,RS,SRB,Europe,2001,gdp_current_usd,13599378662
Serbia,RS,SRB,Europe,2000,gdp_current_usd,7326373882
Serbia,RS,SRB,Europe,2024,gdp_per_capita_current_usd,13524
Serbia,RS,SRB,Europe,2023,gdp_per_capita_current_usd,12282
Serbia,RS,SRB,Europe,2022,gdp_per_capita_current_usd,10023
Serbia,RS,SRB,Europe,2021,gdp_per_capita_current_usd,9681
Serbia,RS,SRB,Europe,2020,gdp_per_capita_current_usd,8099
Serbia,RS,SRB,Europe,2019,gdp_per_capita_current_usd,7756
Serbia,RS,SRB,Europe,2018,gdp_per_capita_current_usd,7560
Serbia,RS,SRB,Europe,2017,gdp_per_capita_current_usd,6548
Serbia,RS,SRB,Europe,2016,gdp_per_capita_current_usd,5982
Serbia,RS,SRB,Europe,2015,gdp_per_capita_current_usd,5820
Serbia,RS,SRB,Europe,2014,gdp_per_capita_current_usd,6887
Serbia,RS,SRB,Europe,2013,gdp_per_capita_current_usd,7040
Serbia,RS,SRB,Europe,2012,gdp_per_capita_current_usd,6263
Serbia,RS,SRB,Europe,2011,gdp_per_capita_current_usd,7082
Serbia,RS,SRB,Europe,2010,gdp_per_capita_current_usd,5971
Serbia,RS,SRB,Europe,2009,gdp_per_capita_current_usd,6414
Serbia,RS,SRB,Europe,2008,gdp_per_capita_current_usd,7377
Serbia,RS,SRB,Europe,2007,gdp_per_capita_current_usd,6081
Serbia,RS,SRB,Europe,2006,gdp_per_capita_current_usd,4493
Serbia,RS,SRB,Europe,2005,gdp_per_capita_current_usd,3808
Serbia,RS,SRB,Europe,2004,gdp_per_capita_current_usd,3597
Serbia,RS,SRB,Europe,2003,gdp_per_capita_current_usd,3154
Serbia,RS,SRB,Europe,2002,gdp_per_capita_current_usd,2391
Serbia,RS,SRB,Europe,2001,gdp_per_capita_current_usd,1812
Serbia,RS,SRB,Europe,2000,gdp_per_capita_current_usd,975
Serbia,RS,SRB,Europe,2024,population_total,6587202
Serbia,RS,SRB,Europe,2023,population_total,6623183
Serbia,RS,SRB,Europe,2022,population_total,6664449
Serbia,RS,SRB,Europe,2021,population_total,6834326
Serbia,RS,SRB,Europe,2020,population_total,6899126
Serbia,RS,SRB,Europe,2019,population_total,6945235
Serbia,RS,SRB,Europe,2018,population_total,6982604
Serbia,RS,SRB,Europe,2017,population_total,7020858
Serbia,RS,SRB,Europe,2016,population_total,7058322
Serbia,RS,SRB,Europe,2015,population_total,7095383
Serbia,RS,SRB,Europe,2014,population_total,7131787
Serbia,RS,SRB,Europe,2013,population_total,7166553
Serbia,RS,SRB,Europe,2012,population_total,7201497
Serbia,RS,SRB,Europe,2011,population_total,7236519
Serbia,RS,SRB,Europe,2010,population_total,7291436
Serbia,RS,SRB,Europe,2009,population_total,7320807
Serbia,RS,SRB,Europe,2008,population_total,7350222
Serbia,RS,SRB,Europe,2007,population_total,7381579
Serbia,RS,SRB,Europe,2006,population_total,7411569
Serbia,RS,SRB,Europe,2005,population_total,7440769
Serbia,RS,SRB,Europe,2004,population_total,7463157
Serbia,RS,SRB,Europe,2003,population_total,7480591
Serbia,RS,SRB,Europe,2002,population_total,7500031
Serbia,RS,SRB,Europe,2001,population_total,7503433
Serbia,RS,SRB,Europe,2000,population_total,7516346
South Sudan,SS,SSD,Africa,2015,gdp_current_usd,11997800760
South Sudan,SS,SSD,Africa,2014,gdp_current_usd,13962212847
South Sudan,SS,SSD,Africa,2013,gdp_current_usd,18426469017
South Sudan,SS,SSD,Africa,2012,gdp_current_usd,11931472169
South Sudan,SS,SSD,Africa,2011,gdp_current_usd,14907308933
South Sudan,SS,SSD,Africa,2010,gdp_current_usd,14602072411
South Sudan,SS,SSD,Africa,2009,gdp_current_usd,12231264525
South Sudan,SS,SSD,Africa,2008,gdp_current_usd,14586253383
South Sudan,SS,SSD,Africa,2015,gdp_per_capita_current_usd,1080
South Sudan,SS,SSD,Africa,2014,gdp_per_capita_current_usd,1243
South Sudan,SS,SSD,Africa,2013,gdp_per_capita_current_usd,1650
South Sudan,SS,SSD,Africa,2012,gdp_per_capita_current_usd,1109
South Sudan,SS,SSD,Africa,2011,gdp_per_capita_current_usd,1449
South Sudan,SS,SSD,Africa,2010,gdp_per_capita_current_usd,1498
South Sudan,SS,SSD,Africa,2009,gdp_per_capita_current_usd,1323
South Sudan,SS,SSD,Africa,2008,gdp_per_capita_current_usd,1654
South Sudan,SS,SSD,Africa,2024,population_total,11943408
South Sudan,SS,SSD,Africa,2023,population_total,11483374
South Sudan,SS,SSD,Africa,2022,population_total,11021177
South Sudan,SS,SSD,Africa,2021,population_total,10865780
South Sudan,SS,SSD,Africa,2020,population_total,10698467
South Sudan,SS,SSD,Africa,2019,population_total,10423384
South Sudan,SS,SSD,Africa,2018,population_total,10122977
South Sudan,SS,SSD,Africa,2017,population_total,10259154
South Sudan,SS,SSD,Africa,2016,population_total,10830102
South Sudan,SS,SSD,Africa,2015,population_total,11107561
South Sudan,SS,SSD,Africa,2014,population_total,11235073
South Sudan,SS,SSD,Africa,2013,population_total,11166275
South Sudan,SS,SSD,Africa,2012,population_total,10756240
South Sudan,SS,SSD,Africa,2011,population_total,10288109
South Sudan,SS,SSD,Africa,2010,population_total,9745953
South Sudan,SS,SSD,Africa,2009,population_total,9243556
South Sudan,SS,SSD,Africa,2008,population_total,8817647
South Sudan,SS,SSD,Africa,2007,population_total,8388788
South Sudan,SS,SSD,Africa,2006,population_total,7976526
South Sudan,SS,SSD,Africa,2005,population_total,7590143
South Sudan,SS,SSD,Africa,2004,population_total,7233041
South Sudan,SS,SSD,Africa,2003,population_total,6903127
South Sudan,SS,SSD,Africa,2002,population_total,6596806
South Sudan,SS,SSD,Africa,2001,population_total,6308391
South Sudan,SS,SSD,Africa,2000,population_total,6032267
Sao Tome and Principe,ST,STP,Africa,2024,gdp_current_usd,764274043
Sao Tome and Principe,ST,STP,Africa,2023,gdp_current_usd,678976265
Sao Tome and Principe,ST,STP,Africa,2022,gdp_current_usd,540809499
Sao Tome and Principe,ST,STP,Africa,2021,gdp_current_usd,524402456
Sao Tome and Principe,ST,STP,Africa,2020,gdp_current_usd,471229485
Sao Tome and Principe,ST,STP,Africa,2019,gdp_current_usd,412976083
Sao Tome and Principe,ST,STP,Africa,2018,gdp_current_usd,383717328
Sao Tome and Principe,ST,STP,Africa,2017,gdp_current_usd,322002845
Sao Tome and Principe,ST,STP,Africa,2016,gdp_current_usd,292267272
Sao Tome and Principe,ST,STP,Africa,2015,gdp_current_usd,259999643
Sao Tome and Principe,ST,STP,Africa,2014,gdp_current_usd,293119143
Sao Tome and Principe,ST,STP,Africa,2013,gdp_current_usd,267041748
Sao Tome and Principe,ST,STP,Africa,2012,gdp_current_usd,229371348
Sao Tome and Principe,ST,STP,Africa,2011,gdp_current_usd,226455001
Sao Tome and Principe,ST,STP,Africa,2010,gdp_current_usd,190021192
Sao Tome and Principe,ST,STP,Africa,2009,gdp_current_usd,200668065
Sao Tome and Principe,ST,STP,Africa,2008,gdp_current_usd,188021165
Sao Tome and Principe,ST,STP,Africa,2007,gdp_current_usd,149146919
Sao Tome and Principe,ST,STP,Africa,2006,gdp_current_usd,142775104
Sao Tome and Principe,ST,STP,Africa,2005,gdp_current_usd,136450662
Sao Tome and Principe,ST,STP,Africa,2004,gdp_current_usd,114582284
Sao Tome and Principe,ST,STP,Africa,2003,gdp_current_usd,102085769
Sao Tome and Principe,ST,STP,Africa,2002,gdp_current_usd,85171074
Sao Tome and Principe,ST,STP,Africa,2001,gdp_current_usd,75951133
Sao Tome and Principe,ST,STP,Africa,2000,gdp_current_usd,76198395
Sao Tome and Principe,ST,STP,Africa,2024,gdp_per_capita_current_usd,3245
Sao Tome and Principe,ST,STP,Africa,2023,gdp_per_capita_current_usd,2941
Sao Tome and Principe,ST,STP,Africa,2022,gdp_per_capita_current_usd,2390
Sao Tome and Principe,ST,STP,Africa,2021,gdp_per_capita_current_usd,2363
Sao Tome and Principe,ST,STP,Africa,2020,gdp_per_capita_current_usd,2167
Sao Tome and Principe,ST,STP,Africa,2019,gdp_per_capita_current_usd,1935
Sao Tome and Principe,ST,STP,Africa,2018,gdp_per_capita_current_usd,1826
Sao Tome and Principe,ST,STP,Africa,2017,gdp_per_capita_current_usd,1556
Sao Tome and Principe,ST,STP,Africa,2016,gdp_per_capita_current_usd,1435
Sao Tome and Principe,ST,STP,Africa,2015,gdp_per_capita_current_usd,1298
Sao Tome and Principe,ST,STP,Africa,2014,gdp_per_capita_current_usd,1490
Sao Tome and Principe,ST,STP,Africa,2013,gdp_per_capita_current_usd,1383
Sao Tome and Principe,ST,STP,Africa,2012,gdp_per_capita_current_usd,1211
Sao Tome and Principe,ST,STP,Africa,2011,gdp_per_capita_current_usd,1220
Sao Tome and Principe,ST,STP,Africa,2010,gdp_per_capita_current_usd,1045
Sao Tome and Principe,ST,STP,Africa,2009,gdp_per_capita_current_usd,1128
Sao Tome and Principe,ST,STP,Africa,2008,gdp_per_capita_current_usd,1082
Sao Tome and Principe,ST,STP,Africa,2007,gdp_per_capita_current_usd,879
Sao Tome and Principe,ST,STP,Africa,2006,gdp_per_capita_current_usd,862
Sao Tome and Principe,ST,STP,Africa,2005,gdp_per_capita_current_usd,844
Sao Tome and Principe,ST,STP,Africa,2004,gdp_per_capita_current_usd,727
Sao Tome and Principe,ST,STP,Africa,2003,gdp_per_capita_current_usd,664
Sao Tome and Principe,ST,STP,Africa,2002,gdp_per_capita_current_usd,568
Sao Tome and Principe,ST,STP,Africa,2001,gdp_per_capita_current_usd,519
Sao Tome and Principe,ST,STP,Africa,2000,gdp_per_capita_current_usd,529
Sao Tome and Principe,ST,STP,Africa,2024,population_total,235536
Sao Tome and Principe,ST,STP,Africa,2023,population_total,230871
Sao Tome and Principe,ST,STP,Africa,2022,population_total,226305
Sao Tome and Principe,ST,STP,Africa,2021,population_total,221961
Sao Tome and Principe,ST,STP,Africa,2020,population_total,217435
Sao Tome and Principe,ST,STP,Africa,2019,population_total,213392
Sao Tome and Principe,ST,STP,Africa,2018,population_total,210187
Sao Tome and Principe,ST,STP,Africa,2017,population_total,206970
Sao Tome and Principe,ST,STP,Africa,2016,population_total,203689
Sao Tome and Principe,ST,STP,Africa,2015,population_total,200291
Sao Tome and Principe,ST,STP,Africa,2014,population_total,196767
Sao Tome and Principe,ST,STP,Africa,2013,population_total,193148
Sao Tome and Principe,ST,STP,Africa,2012,population_total,189439
Sao Tome and Principe,ST,STP,Africa,2011,population_total,185649
Sao Tome and Principe,ST,STP,Africa,2010,population_total,181802
Sao Tome and Principe,ST,STP,Africa,2009,population_total,177853
Sao Tome and Principe,ST,STP,Africa,2008,population_total,173793
Sao Tome and Principe,ST,STP,Africa,2007,population_total,169700
Sao Tome and Principe,ST,STP,Africa,2006,population_total,165638
Sao Tome and Principe,ST,STP,Africa,2005,population_total,161639
Sao Tome and Principe,ST,STP,Africa,2004,population_total,157705
Sao Tome and Principe,ST,STP,Africa,2003,population_total,153814
Sao Tome and Principe,ST,STP,Africa,2002,population_total,149922
Sao Tome and Principe,ST,STP,Africa,2001,population_total,146375
Sao Tome and Principe,ST,STP,Africa,2000,population_total,144018
Suriname,SR,SUR,South America,2024,gdp_current_usd,4714267822
Suriname,SR,SUR,South America,2023,gdp_current_usd,3455146281
Suriname,SR,SUR,South America,2022,gdp_current_usd,3791603200
Suriname,SR,SUR,South America,2021,gdp_current_usd,3107923198
Suriname,SR,SUR,South America,2020,gdp_current_usd,2911807496
Suriname,SR,SUR,South America,2019,gdp_current_usd,4016040575
Suriname,SR,SUR,South America,2018,gdp_current_usd,3996198867
Suriname,SR,SUR,South America,2017,gdp_current_usd,3591679431
Suriname,SR,SUR,South America,2016,gdp_current_usd,3317421648
Suriname,SR,SUR,South America,2015,gdp_current_usd,5126237646
Suriname,SR,SUR,South America,2014,gdp_current_usd,5240606061
Suriname,SR,SUR,South America,2013,gdp_current_usd,5145757576
Suriname,SR,SUR,South America,2012,gdp_current_usd,4980000000
Suriname,SR,SUR,South America,2011,gdp_current_usd,4422276622
Suriname,SR,SUR,South America,2010,gdp_current_usd,4368370998
Suriname,SR,SUR,South America,2009,gdp_current_usd,3875409836
Suriname,SR,SUR,South America,2008,gdp_current_usd,3532969035
Suriname,SR,SUR,South America,2007,gdp_current_usd,2936612022
Suriname,SR,SUR,South America,2006,gdp_current_usd,2626380435
Suriname,SR,SUR,South America,2005,gdp_current_usd,1793410397
Suriname,SR,SUR,South America,2004,gdp_current_usd,1484092538
Suriname,SR,SUR,South America,2003,gdp_current_usd,1274190311
Suriname,SR,SUR,South America,2002,gdp_current_usd,1093574468
Suriname,SR,SUR,South America,2001,gdp_current_usd,834279358
Suriname,SR,SUR,South America,2000,gdp_current_usd,947671970
Suriname,SR,SUR,South America,2024,gdp_per_capita_current_usd,7431
Suriname,SR,SUR,South America,2023,gdp_per_capita_current_usd,5494
Suriname,SR,SUR,South America,2022,gdp_per_capita_current_usd,6084
Suriname,SR,SUR,South America,2021,gdp_per_capita_current_usd,5030
Suriname,SR,SUR,South America,2020,gdp_per_capita_current_usd,4755
Suriname,SR,SUR,South America,2019,gdp_per_capita_current_usd,6630
Suriname,SR,SUR,South America,2018,gdp_per_capita_current_usd,6666
Suriname,SR,SUR,South America,2017,gdp_per_capita_current_usd,6050
Suriname,SR,SUR,South America,2016,gdp_per_capita_current_usd,5644
Suriname,SR,SUR,South America,2015,gdp_per_capita_current_usd,8814
Suriname,SR,SUR,South America,2014,gdp_per_capita_current_usd,9108
Suriname,SR,SUR,South America,2013,gdp_per_capita_current_usd,9043
Suriname,SR,SUR,South America,2012,gdp_per_capita_current_usd,8851
Suriname,SR,SUR,South America,2011,gdp_per_capita_current_usd,7950
Suriname,SR,SUR,South America,2010,gdp_per_capita_current_usd,7944
Suriname,SR,SUR,South America,2009,gdp_per_capita_current_usd,7130
Suriname,SR,SUR,South America,2008,gdp_per_capita_current_usd,6576
Suriname,SR,SUR,South America,2007,gdp_per_capita_current_usd,5530
Suriname,SR,SUR,South America,2006,gdp_per_capita_current_usd,5003
Suriname,SR,SUR,South America,2005,gdp_per_capita_current_usd,3453
Suriname,SR,SUR,South America,2004,gdp_per_capita_current_usd,2888
Suriname,SR,SUR,South America,2003,gdp_per_capita_current_usd,2516
Suriname,SR,SUR,South America,2002,gdp_per_capita_current_usd,2202
Suriname,SR,SUR,South America,2001,gdp_per_capita_current_usd,1715
Suriname,SR,SUR,South America,2000,gdp_per_capita_current_usd,1988
Suriname,SR,SUR,South America,2024,population_total,634431
Suriname,SR,SUR,South America,2023,population_total,628886
Suriname,SR,SUR,South America,2022,population_total,623164
Suriname,SR,SUR,South America,2021,population_total,617896
Suriname,SR,SUR,South America,2020,population_total,612317
Suriname,SR,SUR,South America,2019,population_total,605768
Suriname,SR,SUR,South America,2018,population_total,599513
Suriname,SR,SUR,South America,2017,population_total,593713
Suriname,SR,SUR,South America,2016,population_total,587757
Suriname,SR,SUR,South America,2015,population_total,581627
Suriname,SR,SUR,South America,2014,population_total,575373
Suriname,SR,SUR,South America,2013,population_total,569020
Suriname,SR,SUR,South America,2012,population_total,562633
Suriname,SR,SUR,South America,2011,population_total,556269
Suriname,SR,SUR,South America,2010,population_total,549923
Suriname,SR,SUR,South America,2009,population_total,543568
Suriname,SR,SUR,South America,2008,population_total,537245
Suriname,SR,SUR,South America,2007,population_total,531016
Suriname,SR,SUR,South America,2006,population_total,524997
Suriname,SR,SUR,South America,2005,population_total,519313
Suriname,SR,SUR,South America,2004,population_total,513923
Suriname,SR,SUR,South America,2003,population_total,506414
Suriname,SR,SUR,South America,2002,population_total,496551
Suriname,SR,SUR,South America,2001,population_total,486560
Suriname,SR,SUR,South America,2000,population_total,476643
Slovakia,SK,SVK,Europe,2024,gdp_current_usd,141775733420
Slovakia,SK,SVK,Europe,2023,gdp_current_usd,133896931490
Slovakia,SK,SVK,Europe,2022,gdp_current_usd,115884262198
Slovakia,SK,SVK,Europe,2021,gdp_current_usd,120560912621
Slovakia,SK,SVK,Europe,2020,gdp_current_usd,107732602896
Slovakia,SK,SVK,Europe,2019,gdp_current_usd,105843498304
Slovakia,SK,SVK,Europe,2018,gdp_current_usd,106611673365
Slovakia,SK,SVK,Europe,2017,gdp_current_usd,95978130735
Slovakia,SK,SVK,Europe,2016,gdp_current_usd,90347173229
Slovakia,SK,SVK,Europe,2015,gdp_current_usd,89178548717
Slovakia,SK,SVK,Europe,2014,gdp_current_usd,101713075599
Slovakia,SK,SVK,Europe,2013,gdp_current_usd,99134277850
Slovakia,SK,SVK,Europe,2012,gdp_current_usd,94724394278
Slovakia,SK,SVK,Europe,2011,gdp_current_usd,99705104723
Slovakia,SK,SVK,Europe,2010,gdp_current_usd,91112160801
Slovakia,SK,SVK,Europe,2009,gdp_current_usd,89342984698
Slovakia,SK,SVK,Europe,2008,gdp_current_usd,100830060553
Slovakia,SK,SVK,Europe,2007,gdp_current_usd,86587749518
Slovakia,SK,SVK,Europe,2006,gdp_current_usd,70751813443
Slovakia,SK,SVK,Europe,2005,gdp_current_usd,62547753148
Slovakia,SK,SVK,Europe,2004,gdp_current_usd,57215475076
Slovakia,SK,SVK,Europe,2003,gdp_current_usd,46616149117
Slovakia,SK,SVK,Europe,2002,gdp_current_usd,35243658399
Slovakia,SK,SVK,Europe,2001,gdp_current_usd,30726659551
Slovakia,SK,SVK,Europe,2000,gdp_current_usd,29215726005
Slovakia,SK,SVK,Europe,2024,gdp_per_capita_current_usd,26148
Slovakia,SK,SVK,Europe,2023,gdp_per_capita_current_usd,24674
Slovakia,SK,SVK,Europe,2022,gdp_per_capita_current_usd,21335
Slovakia,SK,SVK,Europe,2021,gdp_per_capita_current_usd,22132
Slovakia,SK,SVK,Europe,2020,gdp_per_capita_current_usd,19735
Slovakia,SK,SVK,Europe,2019,gdp_per_capita_current_usd,19406
Slovakia,SK,SVK,Europe,2018,gdp_per_capita_current_usd,19573
Slovakia,SK,SVK,Europe,2017,gdp_per_capita_current_usd,17646
Slovakia,SK,SVK,Europe,2016,gdp_per_capita_current_usd,16636
Slovakia,SK,SVK,Europe,2015,gdp_per_capita_current_usd,16442
Slovakia,SK,SVK,Europe,2014,gdp_per_capita_current_usd,18771
Slovakia,SK,SVK,Europe,2013,gdp_per_capita_current_usd,18313
Slovakia,SK,SVK,Europe,2012,gdp_per_capita_current_usd,17517
Slovakia,SK,SVK,Europe,2011,gdp_per_capita_current_usd,18469
Slovakia,SK,SVK,Europe,2010,gdp_per_capita_current_usd,16899
Slovakia,SK,SVK,Europe,2009,gdp_per_capita_current_usd,16587
Slovakia,SK,SVK,Europe,2008,gdp_per_capita_current_usd,18744
Slovakia,SK,SVK,Europe,2007,gdp_per_capita_current_usd,16110
Slovakia,SK,SVK,Europe,2006,gdp_per_capita_current_usd,13168
Slovakia,SK,SVK,Europe,2005,gdp_per_capita_current_usd,11642
Slovakia,SK,SVK,Europe,2004,gdp_per_capita_current_usd,10650
Slovakia,SK,SVK,Europe,2003,gdp_per_capita_current_usd,8675
Slovakia,SK,SVK,Europe,2002,gdp_per_capita_current_usd,6555
Slovakia,SK,SVK,Europe,2001,gdp_per_capita_current_usd,5712
Slovakia,SK,SVK,Europe,2000,gdp_per_capita_current_usd,5422
Slovakia,SK,SVK,Europe,2024,population_total,5422069
Slovakia,SK,SVK,Europe,2023,population_total,5426740
Slovakia,SK,SVK,Europe,2022,population_total,5431752
Slovakia,SK,SVK,Europe,2021,population_total,5447247
Slovakia,SK,SVK,Europe,2020,population_total,5458827
Slovakia,SK,SVK,Europe,2019,population_total,5454147
Slovakia,SK,SVK,Europe,2018,population_total,5446771
Slovakia,SK,SVK,Europe,2017,population_total,5439232
Slovakia,SK,SVK,Europe,2016,population_total,5430798
Slovakia,SK,SVK,Europe,2015,population_total,5423801
Slovakia,SK,SVK,Europe,2014,population_total,5418649
Slovakia,SK,SVK,Europe,2013,population_total,5413393
Slovakia,SK,SVK,Europe,2012,population_total,5407579
Slovakia,SK,SVK,Europe,2011,population_total,5398384
Slovakia,SK,SVK,Europe,2010,population_total,5391428
Slovakia,SK,SVK,Europe,2009,population_total,5386406
Slovakia,SK,SVK,Europe,2008,population_total,5379233
Slovakia,SK,SVK,Europe,2007,population_total,5374622
Slovakia,SK,SVK,Europe,2006,population_total,5373054
Slovakia,SK,SVK,Europe,2005,population_total,5372807
Slovakia,SK,SVK,Europe,2004,population_total,5372280
Slovakia,SK,SVK,Europe,2003,population_total,5373374
Slovakia,SK,SVK,Europe,2002,population_total,5376912
Slovakia,SK,SVK,Europe,2001,population_total,5378867
Slovakia,SK,SVK,Europe,2000,population_total,5388720
Slovenia,SI,SVN,Europe,2024,gdp_current_usd,72485008929
Slovenia,SI,SVN,Europe,2023,gdp_current_usd,69148468417
Slovenia,SI,SVN,Europe,2022,gdp_current_usd,59927702746
Slovenia,SI,SVN,Europe,2021,gdp_current_usd,61529280461
Slovenia,SI,SVN,Europe,2020,gdp_current_usd,53384760135
Slovenia,SI,SVN,Europe,2019,gdp_current_usd,53909922736
Slovenia,SI,SVN,Europe,2018,gdp_current_usd,53689067640
Slovenia,SI,SVN,Europe,2017,gdp_current_usd,48153200135
Slovenia,SI,SVN,Europe,2016,gdp_current_usd,44290685824
Slovenia,SI,SVN,Europe,2015,gdp_current_usd,42709468275
Slovenia,SI,SVN,Europe,2014,gdp_current_usd,49514466380
Slovenia,SI,SVN,Europe,2013,gdp_current_usd,47867056859
Slovenia,SI,SVN,Europe,2012,gdp_current_usd,46167053954
Slovenia,SI,SVN,Europe,2011,gdp_current_usd,51199194599
Slovenia,SI,SVN,Europe,2010,gdp_current_usd,47793117241
Slovenia,SI,SVN,Europe,2009,gdp_current_usd,49975540955
Slovenia,SI,SVN,Europe,2008,gdp_current_usd,55509332322
Slovenia,SI,SVN,Europe,2007,gdp_current_usd,47880266543
Slovenia,SI,SVN,Europe,2006,gdp_current_usd,39260368837
Slovenia,SI,SVN,Europe,2005,gdp_current_usd,35947936824
Slovenia,SI,SVN,Europe,2004,gdp_current_usd,34156553313
Slovenia,SI,SVN,Europe,2003,gdp_current_usd,29360575032
Slovenia,SI,SVN,Europe,2002,gdp_current_usd,23214593516
Slovenia,SI,SVN,Europe,2001,gdp_current_usd,20668868707
Slovenia,SI,SVN,Europe,2000,gdp_current_usd,20159190702
Slovenia,SI,SVN,Europe,2024,gdp_per_capita_current_usd,34089
Slovenia,SI,SVN,Europe,2023,gdp_per_capita_current_usd,32610
Slovenia,SI,SVN,Europe,2022,gdp_per_capita_current_usd,28374
Slovenia,SI,SVN,Europe,2021,gdp_per_capita_current_usd,29187
Slovenia,SI,SVN,Europe,2020,gdp_per_capita_current_usd,25392
Slovenia,SI,SVN,Europe,2019,gdp_per_capita_current_usd,25814
Slovenia,SI,SVN,Europe,2018,gdp_per_capita_current_usd,25888
Slovenia,SI,SVN,Europe,2017,gdp_per_capita_current_usd,23303
Slovenia,SI,SVN,Europe,2016,gdp_per_capita_current_usd,21448
Slovenia,SI,SVN,Europe,2015,gdp_per_capita_current_usd,20697
Slovenia,SI,SVN,Europe,2014,gdp_per_capita_current_usd,24013
Slovenia,SI,SVN,Europe,2013,gdp_per_capita_current_usd,23237
Slovenia,SI,SVN,Europe,2012,gdp_per_capita_current_usd,22442
Slovenia,SI,SVN,Europe,2011,gdp_per_capita_current_usd,24941
Slovenia,SI,SVN,Europe,2010,gdp_per_capita_current_usd,23330
Slovenia,SI,SVN,Europe,2009,gdp_per_capita_current_usd,24502
Slovenia,SI,SVN,Europe,2008,gdp_per_capita_current_usd,27462
Slovenia,SI,SVN,Europe,2007,gdp_per_capita_current_usd,23725
Slovenia,SI,SVN,Europe,2006,gdp_per_capita_current_usd,19563
Slovenia,SI,SVN,Europe,2005,gdp_per_capita_current_usd,17970
Slovenia,SI,SVN,Europe,2004,gdp_per_capita_current_usd,17104
Slovenia,SI,SVN,Europe,2003,gdp_per_capita_current_usd,14712
Slovenia,SI,SVN,Europe,2002,gdp_per_capita_current_usd,11639
Slovenia,SI,SVN,Europe,2001,gdp_per_capita_current_usd,10376
Slovenia,SI,SVN,Europe,2000,gdp_per_capita_current_usd,10136
Slovenia,SI,SVN,Europe,2024,population_total,2126324
Slovenia,SI,SVN,Europe,2023,population_total,2120461
Slovenia,SI,SVN,Europe,2022,population_total,2112076
Slovenia,SI,SVN,Europe,2021,population_total,2108079
Slovenia,SI,SVN,Europe,2020,population_total,2102419
Slovenia,SI,SVN,Europe,2019,population_total,2088385
Slovenia,SI,SVN,Europe,2018,population_total,2073894
Slovenia,SI,SVN,Europe,2017,population_total,2066388
Slovenia,SI,SVN,Europe,2016,population_total,2065042
Slovenia,SI,SVN,Europe,2015,population_total,2063531
Slovenia,SI,SVN,Europe,2014,population_total,2061980
Slovenia,SI,SVN,Europe,2013,population_total,2059953
Slovenia,SI,SVN,Europe,2012,population_total,2057159
Slovenia,SI,SVN,Europe,2011,population_total,2052843
Slovenia,SI,SVN,Europe,2010,population_total,2048583
Slovenia,SI,SVN,Europe,2009,population_total,2039669
Slovenia,SI,SVN,Europe,2008,population_total,2021316
Slovenia,SI,SVN,Europe,2007,population_total,2018122
Slovenia,SI,SVN,Europe,2006,population_total,2006868
Slovenia,SI,SVN,Europe,2005,population_total,2000474
Slovenia,SI,SVN,Europe,2004,population_total,1997012
Slovenia,SI,SVN,Europe,2003,population_total,1995733
Slovenia,SI,SVN,Europe,2002,population_total,1994530
Slovenia,SI,SVN,Europe,2001,population_total,1992060
Slovenia,SI,SVN,Europe,2000,population_total,1988925
Sweden,SE,SWE,Europe,2024,gdp_current_usd,610117791237
Sweden,SE,SWE,Europe,2023,gdp_current_usd,585489968189
Sweden,SE,SWE,Europe,2022,gdp_current_usd,579895717344
Sweden,SE,SWE,Europe,2021,gdp_current_usd,637186904844
Sweden,SE,SWE,Europe,2020,gdp_current_usd,545147614972
Sweden,SE,SWE,Europe,2019,gdp_current_usd,532169294166
Sweden,SE,SWE,Europe,2018,gdp_current_usd,551312498430
Sweden,SE,SWE,Europe,2017,gdp_current_usd,536083940229
Sweden,SE,SWE,Europe,2016,gdp_current_usd,514218206628
Sweden,SE,SWE,Europe,2015,gdp_current_usd,501698263621
Sweden,SE,SWE,Europe,2014,gdp_current_usd,577730245154
Sweden,SE,SWE,Europe,2013,gdp_current_usd,584128116410
Sweden,SE,SWE,Europe,2012,gdp_current_usd,549742183874
Sweden,SE,SWE,Europe,2011,gdp_current_usd,570541353129
Sweden,SE,SWE,Europe,2010,gdp_current_usd,492753255886
Sweden,SE,SWE,Europe,2009,gdp_current_usd,434313804907
Sweden,SE,SWE,Europe,2008,gdp_current_usd,514616528349
Sweden,SE,SWE,Europe,2007,gdp_current_usd,490050156833
Sweden,SE,SWE,Europe,2006,gdp_current_usd,422530427476
Sweden,SE,SWE,Europe,2005,gdp_current_usd,391690329314
Sweden,SE,SWE,Europe,2004,gdp_current_usd,384547211147
Sweden,SE,SWE,Europe,2003,gdp_current_usd,334074051173
Sweden,SE,SWE,Europe,2002,gdp_current_usd,267373345247
Sweden,SE,SWE,Europe,2001,gdp_current_usd,242499249693
Sweden,SE,SWE,Europe,2000,gdp_current_usd,262905197442
Sweden,SE,SWE,Europe,2024,gdp_per_capita_current_usd,57723
Sweden,SE,SWE,Europe,2023,gdp_per_capita_current_usd,55567
Sweden,SE,SWE,Europe,2022,gdp_per_capita_current_usd,55297
Sweden,SE,SWE,Europe,2021,gdp_per_capita_current_usd,61175
Sweden,SE,SWE,Europe,2020,gdp_per_capita_current_usd,52654
Sweden,SE,SWE,Europe,2019,gdp_per_capita_current_usd,51773
Sweden,SE,SWE,Europe,2018,gdp_per_capita_current_usd,54182
Sweden,SE,SWE,Europe,2017,gdp_per_capita_current_usd,53301
Sweden,SE,SWE,Europe,2016,gdp_per_capita_current_usd,51820
Sweden,SE,SWE,Europe,2015,gdp_per_capita_current_usd,51198
Sweden,SE,SWE,Europe,2014,gdp_per_capita_current_usd,59584
Sweden,SE,SWE,Europe,2013,gdp_per_capita_current_usd,60844
Sweden,SE,SWE,Europe,2012,gdp_per_capita_current_usd,57750
Sweden,SE,SWE,Europe,2011,gdp_per_capita_current_usd,60380
Sweden,SE,SWE,Europe,2010,gdp_per_capita_current_usd,52543
Sweden,SE,SWE,Europe,2009,gdp_per_capita_current_usd,46708
Sweden,SE,SWE,Europe,2008,gdp_per_capita_current_usd,55817
Sweden,SE,SWE,Europe,2007,gdp_per_capita_current_usd,53569
Sweden,SE,SWE,Europe,2006,gdp_per_capita_current_usd,46532
Sweden,SE,SWE,Europe,2005,gdp_per_capita_current_usd,43379
Sweden,SE,SWE,Europe,2004,gdp_per_capita_current_usd,42758
Sweden,SE,SWE,Europe,2003,gdp_per_capita_current_usd,37292
Sweden,SE,SWE,Europe,2002,gdp_per_capita_current_usd,29958
Sweden,SE,SWE,Europe,2001,gdp_per_capita_current_usd,27259
Sweden,SE,SWE,Europe,2000,gdp_per_capita_current_usd,29633
Sweden,SE,SWE,Europe,2024,population_total,10569709
Sweden,SE,SWE,Europe,2023,population_total,10536632
Sweden,SE,SWE,Europe,2022,population_total,10486941
Sweden,SE,SWE,Europe,2021,population_total,10415811
Sweden,SE,SWE,Europe,2020,population_total,10353442
Sweden,SE,SWE,Europe,2019,population_total,10278887
Sweden,SE,SWE,Europe,2018,population_total,10175214
Sweden,SE,SWE,Europe,2017,population_total,10057698
Sweden,SE,SWE,Europe,2016,population_total,9923085
Sweden,SE,SWE,Europe,2015,population_total,9799186
Sweden,SE,SWE,Europe,2014,population_total,9696110
Sweden,SE,SWE,Europe,2013,population_total,9600379
Sweden,SE,SWE,Europe,2012,population_total,9519374
Sweden,SE,SWE,Europe,2011,population_total,9449213
Sweden,SE,SWE,Europe,2010,population_total,9378126
Sweden,SE,SWE,Europe,2009,population_total,9298515
Sweden,SE,SWE,Europe,2008,population_total,9219637
Sweden,SE,SWE,Europe,2007,population_total,9148092
Sweden,SE,SWE,Europe,2006,population_total,9080505
Sweden,SE,SWE,Europe,2005,population_total,9029572
Sweden,SE,SWE,Europe,2004,population_total,8993531
Sweden,SE,SWE,Europe,2003,population_total,8958229
Sweden,SE,SWE,Europe,2002,population_total,8924958
Sweden,SE,SWE,Europe,2001,population_total,8895960
Sweden,SE,SWE,Europe,2000,population_total,8872109
Eswatini,SZ,SWZ,Africa,2024,gdp_current_usd,4891883720
Eswatini,SZ,SWZ,Africa,2023,gdp_current_usd,4604172127
Eswatini,SZ,SWZ,Africa,2022,gdp_current_usd,4741163885
Eswatini,SZ,SWZ,Africa,2021,gdp_current_usd,4785708166
Eswatini,SZ,SWZ,Africa,2020,gdp_current_usd,4120621325
Eswatini,SZ,SWZ,Africa,2019,gdp_current_usd,4616996145
Eswatini,SZ,SWZ,Africa,2018,gdp_current_usd,4644696656
Eswatini,SZ,SWZ,Africa,2017,gdp_current_usd,4463673661
Eswatini,SZ,SWZ,Africa,2016,gdp_current_usd,3724180911
Eswatini,SZ,SWZ,Africa,2015,gdp_current_usd,3909281650
Eswatini,SZ,SWZ,Africa,2014,gdp_current_usd,4286015248
Eswatini,SZ,SWZ,Africa,2013,gdp_current_usd,4464726181
Eswatini,SZ,SWZ,Africa,2012,gdp_current_usd,4886551484
Eswatini,SZ,SWZ,Africa,2011,gdp_current_usd,4820478680
Eswatini,SZ,SWZ,Africa,2010,gdp_current_usd,4438765086
Eswatini,SZ,SWZ,Africa,2009,gdp_current_usd,3580428053
Eswatini,SZ,SWZ,Africa,2008,gdp_current_usd,3294084314
Eswatini,SZ,SWZ,Africa,2007,gdp_current_usd,3469381231
Eswatini,SZ,SWZ,Africa,2006,gdp_current_usd,3291330019
Eswatini,SZ,SWZ,Africa,2005,gdp_current_usd,3178112499
Eswatini,SZ,SWZ,Africa,2004,gdp_current_usd,2770082792
Eswatini,SZ,SWZ,Africa,2003,gdp_current_usd,2197598466
Eswatini,SZ,SWZ,Africa,2002,gdp_current_usd,1432221739
Eswatini,SZ,SWZ,Africa,2001,gdp_current_usd,1542477309
Eswatini,SZ,SWZ,Africa,2000,gdp_current_usd,1738093840
Eswatini,SZ,SWZ,Africa,2024,gdp_per_capita_current_usd,3936
Eswatini,SZ,SWZ,Africa,2023,gdp_per_capita_current_usd,3742
Eswatini,SZ,SWZ,Africa,2022,gdp_per_capita_current_usd,3890
Eswatini,SZ,SWZ,Africa,2021,gdp_per_capita_current_usd,3966
Eswatini,SZ,SWZ,Africa,2020,gdp_per_capita_current_usd,3455
Eswatini,SZ,SWZ,Africa,2019,gdp_per_capita_current_usd,3913
Eswatini,SZ,SWZ,Africa,2018,gdp_per_capita_current_usd,3973
Eswatini,SZ,SWZ,Africa,2017,gdp_per_capita_current_usd,3854
Eswatini,SZ,SWZ,Africa,2016,gdp_per_capita_current_usd,3240
Eswatini,SZ,SWZ,Africa,2015,gdp_per_capita_current_usd,3421
Eswatini,SZ,SWZ,Africa,2014,gdp_per_capita_current_usd,3772
Eswatini,SZ,SWZ,Africa,2013,gdp_per_capita_current_usd,3951
Eswatini,SZ,SWZ,Africa,2012,gdp_per_capita_current_usd,4348
Eswatini,SZ,SWZ,Africa,2011,gdp_per_capita_current_usd,4312
Eswatini,SZ,SWZ,Africa,2010,gdp_per_capita_current_usd,3993
Eswatini,SZ,SWZ,Africa,2009,gdp_per_capita_current_usd,3240
Eswatini,SZ,SWZ,Africa,2008,gdp_per_capita_current_usd,3000
Eswatini,SZ,SWZ,Africa,2007,gdp_per_capita_current_usd,3181
Eswatini,SZ,SWZ,Africa,2006,gdp_per_capita_current_usd,3035
Eswatini,SZ,SWZ,Africa,2005,gdp_per_capita_current_usd,2945
Eswatini,SZ,SWZ,Africa,2004,gdp_per_capita_current_usd,2581
Eswatini,SZ,SWZ,Africa,2003,gdp_per_capita_current_usd,2060
Eswatini,SZ,SWZ,Africa,2002,gdp_per_capita_current_usd,1352
Eswatini,SZ,SWZ,Africa,2001,gdp_per_capita_current_usd,1468
Eswatini,SZ,SWZ,Africa,2000,gdp_per_capita_current_usd,1669
Eswatini,SZ,SWZ,Africa,2024,population_total,1242822
Eswatini,SZ,SWZ,Africa,2023,population_total,1230506
Eswatini,SZ,SWZ,Africa,2022,population_total,1218917
Eswatini,SZ,SWZ,Africa,2021,population_total,1206593
Eswatini,SZ,SWZ,Africa,2020,population_total,1192729
Eswatini,SZ,SWZ,Africa,2019,population_total,1179874
Eswatini,SZ,SWZ,Africa,2018,population_total,1168929
Eswatini,SZ,SWZ,Africa,2017,population_total,1158195
Eswatini,SZ,SWZ,Africa,2016,population_total,1149507
Eswatini,SZ,SWZ,Africa,2015,population_total,1142813
Eswatini,SZ,SWZ,Africa,2014,population_total,1136299
Eswatini,SZ,SWZ,Africa,2013,population_total,1129990
Eswatini,SZ,SWZ,Africa,2012,population_total,1123863
Eswatini,SZ,SWZ,Africa,2011,population_total,1117833
Eswatini,SZ,SWZ,Africa,2010,population_total,1111650
Eswatini,SZ,SWZ,Africa,2009,population_total,1105153
Eswatini,SZ,SWZ,Africa,2008,population_total,1098091
Eswatini,SZ,SWZ,Africa,2007,population_total,1090705
Eswatini,SZ,SWZ,Africa,2006,population_total,1084436
Eswatini,SZ,SWZ,Africa,2005,population_total,1079022
Eswatini,SZ,SWZ,Africa,2004,population_total,1073159
Eswatini,SZ,SWZ,Africa,2003,population_total,1066700
Eswatini,SZ,SWZ,Africa,2002,population_total,1059441
Eswatini,SZ,SWZ,Africa,2001,population_total,1051064
Eswatini,SZ,SWZ,Africa,2000,population_total,1041414
Sint Maarten (Dutch part),SX,SXM,North America,2024,gdp_current_usd,1735210228
Sint Maarten (Dutch part),SX,SXM,North America,2023,gdp_current_usd,1627776949
Sint Maarten (Dutch part),SX,SXM,North America,2022,gdp_current_usd,1537088715
Sint Maarten (Dutch part),SX,SXM,North America,2021,gdp_current_usd,1353071061
Sint Maarten (Dutch part),SX,SXM,North America,2020,gdp_current_usd,1236428101
Sint Maarten (Dutch part),SX,SXM,North America,2019,gdp_current_usd,1407880447
Sint Maarten (Dutch part),SX,SXM,North America,2018,gdp_current_usd,1259200447
Sint Maarten (Dutch part),SX,SXM,North America,2017,gdp_current_usd,1353212123
Sint Maarten (Dutch part),SX,SXM,North America,2016,gdp_current_usd,1427017207
Sint Maarten (Dutch part),SX,SXM,North America,2015,gdp_current_usd,1417888715
Sint Maarten (Dutch part),SX,SXM,North America,2014,gdp_current_usd,1361811508
Sint Maarten (Dutch part),SX,SXM,North America,2013,gdp_current_usd,1022905028
Sint Maarten (Dutch part),SX,SXM,North America,2012,gdp_current_usd,985865922
Sint Maarten (Dutch part),SX,SXM,North America,2011,gdp_current_usd,936089385
Sint Maarten (Dutch part),SX,SXM,North America,2010,gdp_current_usd,892290503
Sint Maarten (Dutch part),SX,SXM,North America,2009,gdp_current_usd,854972067
Sint Maarten (Dutch part),SX,SXM,North America,2024,gdp_per_capita_current_usd,40028
Sint Maarten (Dutch part),SX,SXM,North America,2023,gdp_per_capita_current_usd,38078
Sint Maarten (Dutch part),SX,SXM,North America,2022,gdp_per_capita_current_usd,36477
Sint Maarten (Dutch part),SX,SXM,North America,2021,gdp_per_capita_current_usd,32548
Sint Maarten (Dutch part),SX,SXM,North America,2020,gdp_per_capita_current_usd,30151
Sint Maarten (Dutch part),SX,SXM,North America,2019,gdp_per_capita_current_usd,34861
Sint Maarten (Dutch part),SX,SXM,North America,2018,gdp_per_capita_current_usd,31708
Sint Maarten (Dutch part),SX,SXM,North America,2017,gdp_per_capita_current_usd,34701
Sint Maarten (Dutch part),SX,SXM,North America,2016,gdp_per_capita_current_usd,37309
Sint Maarten (Dutch part),SX,SXM,North America,2015,gdp_per_capita_current_usd,37840
Sint Maarten (Dutch part),SX,SXM,North America,2014,gdp_per_capita_current_usd,37135
Sint Maarten (Dutch part),SX,SXM,North America,2013,gdp_per_capita_current_usd,28530
Sint Maarten (Dutch part),SX,SXM,North America,2012,gdp_per_capita_current_usd,28149
Sint Maarten (Dutch part),SX,SXM,North America,2011,gdp_per_capita_current_usd,27318
Sint Maarten (Dutch part),SX,SXM,North America,2010,gdp_per_capita_current_usd,26404
Sint Maarten (Dutch part),SX,SXM,North America,2009,gdp_per_capita_current_usd,25528
Sint Maarten (Dutch part),SX,SXM,North America,2024,population_total,43350
Sint Maarten (Dutch part),SX,SXM,North America,2023,population_total,42749
Sint Maarten (Dutch part),SX,SXM,North America,2022,population_total,42139
Sint Maarten (Dutch part),SX,SXM,North America,2021,population_total,41571
Sint Maarten (Dutch part),SX,SXM,North America,2020,population_total,41008
Sint Maarten (Dutch part),SX,SXM,North America,2019,population_total,40385
Sint Maarten (Dutch part),SX,SXM,North America,2018,population_total,39712
Sint Maarten (Dutch part),SX,SXM,North America,2017,population_total,38996
Sint Maarten (Dutch part),SX,SXM,North America,2016,population_total,38249
Sint Maarten (Dutch part),SX,SXM,North America,2015,population_total,37471
Sint Maarten (Dutch part),SX,SXM,North America,2014,population_total,36672
Sint Maarten (Dutch part),SX,SXM,North America,2013,population_total,35854
Sint Maarten (Dutch part),SX,SXM,North America,2012,population_total,35023
Sint Maarten (Dutch part),SX,SXM,North America,2011,population_total,34267
Sint Maarten (Dutch part),SX,SXM,North America,2010,population_total,33794
Sint Maarten (Dutch part),SX,SXM,North America,2009,population_total,33491
Sint Maarten (Dutch part),SX,SXM,North America,2008,population_total,33145
Sint Maarten (Dutch part),SX,SXM,North America,2007,population_total,32791
Sint Maarten (Dutch part),SX,SXM,North America,2006,population_total,32428
Sint Maarten (Dutch part),SX,SXM,North America,2005,population_total,32057
Sint Maarten (Dutch part),SX,SXM,North America,2004,population_total,31690
Sint Maarten (Dutch part),SX,SXM,North America,2003,population_total,31327
Sint Maarten (Dutch part),SX,SXM,North America,2002,population_total,30960
Sint Maarten (Dutch part),SX,SXM,North America,2001,population_total,30726
Sint Maarten (Dutch part),SX,SXM,North America,2000,population_total,30773
Seychelles,SC,SYC,Africa,2024,gdp_current_usd,2167239562
Seychelles,SC,SYC,Africa,2023,gdp_current_usd,2187379755
Seychelles,SC,SYC,Africa,2022,gdp_current_usd,2018346589
Seychelles,SC,SYC,Africa,2021,gdp_current_usd,1487173795
Seychelles,SC,SYC,Africa,2020,gdp_current_usd,1382551752
Seychelles,SC,SYC,Africa,2019,gdp_current_usd,1868690097
Seychelles,SC,SYC,Africa,2018,gdp_current_usd,1784313927
Seychelles,SC,SYC,Africa,2017,gdp_current_usd,1675370641
Seychelles,SC,SYC,Africa,2016,gdp_current_usd,1568513348
Seychelles,SC,SYC,Africa,2015,gdp_current_usd,1432403352
Seychelles,SC,SYC,Africa,2014,gdp_current_usd,1387577870
Seychelles,SC,SYC,Africa,2013,gdp_current_usd,1333160407
Seychelles,SC,SYC,Africa,2012,gdp_current_usd,1089407839
Seychelles,SC,SYC,Africa,2011,gdp_current_usd,1058918707
Seychelles,SC,SYC,Africa,2010,gdp_current_usd,981616542
Seychelles,SC,SYC,Africa,2009,gdp_current_usd,850901620
Seychelles,SC,SYC,Africa,2008,gdp_current_usd,979597394
Seychelles,SC,SYC,Africa,2007,gdp_current_usd,1077308814
Seychelles,SC,SYC,Africa,2006,gdp_current_usd,1081441283
Seychelles,SC,SYC,Africa,2005,gdp_current_usd,977899382
Seychelles,SC,SYC,Africa,2004,gdp_current_usd,893012218
Seychelles,SC,SYC,Africa,2003,gdp_current_usd,750847230
Seychelles,SC,SYC,Africa,2002,gdp_current_usd,742134838
Seychelles,SC,SYC,Africa,2001,gdp_current_usd,662064156
Seychelles,SC,SYC,Africa,2000,gdp_current_usd,654212394
Seychelles,SC,SYC,Africa,2024,gdp_per_capita_current_usd,17859
Seychelles,SC,SYC,Africa,2023,gdp_per_capita_current_usd,18263
Seychelles,SC,SYC,Africa,2022,gdp_per_capita_current_usd,16837
Seychelles,SC,SYC,Africa,2021,gdp_per_capita_current_usd,14983
Seychelles,SC,SYC,Africa,2020,gdp_per_capita_current_usd,14041
Seychelles,SC,SYC,Africa,2019,gdp_per_capita_current_usd,19142
Seychelles,SC,SYC,Africa,2018,gdp_per_capita_current_usd,18440
Seychelles,SC,SYC,Africa,2017,gdp_per_capita_current_usd,17480
Seychelles,SC,SYC,Africa,2016,gdp_per_capita_current_usd,16567
Seychelles,SC,SYC,Africa,2015,gdp_per_capita_current_usd,15333
Seychelles,SC,SYC,Africa,2014,gdp_per_capita_current_usd,15188
Seychelles,SC,SYC,Africa,2013,gdp_per_capita_current_usd,14821
Seychelles,SC,SYC,Africa,2012,gdp_per_capita_current_usd,12337
Seychelles,SC,SYC,Africa,2011,gdp_per_capita_current_usd,12110
Seychelles,SC,SYC,Africa,2010,gdp_per_capita_current_usd,10935
Seychelles,SC,SYC,Africa,2009,gdp_per_capita_current_usd,9747
Seychelles,SC,SYC,Africa,2008,gdp_per_capita_current_usd,11265
Seychelles,SC,SYC,Africa,2007,gdp_per_capita_current_usd,12669
Seychelles,SC,SYC,Africa,2006,gdp_per_capita_current_usd,12783
Seychelles,SC,SYC,Africa,2005,gdp_per_capita_current_usd,11802
Seychelles,SC,SYC,Africa,2004,gdp_per_capita_current_usd,10828
Seychelles,SC,SYC,Africa,2003,gdp_per_capita_current_usd,9070
Seychelles,SC,SYC,Africa,2002,gdp_per_capita_current_usd,8864
Seychelles,SC,SYC,Africa,2001,gdp_per_capita_current_usd,8153
Seychelles,SC,SYC,Africa,2000,gdp_per_capita_current_usd,8064
Seychelles,SC,SYC,Africa,2024,population_total,121354
Seychelles,SC,SYC,Africa,2023,population_total,119773
Seychelles,SC,SYC,Africa,2022,population_total,119878
Seychelles,SC,SYC,Africa,2021,population_total,99258
Seychelles,SC,SYC,Africa,2020,population_total,98462
Seychelles,SC,SYC,Africa,2019,population_total,97625
Seychelles,SC,SYC,Africa,2018,population_total,96762
Seychelles,SC,SYC,Africa,2017,population_total,95843
Seychelles,SC,SYC,Africa,2016,population_total,94677
Seychelles,SC,SYC,Africa,2015,population_total,93419
Seychelles,SC,SYC,Africa,2014,population_total,91359
Seychelles,SC,SYC,Africa,2013,population_total,89949
Seychelles,SC,SYC,Africa,2012,population_total,88303
Seychelles,SC,SYC,Africa,2011,population_total,87441
Seychelles,SC,SYC,Africa,2010,population_total,89770
Seychelles,SC,SYC,Africa,2009,population_total,87298
Seychelles,SC,SYC,Africa,2008,population_total,86956
Seychelles,SC,SYC,Africa,2007,population_total,85033
Seychelles,SC,SYC,Africa,2006,population_total,84600
Seychelles,SC,SYC,Africa,2005,population_total,82858
Seychelles,SC,SYC,Africa,2004,population_total,82475
Seychelles,SC,SYC,Africa,2003,population_total,82781
Seychelles,SC,SYC,Africa,2002,population_total,83723
Seychelles,SC,SYC,Africa,2001,population_total,81202
Seychelles,SC,SYC,Africa,2000,population_total,81131
Syrian Arab Republic,SY,SYR,Asia,2023,gdp_current_usd,19993439950
Syrian Arab Republic,SY,SYR,Asia,2022,gdp_current_usd,23622827080
Syrian Arab Republic,SY,SYR,Asia,2021,gdp_current_usd,14353205678
Syrian Arab Republic,SY,SYR,Asia,2020,gdp_current_usd,12047752036
Syrian Arab Republic,SY,SYR,Asia,2019,gdp_current_usd,22583045060
Syrian Arab Republic,SY,SYR,Asia,2018,gdp_current_usd,21497782868
Syrian Arab Republic,SY,SYR,Asia,2017,gdp_current_usd,16369843352
Syrian Arab Republic,SY,SYR,Asia,2016,gdp_current_usd,12597854877
Syrian Arab Republic,SY,SYR,Asia,2015,gdp_current_usd,16466863117
Syrian Arab Republic,SY,SYR,Asia,2014,gdp_current_usd,21502061466
Syrian Arab Republic,SY,SYR,Asia,2013,gdp_current_usd,21361254635
Syrian Arab Republic,SY,SYR,Asia,2012,gdp_current_usd,43190318033
Syrian Arab Republic,SY,SYR,Asia,2011,gdp_current_usd,67539428159
Syrian Arab Republic,SY,SYR,Asia,2010,gdp_current_usd,61390830875
Syrian Arab Republic,SY,SYR,Asia,2009,gdp_current_usd,54111735629
Syrian Arab Republic,SY,SYR,Asia,2008,gdp_current_usd,52557913569
Syrian Arab Republic,SY,SYR,Asia,2007,gdp_current_usd,40465318382
Syrian Arab Republic,SY,SYR,Asia,2006,gdp_current_usd,33751788856
Syrian Arab Republic,SY,SYR,Asia,2005,gdp_current_usd,28858965517
Syrian Arab Republic,SY,SYR,Asia,2004,gdp_current_usd,25086950495
Syrian Arab Republic,SY,SYR,Asia,2003,gdp_current_usd,21828144686
Syrian Arab Republic,SY,SYR,Asia,2002,gdp_current_usd,20669357462
Syrian Arab Republic,SY,SYR,Asia,2001,gdp_current_usd,20237024725
Syrian Arab Republic,SY,SYR,Asia,2000,gdp_current_usd,18937052543
Syrian Arab Republic,SY,SYR,Asia,2023,gdp_per_capita_current_usd,847
Syrian Arab Republic,SY,SYR,Asia,2022,gdp_per_capita_current_usd,1052
Syrian Arab Republic,SY,SYR,Asia,2021,gdp_per_capita_current_usd,664
Syrian Arab Republic,SY,SYR,Asia,2020,gdp_per_capita_current_usd,572
Syrian Arab Republic,SY,SYR,Asia,2019,gdp_per_capita_current_usd,1110
Syrian Arab Republic,SY,SYR,Asia,2018,gdp_per_capita_current_usd,1098
Syrian Arab Republic,SY,SYR,Asia,2017,gdp_per_capita_current_usd,852
Syrian Arab Republic,SY,SYR,Asia,2016,gdp_per_capita_current_usd,656
Syrian Arab Republic,SY,SYR,Asia,2015,gdp_per_capita_current_usd,848
Syrian Arab Republic,SY,SYR,Asia,2014,gdp_per_capita_current_usd,1061
Syrian Arab Republic,SY,SYR,Asia,2013,gdp_per_capita_current_usd,986
Syrian Arab Republic,SY,SYR,Asia,2012,gdp_per_capita_current_usd,1898
Syrian Arab Republic,SY,SYR,Asia,2011,gdp_per_capita_current_usd,2952
Syrian Arab Republic,SY,SYR,Asia,2010,gdp_per_capita_current_usd,2731
Syrian Arab Republic,SY,SYR,Asia,2009,gdp_per_capita_current_usd,2462
Syrian Arab Republic,SY,SYR,Asia,2008,gdp_per_capita_current_usd,2429
Syrian Arab Republic,SY,SYR,Asia,2007,gdp_per_capita_current_usd,1938
Syrian Arab Republic,SY,SYR,Asia,2006,gdp_per_capita_current_usd,1719
Syrian Arab Republic,SY,SYR,Asia,2005,gdp_per_capita_current_usd,1534
Syrian Arab Republic,SY,SYR,Asia,2004,gdp_per_capita_current_usd,1368
Syrian Arab Republic,SY,SYR,Asia,2003,gdp_per_capita_current_usd,1220
Syrian Arab Republic,SY,SYR,Asia,2002,gdp_per_capita_current_usd,1183
Syrian Arab Republic,SY,SYR,Asia,2001,gdp_per_capita_current_usd,1187
Syrian Arab Republic,SY,SYR,Asia,2000,gdp_per_capita_current_usd,1138
Syrian Arab Republic,SY,SYR,Asia,2024,population_total,24672760
Syrian Arab Republic,SY,SYR,Asia,2023,population_total,23594623
Syrian Arab Republic,SY,SYR,Asia,2022,population_total,22462173
Syrian Arab Republic,SY,SYR,Asia,2021,population_total,21628839
Syrian Arab Republic,SY,SYR,Asia,2020,population_total,21049429
Syrian Arab Republic,SY,SYR,Asia,2019,population_total,20353534
Syrian Arab Republic,SY,SYR,Asia,2018,population_total,19577845
Syrian Arab Republic,SY,SYR,Asia,2017,population_total,19224668
Syrian Arab Republic,SY,SYR,Asia,2016,population_total,19193834
Syrian Arab Republic,SY,SYR,Asia,2015,population_total,19424618
Syrian Arab Republic,SY,SYR,Asia,2014,population_total,20273659
Syrian Arab Republic,SY,SYR,Asia,2013,population_total,21666917
Syrian Arab Republic,SY,SYR,Asia,2012,population_total,22759763
Syrian Arab Republic,SY,SYR,Asia,2011,population_total,22878098
Syrian Arab Republic,SY,SYR,Asia,2010,population_total,22482421
Syrian Arab Republic,SY,SYR,Asia,2009,population_total,21976969
Syrian Arab Republic,SY,SYR,Asia,2008,population_total,21636564
Syrian Arab Republic,SY,SYR,Asia,2007,population_total,20884125
Syrian Arab Republic,SY,SYR,Asia,2006,population_total,19637022
Syrian Arab Republic,SY,SYR,Asia,2005,population_total,18814091
Syrian Arab Republic,SY,SYR,Asia,2004,population_total,18336875
Syrian Arab Republic,SY,SYR,Asia,2003,population_total,17889296
Syrian Arab Republic,SY,SYR,Asia,2002,population_total,17468332
Syrian Arab Republic,SY,SYR,Asia,2001,population_total,17051338
Syrian Arab Republic,SY,SYR,Asia,2000,population_total,16637888
Turks and Caicos Islands,TC,TCA,North America,2024,gdp_current_usd,1745378000
Turks and Caicos Islands,TC,TCA,North America,2023,gdp_current_usd,1638653000
Turks and Caicos Islands,TC,TCA,North America,2022,gdp_current_usd,1434119000
Turks and Caicos Islands,TC,TCA,North America,2021,gdp_current_usd,1236459000
Turks and Caicos Islands,TC,TCA,North America,2020,gdp_current_usd,918387000
Turks and Caicos Islands,TC,TCA,North America,2019,gdp_current_usd,1371838000
Turks and Caicos Islands,TC,TCA,North America,2018,gdp_current_usd,1314329000
Turks and Caicos Islands,TC,TCA,North America,2017,gdp_current_usd,1022365000
Turks and Caicos Islands,TC,TCA,North America,2016,gdp_current_usd,1032452000
Turks and Caicos Islands,TC,TCA,North America,2015,gdp_current_usd,942070000
Turks and Caicos Islands,TC,TCA,North America,2014,gdp_current_usd,841700000
Turks and Caicos Islands,TC,TCA,North America,2013,gdp_current_usd,754238000
Turks and Caicos Islands,TC,TCA,North America,2012,gdp_current_usd,727161000
Turks and Caicos Islands,TC,TCA,North America,2011,gdp_current_usd,728790000
Turks and Caicos Islands,TC,TCA,North America,2010,gdp_current_usd,686788000
Turks and Caicos Islands,TC,TCA,North America,2009,gdp_current_usd,703176000
Turks and Caicos Islands,TC,TCA,North America,2008,gdp_current_usd,862684000
Turks and Caicos Islands,TC,TCA,North America,2007,gdp_current_usd,773490000
Turks and Caicos Islands,TC,TCA,North America,2006,gdp_current_usd,721891500
Turks and Caicos Islands,TC,TCA,North America,2005,gdp_current_usd,578645800
Turks and Caicos Islands,TC,TCA,North America,2004,gdp_current_usd,485598800
Turks and Caicos Islands,TC,TCA,North America,2003,gdp_current_usd,409753600
Turks and Caicos Islands,TC,TCA,North America,2002,gdp_current_usd,366707900
Turks and Caicos Islands,TC,TCA,North America,2001,gdp_current_usd,358744800
Turks and Caicos Islands,TC,TCA,North America,2024,gdp_per_capita_current_usd,37507
Turks and Caicos Islands,TC,TCA,North America,2023,gdp_per_capita_current_usd,35470
Turks and Caicos Islands,TC,TCA,North America,2022,gdp_per_capita_current_usd,31281
Turks and Caicos Islands,TC,TCA,North America,2021,gdp_per_capita_current_usd,27329
Turks and Caicos Islands,TC,TCA,North America,2020,gdp_per_capita_current_usd,20691
Turks and Caicos Islands,TC,TCA,North America,2019,gdp_per_capita_current_usd,31781
Turks and Caicos Islands,TC,TCA,North America,2018,gdp_per_capita_current_usd,31626
Turks and Caicos Islands,TC,TCA,North America,2017,gdp_per_capita_current_usd,25615
Turks and Caicos Islands,TC,TCA,North America,2016,gdp_per_capita_current_usd,26946
Turks and Caicos Islands,TC,TCA,North America,2015,gdp_per_capita_current_usd,25736
Turks and Caicos Islands,TC,TCA,North America,2014,gdp_per_capita_current_usd,24014
Turks and Caicos Islands,TC,TCA,North America,2013,gdp_per_capita_current_usd,22412
Turks and Caicos Islands,TC,TCA,North America,2012,gdp_per_capita_current_usd,22634
Turks and Caicos Islands,TC,TCA,North America,2011,gdp_per_capita_current_usd,23627
Turks and Caicos Islands,TC,TCA,North America,2010,gdp_per_capita_current_usd,23094
Turks and Caicos Islands,TC,TCA,North America,2009,gdp_per_capita_current_usd,24597
Turks and Caicos Islands,TC,TCA,North America,2008,gdp_per_capita_current_usd,31454
Turks and Caicos Islands,TC,TCA,North America,2007,gdp_per_capita_current_usd,29444
Turks and Caicos Islands,TC,TCA,North America,2006,gdp_per_capita_current_usd,28734
Turks and Caicos Islands,TC,TCA,North America,2005,gdp_per_capita_current_usd,24122
Turks and Caicos Islands,TC,TCA,North America,2004,gdp_per_capita_current_usd,21246
Turks and Caicos Islands,TC,TCA,North America,2003,gdp_per_capita_current_usd,18859
Turks and Caicos Islands,TC,TCA,North America,2002,gdp_per_capita_current_usd,17804
Turks and Caicos Islands,TC,TCA,North America,2001,gdp_per_capita_current_usd,18326
Turks and Caicos Islands,TC,TCA,North America,2024,population_total,46535
Turks and Caicos Islands,TC,TCA,North America,2023,population_total,46198
Turks and Caicos Islands,TC,TCA,North America,2022,population_total,45847
Turks and Caicos Islands,TC,TCA,North America,2021,population_total,45243
Turks and Caicos Islands,TC,TCA,North America,2020,population_total,44386
Turks and Caicos Islands,TC,TCA,North America,2019,population_total,43166
Turks and Caicos Islands,TC,TCA,North America,2018,population_total,41559
Turks and Caicos Islands,TC,TCA,North America,2017,population_total,39913
Turks and Caicos Islands,TC,TCA,North America,2016,population_total,38315
Turks and Caicos Islands,TC,TCA,North America,2015,population_total,36605
Turks and Caicos Islands,TC,TCA,North America,2014,population_total,35050
Turks and Caicos Islands,TC,TCA,North America,2013,population_total,33653
Turks and Caicos Islands,TC,TCA,North America,2012,population_total,32127
Turks and Caicos Islands,TC,TCA,North America,2011,population_total,30846
Turks and Caicos Islands,TC,TCA,North America,2010,population_total,29739
Turks and Caicos Islands,TC,TCA,North America,2009,population_total,28588
Turks and Caicos Islands,TC,TCA,North America,2008,population_total,27427
Turks and Caicos Islands,TC,TCA,North America,2007,population_total,26270
Turks and Caicos Islands,TC,TCA,North America,2006,population_total,25123
Turks and Caicos Islands,TC,TCA,North America,2005,population_total,23988
Turks and Caicos Islands,TC,TCA,North America,2004,population_total,22856
Turks and Caicos Islands,TC,TCA,North America,2003,population_total,21727
Turks and Caicos Islands,TC,TCA,North America,2002,population_total,20597
Turks and Caicos Islands,TC,TCA,North America,2001,population_total,19576
Turks and Caicos Islands,TC,TCA,North America,2000,population_total,18730
Chad,TD,TCD,Africa,2024,gdp_current_usd,20625711665
Chad,TD,TCD,Africa,2023,gdp_current_usd,19107685021
Chad,TD,TCD,Africa,2022,gdp_current_usd,17828508290
Chad,TD,TCD,Africa,2021,gdp_current_usd,16871937698
Chad,TD,TCD,Africa,2020,gdp_current_usd,14932897821
Chad,TD,TCD,Africa,2019,gdp_current_usd,14905517743
Chad,TD,TCD,Africa,2018,gdp_current_usd,15327000249
Chad,TD,TCD,Africa,2017,gdp_current_usd,13349041409
Chad,TD,TCD,Africa,2016,gdp_current_usd,13026289836
Chad,TD,TCD,Africa,2015,gdp_current_usd,14559599500
Chad,TD,TCD,Africa,2014,gdp_current_usd,18144336904
Chad,TD,TCD,Africa,2013,gdp_current_usd,17865316886
Chad,TD,TCD,Africa,2012,gdp_current_usd,17892228570
Chad,TD,TCD,Africa,2011,gdp_current_usd,16685349674
Chad,TD,TCD,Africa,2010,gdp_current_usd,14058506664
Chad,TD,TCD,Africa,2009,gdp_current_usd,12317614054
Chad,TD,TCD,Africa,2008,gdp_current_usd,13385593990
Chad,TD,TCD,Africa,2007,gdp_current_usd,10865385132
Chad,TD,TCD,Africa,2006,gdp_current_usd,9709626596
Chad,TD,TCD,Africa,2005,gdp_current_usd,8655892393
Chad,TD,TCD,Africa,2004,gdp_current_usd,4422855661
Chad,TD,TCD,Africa,2003,gdp_current_usd,2742815072
Chad,TD,TCD,Africa,2002,gdp_current_usd,1997005709
Chad,TD,TCD,Africa,2001,gdp_current_usd,1710843377
Chad,TD,TCD,Africa,2000,gdp_current_usd,1388506772
Chad,TD,TCD,Africa,2024,gdp_per_capita_current_usd,1016
Chad,TD,TCD,Africa,2023,gdp_per_capita_current_usd,989
Chad,TD,TCD,Africa,2022,gdp_per_capita_current_usd,966
Chad,TD,TCD,Africa,2021,gdp_per_capita_current_usd,946
Chad,TD,TCD,Africa,2020,gdp_per_capita_current_usd,867
Chad,TD,TCD,Africa,2019,gdp_per_capita_current_usd,893
Chad,TD,TCD,Africa,2018,gdp_per_capita_current_usd,949
Chad,TD,TCD,Africa,2017,gdp_per_capita_current_usd,854
Chad,TD,TCD,Africa,2016,gdp_per_capita_current_usd,862
Chad,TD,TCD,Africa,2015,gdp_per_capita_current_usd,994
Chad,TD,TCD,Africa,2014,gdp_per_capita_current_usd,1279
Chad,TD,TCD,Africa,2013,gdp_per_capita_current_usd,1305
Chad,TD,TCD,Africa,2012,gdp_per_capita_current_usd,1354
Chad,TD,TCD,Africa,2011,gdp_per_capita_current_usd,1308
Chad,TD,TCD,Africa,2010,gdp_per_capita_current_usd,1142
Chad,TD,TCD,Africa,2009,gdp_per_capita_current_usd,1036
Chad,TD,TCD,Africa,2008,gdp_per_capita_current_usd,1166
Chad,TD,TCD,Africa,2007,gdp_per_capita_current_usd,980
Chad,TD,TCD,Africa,2006,gdp_per_capita_current_usd,907
Chad,TD,TCD,Africa,2005,gdp_per_capita_current_usd,838
Chad,TD,TCD,Africa,2004,gdp_per_capita_current_usd,446
Chad,TD,TCD,Africa,2003,gdp_per_capita_current_usd,289
Chad,TD,TCD,Africa,2002,gdp_per_capita_current_usd,219
Chad,TD,TCD,Africa,2001,gdp_per_capita_current_usd,194
Chad,TD,TCD,Africa,2000,gdp_per_capita_current_usd,163
Chad,TD,TCD,Africa,2024,population_total,20299123
Chad,TD,TCD,Africa,2023,population_total,19319064
Chad,TD,TCD,Africa,2022,population_total,18455316
Chad,TD,TCD,Africa,2021,population_total,17828273
Chad,TD,TCD,Africa,2020,population_total,17224679
Chad,TD,TCD,Africa,2019,population_total,16685223
Chad,TD,TCD,Africa,2018,population_total,16156531
Chad,TD,TCD,Africa,2017,population_total,15622759
Chad,TD,TCD,Africa,2016,population_total,15114655
Chad,TD,TCD,Africa,2015,population_total,14647621
Chad,TD,TCD,Africa,2014,population_total,14188678
Chad,TD,TCD,Africa,2013,population_total,13691079
Chad,TD,TCD,Africa,2012,population_total,13210998
Chad,TD,TCD,Africa,2011,population_total,12754997
Chad,TD,TCD,Africa,2010,population_total,12312575
Chad,TD,TCD,Africa,2009,population_total,11893754
Chad,TD,TCD,Africa,2008,population_total,11476296
Chad,TD,TCD,Africa,2007,population_total,11081660
Chad,TD,TCD,Africa,2006,population_total,10706424
Chad,TD,TCD,Africa,2005,population_total,10328092
Chad,TD,TCD,Africa,2004,population_total,9920036
Chad,TD,TCD,Africa,2003,population_total,9487833
Chad,TD,TCD,Africa,2002,population_total,9116192
Chad,TD,TCD,Africa,2001,population_total,8804124
Chad,TD,TCD,Africa,2000,population_total,8512093
Togo,TG,TGO,Africa,2024,gdp_current_usd,9925732120
Togo,TG,TGO,Africa,2023,gdp_current_usd,9171261838
Togo,TG,TGO,Africa,2022,gdp_current_usd,8169476149
Togo,TG,TGO,Africa,2021,gdp_current_usd,8342243646
Togo,TG,TGO,Africa,2020,gdp_current_usd,7400284168
Togo,TG,TGO,Africa,2019,gdp_current_usd,6992700101
Togo,TG,TGO,Africa,2018,gdp_current_usd,7029300383
Togo,TG,TGO,Africa,2017,gdp_current_usd,6387422518
Togo,TG,TGO,Africa,2016,gdp_current_usd,6071170959
Togo,TG,TGO,Africa,2015,gdp_current_usd,5755461035
Togo,TG,TGO,Africa,2014,gdp_current_usd,6393318262
Togo,TG,TGO,Africa,2013,gdp_current_usd,6021732977
Togo,TG,TGO,Africa,2012,gdp_current_usd,5413544658
Togo,TG,TGO,Africa,2011,gdp_current_usd,5422442166
Togo,TG,TGO,Africa,2010,gdp_current_usd,4746389532
Togo,TG,TGO,Africa,2009,gdp_current_usd,4721890900
Togo,TG,TGO,Africa,2008,gdp_current_usd,4578849658
Togo,TG,TGO,Africa,2007,gdp_current_usd,3759964943
Togo,TG,TGO,Africa,2006,gdp_current_usd,3320907722
Togo,TG,TGO,Africa,2005,gdp_current_usd,3221910408
Togo,TG,TGO,Africa,2004,gdp_current_usd,3191561509
Togo,TG,TGO,Africa,2003,gdp_current_usd,2987984051
Togo,TG,TGO,Africa,2002,gdp_current_usd,2410199032
Togo,TG,TGO,Africa,2001,gdp_current_usd,2093498674
Togo,TG,TGO,Africa,2000,gdp_current_usd,2106848752
Togo,TG,TGO,Africa,2024,gdp_per_capita_current_usd,1043
Togo,TG,TGO,Africa,2023,gdp_per_capita_current_usd,986
Togo,TG,TGO,Africa,2022,gdp_per_capita_current_usd,899
Togo,TG,TGO,Africa,2021,gdp_per_capita_current_usd,940
Togo,TG,TGO,Africa,2020,gdp_per_capita_current_usd,854
Togo,TG,TGO,Africa,2019,gdp_per_capita_current_usd,826
Togo,TG,TGO,Africa,2018,gdp_per_capita_current_usd,851
Togo,TG,TGO,Africa,2017,gdp_per_capita_current_usd,793
Togo,TG,TGO,Africa,2016,gdp_per_capita_current_usd,773
Togo,TG,TGO,Africa,2015,gdp_per_capita_current_usd,751
Togo,TG,TGO,Africa,2014,gdp_per_capita_current_usd,856
Togo,TG,TGO,Africa,2013,gdp_per_capita_current_usd,827
Togo,TG,TGO,Africa,2012,gdp_per_capita_current_usd,762
Togo,TG,TGO,Africa,2011,gdp_per_capita_current_usd,784
Togo,TG,TGO,Africa,2010,gdp_per_capita_current_usd,705
Togo,TG,TGO,Africa,2009,gdp_per_capita_current_usd,721
Togo,TG,TGO,Africa,2008,gdp_per_capita_current_usd,719
Togo,TG,TGO,Africa,2007,gdp_per_capita_current_usd,608
Togo,TG,TGO,Africa,2006,gdp_per_capita_current_usd,553
Togo,TG,TGO,Africa,2005,gdp_per_capita_current_usd,551
Togo,TG,TGO,Africa,2004,gdp_per_capita_current_usd,560
Togo,TG,TGO,Africa,2003,gdp_per_capita_current_usd,538
Togo,TG,TGO,Africa,2002,gdp_per_capita_current_usd,445
Togo,TG,TGO,Africa,2001,gdp_per_capita_current_usd,397
Togo,TG,TGO,Africa,2000,gdp_per_capita_current_usd,410
Togo,TG,TGO,Africa,2024,population_total,9515236
Togo,TG,TGO,Africa,2023,population_total,9304337
Togo,TG,TGO,Africa,2022,population_total,9089738
Togo,TG,TGO,Africa,2021,population_total,8878379
Togo,TG,TGO,Africa,2020,population_total,8669720
Togo,TG,TGO,Africa,2019,population_total,8463068
Togo,TG,TGO,Africa,2018,population_total,8258778
Togo,TG,TGO,Africa,2017,population_total,8057140
Togo,TG,TGO,Africa,2016,population_total,7858289
Togo,TG,TGO,Africa,2015,population_total,7663195
Togo,TG,TGO,Africa,2014,population_total,7472450
Togo,TG,TGO,Africa,2013,population_total,7285442
Togo,TG,TGO,Africa,2012,population_total,7100736
Togo,TG,TGO,Africa,2011,population_total,6916474
Togo,TG,TGO,Africa,2010,population_total,6732590
Togo,TG,TGO,Africa,2009,population_total,6551865
Togo,TG,TGO,Africa,2008,population_total,6368812
Togo,TG,TGO,Africa,2007,population_total,6188344
Togo,TG,TGO,Africa,2006,population_total,6010668
Togo,TG,TGO,Africa,2005,population_total,5844631
Togo,TG,TGO,Africa,2004,population_total,5696508
Togo,TG,TGO,Africa,2003,population_total,5552167
Togo,TG,TGO,Africa,2002,population_total,5413274
Togo,TG,TGO,Africa,2001,population_total,5277382
Togo,TG,TGO,Africa,2000,population_total,5140037
Thailand,TH,THA,Asia,2024,gdp_current_usd,526411265428
Thailand,TH,THA,Asia,2023,gdp_current_usd,515906283941
Thailand,TH,THA,Asia,2022,gdp_current_usd,495644697588
Thailand,TH,THA,Asia,2021,gdp_current_usd,506194668790
Thailand,TH,THA,Asia,2020,gdp_current_usd,500461898480
Thailand,TH,THA,Asia,2019,gdp_current_usd,543976691794
Thailand,TH,THA,Asia,2018,gdp_current_usd,506754208404
Thailand,TH,THA,Asia,2017,gdp_current_usd,456356813537
Thailand,TH,THA,Asia,2016,gdp_current_usd,413366349748
Thailand,TH,THA,Asia,2015,gdp_current_usd,401296238228
Thailand,TH,THA,Asia,2014,gdp_current_usd,407339040198
Thailand,TH,THA,Asia,2013,gdp_current_usd,420333654593
Thailand,TH,THA,Asia,2012,gdp_current_usd,397558325279
Thailand,TH,THA,Asia,2011,gdp_current_usd,370818739624
Thailand,TH,THA,Asia,2010,gdp_current_usd,341104766329
Thailand,TH,THA,Asia,2009,gdp_current_usd,281710630187
Thailand,TH,THA,Asia,2008,gdp_current_usd,291382982431
Thailand,TH,THA,Asia,2007,gdp_current_usd,262942621455
Thailand,TH,THA,Asia,2006,gdp_current_usd,221758296022
Thailand,TH,THA,Asia,2005,gdp_current_usd,189318408469
Thailand,TH,THA,Asia,2004,gdp_current_usd,172895685155
Thailand,TH,THA,Asia,2003,gdp_current_usd,152280615246
Thailand,TH,THA,Asia,2002,gdp_current_usd,134300904400
Thailand,TH,THA,Asia,2001,gdp_current_usd,120296476180
Thailand,TH,THA,Asia,2000,gdp_current_usd,126392224254
Thailand,TH,THA,Asia,2024,gdp_per_capita_current_usd,7345
Thailand,TH,THA,Asia,2023,gdp_per_capita_current_usd,7195
Thailand,TH,THA,Asia,2022,gdp_per_capita_current_usd,6909
Thailand,TH,THA,Asia,2021,gdp_per_capita_current_usd,7057
Thailand,TH,THA,Asia,2020,gdp_per_capita_current_usd,6986
Thailand,TH,THA,Asia,2019,gdp_per_capita_current_usd,7606
Thailand,TH,THA,Asia,2018,gdp_per_capita_current_usd,7100
Thailand,TH,THA,Asia,2017,gdp_per_capita_current_usd,6413
Thailand,TH,THA,Asia,2016,gdp_per_capita_current_usd,5834
Thailand,TH,THA,Asia,2015,gdp_per_capita_current_usd,5689
Thailand,TH,THA,Asia,2014,gdp_per_capita_current_usd,5801
Thailand,TH,THA,Asia,2013,gdp_per_capita_current_usd,6018
Thailand,TH,THA,Asia,2012,gdp_per_capita_current_usd,5726
Thailand,TH,THA,Asia,2011,gdp_per_capita_current_usd,5374
Thailand,TH,THA,Asia,2010,gdp_per_capita_current_usd,4974
Thailand,TH,THA,Asia,2009,gdp_per_capita_current_usd,4135
Thailand,TH,THA,Asia,2008,gdp_per_capita_current_usd,4309
Thailand,TH,THA,Asia,2007,gdp_per_capita_current_usd,3919
Thailand,TH,THA,Asia,2006,gdp_per_capita_current_usd,3331
Thailand,TH,THA,Asia,2005,gdp_per_capita_current_usd,2868
Thailand,TH,THA,Asia,2004,gdp_per_capita_current_usd,2642
Thailand,TH,THA,Asia,2003,gdp_per_capita_current_usd,2348
Thailand,TH,THA,Asia,2002,gdp_per_capita_current_usd,2090
Thailand,TH,THA,Asia,2001,gdp_per_capita_current_usd,1890
Thailand,TH,THA,Asia,2000,gdp_per_capita_current_usd,2006
Thailand,TH,THA,Asia,2024,population_total,71668011
Thailand,TH,THA,Asia,2023,population_total,71702435
Thailand,TH,THA,Asia,2022,population_total,71735329
Thailand,TH,THA,Asia,2021,population_total,71727332
Thailand,TH,THA,Asia,2020,population_total,71641484
Thailand,TH,THA,Asia,2019,population_total,71522271
Thailand,TH,THA,Asia,2018,population_total,71376079
Thailand,TH,THA,Asia,2017,population_total,71160187
Thailand,TH,THA,Asia,2016,population_total,70859841
Thailand,TH,THA,Asia,2015,population_total,70540795
Thailand,TH,THA,Asia,2014,population_total,70216367
Thailand,TH,THA,Asia,2013,population_total,69845114
Thailand,TH,THA,Asia,2012,population_total,69436098
Thailand,TH,THA,Asia,2011,population_total,69007208
Thailand,TH,THA,Asia,2010,population_total,68579447
Thailand,TH,THA,Asia,2009,population_total,68121080
Thailand,TH,THA,Asia,2008,population_total,67619830
Thailand,TH,THA,Asia,2007,population_total,67102394
Thailand,TH,THA,Asia,2006,population_total,66567687
Thailand,TH,THA,Asia,2005,population_total,66017420
Thailand,TH,THA,Asia,2004,population_total,65452047
Thailand,TH,THA,Asia,2003,population_total,64868166
Thailand,TH,THA,Asia,2002,population_total,64266437
Thailand,TH,THA,Asia,2001,population_total,63651141
Thailand,TH,THA,Asia,2000,population_total,63007815
Tajikistan,TJ,TJK,Asia,2024,gdp_current_usd,14204575549
Tajikistan,TJ,TJK,Asia,2023,gdp_current_usd,12244169293
Tajikistan,TJ,TJK,Asia,2022,gdp_current_usd,10713525200
Tajikistan,TJ,TJK,Asia,2021,gdp_current_usd,8937805347
Tajikistan,TJ,TJK,Asia,2020,gdp_current_usd,8133963551
Tajikistan,TJ,TJK,Asia,2019,gdp_current_usd,8300813599
Tajikistan,TJ,TJK,Asia,2018,gdp_current_usd,7764999999
Tajikistan,TJ,TJK,Asia,2017,gdp_current_usd,7536402853
Tajikistan,TJ,TJK,Asia,2016,gdp_current_usd,6992416097
Tajikistan,TJ,TJK,Asia,2015,gdp_current_usd,8271431485
Tajikistan,TJ,TJK,Asia,2014,gdp_current_usd,9112605459
Tajikistan,TJ,TJK,Asia,2013,gdp_current_usd,8448411318
Tajikistan,TJ,TJK,Asia,2012,gdp_current_usd,7633036903
Tajikistan,TJ,TJK,Asia,2011,gdp_current_usd,6522756255
Tajikistan,TJ,TJK,Asia,2010,gdp_current_usd,5642221099
Tajikistan,TJ,TJK,Asia,2009,gdp_current_usd,4979472364
Tajikistan,TJ,TJK,Asia,2008,gdp_current_usd,5161299725
Tajikistan,TJ,TJK,Asia,2007,gdp_current_usd,3719524541
Tajikistan,TJ,TJK,Asia,2006,gdp_current_usd,2830213849
Tajikistan,TJ,TJK,Asia,2005,gdp_current_usd,2312352021
Tajikistan,TJ,TJK,Asia,2004,gdp_current_usd,2076176869
Tajikistan,TJ,TJK,Asia,2003,gdp_current_usd,1555318261
Tajikistan,TJ,TJK,Asia,2002,gdp_current_usd,1221106220
Tajikistan,TJ,TJK,Asia,2001,gdp_current_usd,1080772551
Tajikistan,TJ,TJK,Asia,2000,gdp_current_usd,860541842
Tajikistan,TJ,TJK,Asia,2024,gdp_per_capita_current_usd,1341
Tajikistan,TJ,TJK,Asia,2023,gdp_per_capita_current_usd,1178
Tajikistan,TJ,TJK,Asia,2022,gdp_per_capita_current_usd,1052
Tajikistan,TJ,TJK,Asia,2021,gdp_per_capita_current_usd,897
Tajikistan,TJ,TJK,Asia,2020,gdp_per_capita_current_usd,834
Tajikistan,TJ,TJK,Asia,2019,gdp_per_capita_current_usd,871
Tajikistan,TJ,TJK,Asia,2018,gdp_per_capita_current_usd,834
Tajikistan,TJ,TJK,Asia,2017,gdp_per_capita_current_usd,829
Tajikistan,TJ,TJK,Asia,2016,gdp_per_capita_current_usd,789
Tajikistan,TJ,TJK,Asia,2015,gdp_per_capita_current_usd,957
Tajikistan,TJ,TJK,Asia,2014,gdp_per_capita_current_usd,1082
Tajikistan,TJ,TJK,Asia,2013,gdp_per_capita_current_usd,1028
Tajikistan,TJ,TJK,Asia,2012,gdp_per_capita_current_usd,952
Tajikistan,TJ,TJK,Asia,2011,gdp_per_capita_current_usd,834
Tajikistan,TJ,TJK,Asia,2010,gdp_per_capita_current_usd,737
Tajikistan,TJ,TJK,Asia,2009,gdp_per_capita_current_usd,665
Tajikistan,TJ,TJK,Asia,2008,gdp_per_capita_current_usd,703
Tajikistan,TJ,TJK,Asia,2007,gdp_per_capita_current_usd,517
Tajikistan,TJ,TJK,Asia,2006,gdp_per_capita_current_usd,401
Tajikistan,TJ,TJK,Asia,2005,gdp_per_capita_current_usd,334
Tajikistan,TJ,TJK,Asia,2004,gdp_per_capita_current_usd,306
Tajikistan,TJ,TJK,Asia,2003,gdp_per_capita_current_usd,234
Tajikistan,TJ,TJK,Asia,2002,gdp_per_capita_current_usd,187
Tajikistan,TJ,TJK,Asia,2001,gdp_per_capita_current_usd,169
Tajikistan,TJ,TJK,Asia,2000,gdp_per_capita_current_usd,137
Tajikistan,TJ,TJK,Asia,2024,population_total,10590927
Tajikistan,TJ,TJK,Asia,2023,population_total,10389799
Tajikistan,TJ,TJK,Asia,2022,population_total,10182222
Tajikistan,TJ,TJK,Asia,2021,population_total,9966908
Tajikistan,TJ,TJK,Asia,2020,population_total,9749310
Tajikistan,TJ,TJK,Asia,2019,population_total,9529966
Tajikistan,TJ,TJK,Asia,2018,population_total,9307333
Tajikistan,TJ,TJK,Asia,2017,population_total,9085946
Tajikistan,TJ,TJK,Asia,2016,population_total,8865631
Tajikistan,TJ,TJK,Asia,2015,population_total,8643840
Tajikistan,TJ,TJK,Asia,2014,population_total,8425552
Tajikistan,TJ,TJK,Asia,2013,population_total,8216724
Tajikistan,TJ,TJK,Asia,2012,population_total,8014084
Tajikistan,TJ,TJK,Asia,2011,population_total,7824785
Tajikistan,TJ,TJK,Asia,2010,population_total,7652141
Tajikistan,TJ,TJK,Asia,2009,population_total,7490230
Tajikistan,TJ,TJK,Asia,2008,population_total,7338403
Tajikistan,TJ,TJK,Asia,2007,population_total,7194477
Tajikistan,TJ,TJK,Asia,2006,population_total,7057566
Tajikistan,TJ,TJK,Asia,2005,population_total,6924720
Tajikistan,TJ,TJK,Asia,2004,population_total,6790547
Tajikistan,TJ,TJK,Asia,2003,population_total,6658575
Tajikistan,TJ,TJK,Asia,2002,population_total,6531669
Tajikistan,TJ,TJK,Asia,2001,population_total,6407377
Tajikistan,TJ,TJK,Asia,2000,population_total,6284735
Turkmenistan,TM,TKM,Asia,2024,gdp_current_usd,64239891739
Turkmenistan,TM,TKM,Asia,2023,gdp_current_usd,60628857143
Turkmenistan,TM,TKM,Asia,2022,gdp_current_usd,58972000000
Turkmenistan,TM,TKM,Asia,2021,gdp_current_usd,50007428571
Turkmenistan,TM,TKM,Asia,2020,gdp_current_usd,45818000000
Turkmenistan,TM,TKM,Asia,2019,gdp_current_usd,45232857143
Turkmenistan,TM,TKM,Asia,2018,gdp_current_usd,40765428571
Turkmenistan,TM,TKM,Asia,2017,gdp_current_usd,37926285714
Turkmenistan,TM,TKM,Asia,2016,gdp_current_usd,36169428571
Turkmenistan,TM,TKM,Asia,2015,gdp_current_usd,35799714286
Turkmenistan,TM,TKM,Asia,2014,gdp_current_usd,43524210526
Turkmenistan,TM,TKM,Asia,2013,gdp_current_usd,39197543860
Turkmenistan,TM,TKM,Asia,2012,gdp_current_usd,35164210526
Turkmenistan,TM,TKM,Asia,2011,gdp_current_usd,29233333333
Turkmenistan,TM,TKM,Asia,2010,gdp_current_usd,22583157895
Turkmenistan,TM,TKM,Asia,2009,gdp_current_usd,20214385965
Turkmenistan,TM,TKM,Asia,2008,gdp_current_usd,19271523179
Turkmenistan,TM,TKM,Asia,2007,gdp_current_usd,12664165103
Turkmenistan,TM,TKM,Asia,2006,gdp_current_usd,10276674365
Turkmenistan,TM,TKM,Asia,2005,gdp_current_usd,8103901996
Turkmenistan,TM,TKM,Asia,2004,gdp_current_usd,6838351088
Turkmenistan,TM,TKM,Asia,2003,gdp_current_usd,5977440583
Turkmenistan,TM,TKM,Asia,2002,gdp_current_usd,4462029109
Turkmenistan,TM,TKM,Asia,2001,gdp_current_usd,3534772732
Turkmenistan,TM,TKM,Asia,2000,gdp_current_usd,2904663311
Turkmenistan,TM,TKM,Asia,2024,gdp_per_capita_current_usd,8572
Turkmenistan,TM,TKM,Asia,2023,gdp_per_capita_current_usd,8233
Turkmenistan,TM,TKM,Asia,2022,gdp_per_capita_current_usd,8156
Turkmenistan,TM,TKM,Asia,2021,gdp_per_capita_current_usd,7051
Turkmenistan,TM,TKM,Asia,2020,gdp_per_capita_current_usd,6593
Turkmenistan,TM,TKM,Asia,2019,gdp_per_capita_current_usd,6648
Turkmenistan,TM,TKM,Asia,2018,gdp_per_capita_current_usd,6125
Turkmenistan,TM,TKM,Asia,2017,gdp_per_capita_current_usd,5828
Turkmenistan,TM,TKM,Asia,2016,gdp_per_capita_current_usd,5687
Turkmenistan,TM,TKM,Asia,2015,gdp_per_capita_current_usd,5759
Turkmenistan,TM,TKM,Asia,2014,gdp_per_capita_current_usd,7164
Turkmenistan,TM,TKM,Asia,2013,gdp_per_capita_current_usd,6600
Turkmenistan,TM,TKM,Asia,2012,gdp_per_capita_current_usd,6054
Turkmenistan,TM,TKM,Asia,2011,gdp_per_capita_current_usd,5144
Turkmenistan,TM,TKM,Asia,2010,gdp_per_capita_current_usd,4059
Turkmenistan,TM,TKM,Asia,2009,gdp_per_capita_current_usd,3708
Turkmenistan,TM,TKM,Asia,2008,gdp_per_capita_current_usd,3606
Turkmenistan,TM,TKM,Asia,2007,gdp_per_capita_current_usd,2415
Turkmenistan,TM,TKM,Asia,2006,gdp_per_capita_current_usd,1997
Turkmenistan,TM,TKM,Asia,2005,gdp_per_capita_current_usd,1604
Turkmenistan,TM,TKM,Asia,2004,gdp_per_capita_current_usd,1379
Turkmenistan,TM,TKM,Asia,2003,gdp_per_capita_current_usd,1229
Turkmenistan,TM,TKM,Asia,2002,gdp_per_capita_current_usd,936
Turkmenistan,TM,TKM,Asia,2001,gdp_per_capita_current_usd,756
Turkmenistan,TM,TKM,Asia,2000,gdp_per_capita_current_usd,634
Turkmenistan,TM,TKM,Asia,2024,population_total,7494498
Turkmenistan,TM,TKM,Asia,2023,population_total,7364438
Turkmenistan,TM,TKM,Asia,2022,population_total,7230193
Turkmenistan,TM,TKM,Asia,2021,population_total,7092043
Turkmenistan,TM,TKM,Asia,2020,population_total,6949912
Turkmenistan,TM,TKM,Asia,2019,population_total,6803944
Turkmenistan,TM,TKM,Asia,2018,population_total,6655524
Turkmenistan,TM,TKM,Asia,2017,population_total,6507061
Turkmenistan,TM,TKM,Asia,2016,population_total,6360041
Turkmenistan,TM,TKM,Asia,2015,population_total,6215770
Turkmenistan,TM,TKM,Asia,2014,population_total,6075283
Turkmenistan,TM,TKM,Asia,2013,population_total,5939341
Turkmenistan,TM,TKM,Asia,2012,population_total,5808546
Turkmenistan,TM,TKM,Asia,2011,population_total,5683417
Turkmenistan,TM,TKM,Asia,2010,population_total,5564356
Turkmenistan,TM,TKM,Asia,2009,population_total,5451592
Turkmenistan,TM,TKM,Asia,2008,population_total,5345029
Turkmenistan,TM,TKM,Asia,2007,population_total,5244046
Turkmenistan,TM,TKM,Asia,2006,population_total,5147105
Turkmenistan,TM,TKM,Asia,2005,population_total,5052257
Turkmenistan,TM,TKM,Asia,2004,population_total,4958093
Turkmenistan,TM,TKM,Asia,2003,population_total,4863865
Turkmenistan,TM,TKM,Asia,2002,population_total,4769465
Turkmenistan,TM,TKM,Asia,2001,population_total,4675409
Turkmenistan,TM,TKM,Asia,2000,population_total,4582677
Timor-Leste,TL,TLS,Asia,2024,gdp_current_usd,1881265333
Timor-Leste,TL,TLS,Asia,2023,gdp_current_usd,2079916909
Timor-Leste,TL,TLS,Asia,2022,gdp_current_usd,3208593982
Timor-Leste,TL,TLS,Asia,2021,gdp_current_usd,3624889673
Timor-Leste,TL,TLS,Asia,2020,gdp_current_usd,2162619241
Timor-Leste,TL,TLS,Asia,2019,gdp_current_usd,2032550389
Timor-Leste,TL,TLS,Asia,2018,gdp_current_usd,1555988614
Timor-Leste,TL,TLS,Asia,2017,gdp_current_usd,1584878400
Timor-Leste,TL,TLS,Asia,2016,gdp_current_usd,1640464600
Timor-Leste,TL,TLS,Asia,2015,gdp_current_usd,1590282400
Timor-Leste,TL,TLS,Asia,2014,gdp_current_usd,1447535200
Timor-Leste,TL,TLS,Asia,2013,gdp_current_usd,1395727400
Timor-Leste,TL,TLS,Asia,2012,gdp_current_usd,1160555000
Timor-Leste,TL,TLS,Asia,2011,gdp_current_usd,1042534600
Timor-Leste,TL,TLS,Asia,2010,gdp_current_usd,881909300
Timor-Leste,TL,TLS,Asia,2009,gdp_current_usd,726937800
Timor-Leste,TL,TLS,Asia,2008,gdp_current_usd,648523600
Timor-Leste,TL,TLS,Asia,2007,gdp_current_usd,542795400
Timor-Leste,TL,TLS,Asia,2006,gdp_current_usd,453792400
Timor-Leste,TL,TLS,Asia,2005,gdp_current_usd,462268000
Timor-Leste,TL,TLS,Asia,2004,gdp_current_usd,440772000
Timor-Leste,TL,TLS,Asia,2003,gdp_current_usd,490439100
Timor-Leste,TL,TLS,Asia,2002,gdp_current_usd,469455500
Timor-Leste,TL,TLS,Asia,2001,gdp_current_usd,477443500
Timor-Leste,TL,TLS,Asia,2000,gdp_current_usd,366924300
Timor-Leste,TL,TLS,Asia,2024,gdp_per_capita_current_usd,1343
Timor-Leste,TL,TLS,Asia,2023,gdp_per_capita_current_usd,1503
Timor-Leste,TL,TLS,Asia,2022,gdp_per_capita_current_usd,2343
Timor-Leste,TL,TLS,Asia,2021,gdp_per_capita_current_usd,2685
Timor-Leste,TL,TLS,Asia,2020,gdp_per_capita_current_usd,1631
Timor-Leste,TL,TLS,Asia,2019,gdp_per_capita_current_usd,1562
Timor-Leste,TL,TLS,Asia,2018,gdp_per_capita_current_usd,1219
Timor-Leste,TL,TLS,Asia,2017,gdp_per_capita_current_usd,1266
Timor-Leste,TL,TLS,Asia,2016,gdp_per_capita_current_usd,1336
Timor-Leste,TL,TLS,Asia,2015,gdp_per_capita_current_usd,1320
Timor-Leste,TL,TLS,Asia,2014,gdp_per_capita_current_usd,1225
Timor-Leste,TL,TLS,Asia,2013,gdp_per_capita_current_usd,1205
Timor-Leste,TL,TLS,Asia,2012,gdp_per_capita_current_usd,1023
Timor-Leste,TL,TLS,Asia,2011,gdp_per_capita_current_usd,939
Timor-Leste,TL,TLS,Asia,2010,gdp_per_capita_current_usd,813
Timor-Leste,TL,TLS,Asia,2009,gdp_per_capita_current_usd,687
Timor-Leste,TL,TLS,Asia,2008,gdp_per_capita_current_usd,628
Timor-Leste,TL,TLS,Asia,2007,gdp_per_capita_current_usd,540
Timor-Leste,TL,TLS,Asia,2006,gdp_per_capita_current_usd,465
Timor-Leste,TL,TLS,Asia,2005,gdp_per_capita_current_usd,487
Timor-Leste,TL,TLS,Asia,2004,gdp_per_capita_current_usd,474
Timor-Leste,TL,TLS,Asia,2003,gdp_per_capita_current_usd,535
Timor-Leste,TL,TLS,Asia,2002,gdp_per_capita_current_usd,534
Timor-Leste,TL,TLS,Asia,2001,gdp_per_capita_current_usd,588
Timor-Leste,TL,TLS,Asia,2000,gdp_per_capita_current_usd,492
Timor-Leste,TL,TLS,Asia,2024,population_total,1400638
Timor-Leste,TL,TLS,Asia,2023,population_total,1384286
Timor-Leste,TL,TLS,Asia,2022,population_total,1369295
Timor-Leste,TL,TLS,Asia,2021,population_total,1350139
Timor-Leste,TL,TLS,Asia,2020,population_total,1326053
Timor-Leste,TL,TLS,Asia,2019,population_total,1300945
Timor-Leste,TL,TLS,Asia,2018,population_total,1275959
Timor-Leste,TL,TLS,Asia,2017,population_total,1251703
Timor-Leste,TL,TLS,Asia,2016,population_total,1228312
Timor-Leste,TL,TLS,Asia,2015,population_total,1205131
Timor-Leste,TL,TLS,Asia,2014,population_total,1181903
Timor-Leste,TL,TLS,Asia,2013,population_total,1158695
Timor-Leste,TL,TLS,Asia,2012,population_total,1134885
Timor-Leste,TL,TLS,Asia,2011,population_total,1110207
Timor-Leste,TL,TLS,Asia,2010,population_total,1084679
Timor-Leste,TL,TLS,Asia,2009,population_total,1058782
Timor-Leste,TL,TLS,Asia,2008,population_total,1032429
Timor-Leste,TL,TLS,Asia,2007,population_total,1004889
Timor-Leste,TL,TLS,Asia,2006,population_total,976597
Timor-Leste,TL,TLS,Asia,2005,population_total,948311
Timor-Leste,TL,TLS,Asia,2004,population_total,929074
Timor-Leste,TL,TLS,Asia,2003,population_total,916878
Timor-Leste,TL,TLS,Asia,2002,population_total,879159
Timor-Leste,TL,TLS,Asia,2001,population_total,812249
Timor-Leste,TL,TLS,Asia,2000,population_total,745088
Tonga,TO,TON,Oceania,2023,gdp_current_usd,508735107
Tonga,TO,TON,Oceania,2022,gdp_current_usd,518180029
Tonga,TO,TON,Oceania,2021,gdp_current_usd,518228029
Tonga,TO,TON,Oceania,2020,gdp_current_usd,496856304
Tonga,TO,TON,Oceania,2019,gdp_current_usd,494197854
Tonga,TO,TON,Oceania,2018,gdp_current_usd,489714530
Tonga,TO,TON,Oceania,2017,gdp_current_usd,459976847
Tonga,TO,TON,Oceania,2016,gdp_current_usd,420828255
Tonga,TO,TON,Oceania,2015,gdp_current_usd,437525539
Tonga,TO,TON,Oceania,2014,gdp_current_usd,440997735
Tonga,TO,TON,Oceania,2013,gdp_current_usd,451788498
Tonga,TO,TON,Oceania,2012,gdp_current_usd,471122971
Tonga,TO,TON,Oceania,2011,gdp_current_usd,414143828
Tonga,TO,TON,Oceania,2010,gdp_current_usd,366887375
Tonga,TO,TON,Oceania,2009,gdp_current_usd,312415028
Tonga,TO,TON,Oceania,2008,gdp_current_usd,344438844
Tonga,TO,TON,Oceania,2007,gdp_current_usd,298519623
Tonga,TO,TON,Oceania,2006,gdp_current_usd,292232703
Tonga,TO,TON,Oceania,2005,gdp_current_usd,261823805
Tonga,TO,TON,Oceania,2004,gdp_current_usd,230678011
Tonga,TO,TON,Oceania,2003,gdp_current_usd,202246591
Tonga,TO,TON,Oceania,2002,gdp_current_usd,182764281
Tonga,TO,TON,Oceania,2001,gdp_current_usd,181117230
Tonga,TO,TON,Oceania,2000,gdp_current_usd,204848488
Tonga,TO,TON,Oceania,2023,gdp_per_capita_current_usd,4864
Tonga,TO,TON,Oceania,2022,gdp_per_capita_current_usd,4933
Tonga,TO,TON,Oceania,2021,gdp_per_capita_current_usd,4913
Tonga,TO,TON,Oceania,2020,gdp_per_capita_current_usd,4700
Tonga,TO,TON,Oceania,2019,gdp_per_capita_current_usd,4677
Tonga,TO,TON,Oceania,2018,gdp_per_capita_current_usd,4639
Tonga,TO,TON,Oceania,2017,gdp_per_capita_current_usd,4366
Tonga,TO,TON,Oceania,2016,gdp_per_capita_current_usd,3988
Tonga,TO,TON,Oceania,2015,gdp_per_capita_current_usd,4124
Tonga,TO,TON,Oceania,2014,gdp_per_capita_current_usd,4137
Tonga,TO,TON,Oceania,2013,gdp_per_capita_current_usd,4219
Tonga,TO,TON,Oceania,2012,gdp_per_capita_current_usd,4384
Tonga,TO,TON,Oceania,2011,gdp_per_capita_current_usd,3850
Tonga,TO,TON,Oceania,2010,gdp_per_capita_current_usd,3416
Tonga,TO,TON,Oceania,2009,gdp_per_capita_current_usd,2914
Tonga,TO,TON,Oceania,2008,gdp_per_capita_current_usd,3218
Tonga,TO,TON,Oceania,2007,gdp_per_capita_current_usd,2797
Tonga,TO,TON,Oceania,2006,gdp_per_capita_current_usd,2750
Tonga,TO,TON,Oceania,2005,gdp_per_capita_current_usd,2478
Tonga,TO,TON,Oceania,2004,gdp_per_capita_current_usd,2195
Tonga,TO,TON,Oceania,2003,gdp_per_capita_current_usd,1936
Tonga,TO,TON,Oceania,2002,gdp_per_capita_current_usd,1759
Tonga,TO,TON,Oceania,2001,gdp_per_capita_current_usd,1754
Tonga,TO,TON,Oceania,2000,gdp_per_capita_current_usd,1995
Tonga,TO,TON,Oceania,2024,population_total,104175
Tonga,TO,TON,Oceania,2023,population_total,104597
Tonga,TO,TON,Oceania,2022,population_total,105042
Tonga,TO,TON,Oceania,2021,population_total,105490
Tonga,TO,TON,Oceania,2020,population_total,105704
Tonga,TO,TON,Oceania,2019,population_total,105669
Tonga,TO,TON,Oceania,2018,population_total,105567
Tonga,TO,TON,Oceania,2017,population_total,105356
Tonga,TO,TON,Oceania,2016,population_total,105524
Tonga,TO,TON,Oceania,2015,population_total,106095
Tonga,TO,TON,Oceania,2014,population_total,106609
Tonga,TO,TON,Oceania,2013,population_total,107078
Tonga,TO,TON,Oceania,2012,population_total,107460
Tonga,TO,TON,Oceania,2011,population_total,107570
Tonga,TO,TON,Oceania,2010,population_total,107400
Tonga,TO,TON,Oceania,2009,population_total,107203
Tonga,TO,TON,Oceania,2008,population_total,107020
Tonga,TO,TON,Oceania,2007,population_total,106726
Tonga,TO,TON,Oceania,2006,population_total,106253
Tonga,TO,TON,Oceania,2005,population_total,105671
Tonga,TO,TON,Oceania,2004,population_total,105071
Tonga,TO,TON,Oceania,2003,population_total,104464
Tonga,TO,TON,Oceania,2002,population_total,103874
Tonga,TO,TON,Oceania,2001,population_total,103288
Tonga,TO,TON,Oceania,2000,population_total,102677
Trinidad and Tobago,TT,TTO,North America,2024,gdp_current_usd,26428963758
Trinidad and Tobago,TT,TTO,North America,2023,gdp_current_usd,25489373405
Trinidad and Tobago,TT,TTO,North America,2022,gdp_current_usd,28510328245
Trinidad and Tobago,TT,TTO,North America,2021,gdp_current_usd,24177305760
Trinidad and Tobago,TT,TTO,North America,2020,gdp_current_usd,20991339707
Trinidad and Tobago,TT,TTO,North America,2019,gdp_current_usd,23588037787
Trinidad and Tobago,TT,TTO,North America,2018,gdp_current_usd,23888910152
Trinidad and Tobago,TT,TTO,North America,2017,gdp_current_usd,23847765529
Trinidad and Tobago,TT,TTO,North America,2016,gdp_current_usd,23624333664
Trinidad and Tobago,TT,TTO,North America,2015,gdp_current_usd,26841143095
Trinidad and Tobago,TT,TTO,North America,2014,gdp_current_usd,29474180442
Trinidad and Tobago,TT,TTO,North America,2013,gdp_current_usd,28560536917
Trinidad and Tobago,TT,TTO,North America,2012,gdp_current_usd,27147349937
Trinidad and Tobago,TT,TTO,North America,2011,gdp_current_usd,25433007437
Trinidad and Tobago,TT,TTO,North America,2010,gdp_current_usd,22157920592
Trinidad and Tobago,TT,TTO,North America,2009,gdp_current_usd,19172165226
Trinidad and Tobago,TT,TTO,North America,2008,gdp_current_usd,27871587350
Trinidad and Tobago,TT,TTO,North America,2007,gdp_current_usd,21641620050
Trinidad and Tobago,TT,TTO,North America,2006,gdp_current_usd,18369361094
Trinidad and Tobago,TT,TTO,North America,2005,gdp_current_usd,15982389018
Trinidad and Tobago,TT,TTO,North America,2004,gdp_current_usd,13280291990
Trinidad and Tobago,TT,TTO,North America,2003,gdp_current_usd,11305459802
Trinidad and Tobago,TT,TTO,North America,2002,gdp_current_usd,9008298229
Trinidad and Tobago,TT,TTO,North America,2001,gdp_current_usd,8824849191
Trinidad and Tobago,TT,TTO,North America,2000,gdp_current_usd,8154342116
Trinidad and Tobago,TT,TTO,North America,2024,gdp_per_capita_current_usd,19315
Trinidad and Tobago,TT,TTO,North America,2023,gdp_per_capita_current_usd,18639
Trinidad and Tobago,TT,TTO,North America,2022,gdp_per_capita_current_usd,20874
Trinidad and Tobago,TT,TTO,North America,2021,gdp_per_capita_current_usd,17679
Trinidad and Tobago,TT,TTO,North America,2020,gdp_per_capita_current_usd,15359
Trinidad and Tobago,TT,TTO,North America,2019,gdp_per_capita_current_usd,17293
Trinidad and Tobago,TT,TTO,North America,2018,gdp_per_capita_current_usd,17576
Trinidad and Tobago,TT,TTO,North America,2017,gdp_per_capita_current_usd,17579
Trinidad and Tobago,TT,TTO,North America,2016,gdp_per_capita_current_usd,17449
Trinidad and Tobago,TT,TTO,North America,2015,gdp_per_capita_current_usd,19887
Trinidad and Tobago,TT,TTO,North America,2014,gdp_per_capita_current_usd,21908
Trinidad and Tobago,TT,TTO,North America,2013,gdp_per_capita_current_usd,21305
Trinidad and Tobago,TT,TTO,North America,2012,gdp_per_capita_current_usd,20332
Trinidad and Tobago,TT,TTO,North America,2011,gdp_per_capita_current_usd,19151
Trinidad and Tobago,TT,TTO,North America,2010,gdp_per_capita_current_usd,16815
Trinidad and Tobago,TT,TTO,North America,2009,gdp_per_capita_current_usd,14634
Trinidad and Tobago,TT,TTO,North America,2008,gdp_per_capita_current_usd,21299
Trinidad and Tobago,TT,TTO,North America,2007,gdp_per_capita_current_usd,16607
Trinidad and Tobago,TT,TTO,North America,2006,gdp_per_capita_current_usd,14153
Trinidad and Tobago,TT,TTO,North America,2005,gdp_per_capita_current_usd,12346
Trinidad and Tobago,TT,TTO,North America,2004,gdp_per_capita_current_usd,9871
Trinidad and Tobago,TT,TTO,North America,2003,gdp_per_capita_current_usd,8445
Trinidad and Tobago,TT,TTO,North America,2002,gdp_per_capita_current_usd,6763
Trinidad and Tobago,TT,TTO,North America,2001,gdp_per_capita_current_usd,6657
Trinidad and Tobago,TT,TTO,North America,2000,gdp_per_capita_current_usd,6179
Trinidad and Tobago,TT,TTO,North America,2024,population_total,1368333
Trinidad and Tobago,TT,TTO,North America,2023,population_total,1367510
Trinidad and Tobago,TT,TTO,North America,2022,population_total,1365805
Trinidad and Tobago,TT,TTO,North America,2021,population_total,1367558
Trinidad and Tobago,TT,TTO,North America,2020,population_total,1366725
Trinidad and Tobago,TT,TTO,North America,2019,population_total,1363985
Trinidad and Tobago,TT,TTO,North America,2018,population_total,1359193
Trinidad and Tobago,TT,TTO,North America,2017,population_total,1356633
Trinidad and Tobago,TT,TTO,North America,2016,population_total,1353895
Trinidad and Tobago,TT,TTO,North America,2015,population_total,1349667
Trinidad and Tobago,TT,TTO,North America,2014,population_total,1345343
Trinidad and Tobago,TT,TTO,North America,2013,population_total,1340557
Trinidad and Tobago,TT,TTO,North America,2012,population_total,1335194
Trinidad and Tobago,TT,TTO,North America,2011,population_total,1328019
Trinidad and Tobago,TT,TTO,North America,2010,population_total,1317714
Trinidad and Tobago,TT,TTO,North America,2009,population_total,1310106
Trinidad and Tobago,TT,TTO,North America,2008,population_total,1308587
Trinidad and Tobago,TT,TTO,North America,2007,population_total,1303188
Trinidad and Tobago,TT,TTO,North America,2006,population_total,1297944
Trinidad and Tobago,TT,TTO,North America,2005,population_total,1294494
Trinidad and Tobago,TT,TTO,North America,2004,population_total,1345380
Trinidad and Tobago,TT,TTO,North America,2003,population_total,1338709
Trinidad and Tobago,TT,TTO,North America,2002,population_total,1332011
Trinidad and Tobago,TT,TTO,North America,2001,population_total,1325567
Trinidad and Tobago,TT,TTO,North America,2000,population_total,1319774
Tunisia,TN,TUN,Africa,2024,gdp_current_usd,53409988745
Tunisia,TN,TUN,Africa,2023,gdp_current_usd,48196281784
Tunisia,TN,TUN,Africa,2022,gdp_current_usd,44948769171
Tunisia,TN,TUN,Africa,2021,gdp_current_usd,47073234359
Tunisia,TN,TUN,Africa,2020,gdp_current_usd,42491780918
Tunisia,TN,TUN,Africa,2019,gdp_current_usd,41905642419
Tunisia,TN,TUN,Africa,2018,gdp_current_usd,42686504460
Tunisia,TN,TUN,Africa,2017,gdp_current_usd,42163530591
Tunisia,TN,TUN,Africa,2016,gdp_current_usd,44360072680
Tunisia,TN,TUN,Africa,2015,gdp_current_usd,45779494042
Tunisia,TN,TUN,Africa,2014,gdp_current_usd,50271812921
Tunisia,TN,TUN,Africa,2013,gdp_current_usd,48685446414
Tunisia,TN,TUN,Africa,2012,gdp_current_usd,47311401813
Tunisia,TN,TUN,Africa,2011,gdp_current_usd,48123325825
Tunisia,TN,TUN,Africa,2010,gdp_current_usd,46206091938
Tunisia,TN,TUN,Africa,2009,gdp_current_usd,43455740497
Tunisia,TN,TUN,Africa,2008,gdp_current_usd,44859439902
Tunisia,TN,TUN,Africa,2007,gdp_current_usd,38915353867
Tunisia,TN,TUN,Africa,2006,gdp_current_usd,34376664601
Tunisia,TN,TUN,Africa,2005,gdp_current_usd,32272186695
Tunisia,TN,TUN,Africa,2004,gdp_current_usd,31183885241
Tunisia,TN,TUN,Africa,2003,gdp_current_usd,27453902261
Tunisia,TN,TUN,Africa,2002,gdp_current_usd,23141616605
Tunisia,TN,TUN,Africa,2001,gdp_current_usd,22065832449
Tunisia,TN,TUN,Africa,2000,gdp_current_usd,21473528161
Tunisia,TN,TUN,Africa,2024,gdp_per_capita_current_usd,4350
Tunisia,TN,TUN,Africa,2023,gdp_per_capita_current_usd,3950
Tunisia,TN,TUN,Africa,2022,gdp_per_capita_current_usd,3709
Tunisia,TN,TUN,Africa,2021,gdp_per_capita_current_usd,3907
Tunisia,TN,TUN,Africa,2020,gdp_per_capita_current_usd,3549
Tunisia,TN,TUN,Africa,2019,gdp_per_capita_current_usd,3529
Tunisia,TN,TUN,Africa,2018,gdp_per_capita_current_usd,3628
Tunisia,TN,TUN,Africa,2017,gdp_per_capita_current_usd,3619
Tunisia,TN,TUN,Africa,2016,gdp_per_capita_current_usd,3848
Tunisia,TN,TUN,Africa,2015,gdp_per_capita_current_usd,4015
Tunisia,TN,TUN,Africa,2014,gdp_per_capita_current_usd,4459
Tunisia,TN,TUN,Africa,2013,gdp_per_capita_current_usd,4370
Tunisia,TN,TUN,Africa,2012,gdp_per_capita_current_usd,4297
Tunisia,TN,TUN,Africa,2011,gdp_per_capita_current_usd,4421
Tunisia,TN,TUN,Africa,2010,gdp_per_capita_current_usd,4292
Tunisia,TN,TUN,Africa,2009,gdp_per_capita_current_usd,4080
Tunisia,TN,TUN,Africa,2008,gdp_per_capita_current_usd,4255
Tunisia,TN,TUN,Africa,2007,gdp_per_capita_current_usd,3727
Tunisia,TN,TUN,Africa,2006,gdp_per_capita_current_usd,3323
Tunisia,TN,TUN,Africa,2005,gdp_per_capita_current_usd,3147
Tunisia,TN,TUN,Africa,2004,gdp_per_capita_current_usd,3067
Tunisia,TN,TUN,Africa,2003,gdp_per_capita_current_usd,2726
Tunisia,TN,TUN,Africa,2002,gdp_per_capita_current_usd,2321
Tunisia,TN,TUN,Africa,2001,gdp_per_capita_current_usd,2236
Tunisia,TN,TUN,Africa,2000,gdp_per_capita_current_usd,2199
Tunisia,TN,TUN,Africa,2024,population_total,12277109
Tunisia,TN,TUN,Africa,2023,population_total,12200431
Tunisia,TN,TUN,Africa,2022,population_total,12119334
Tunisia,TN,TUN,Africa,2021,population_total,12048622
Tunisia,TN,TUN,Africa,2020,population_total,11974057
Tunisia,TN,TUN,Africa,2019,population_total,11875081
Tunisia,TN,TUN,Africa,2018,population_total,11765514
Tunisia,TN,TUN,Africa,2017,population_total,11650498
Tunisia,TN,TUN,Africa,2016,population_total,11528674
Tunisia,TN,TUN,Africa,2015,population_total,11402264
Tunisia,TN,TUN,Africa,2014,population_total,11274288
Tunisia,TN,TUN,Africa,2013,population_total,11141361
Tunisia,TN,TUN,Africa,2012,population_total,11009647
Tunisia,TN,TUN,Africa,2011,population_total,10886035
Tunisia,TN,TUN,Africa,2010,population_total,10765980
Tunisia,TN,TUN,Africa,2009,population_total,10650681
Tunisia,TN,TUN,Africa,2008,population_total,10542635
Tunisia,TN,TUN,Africa,2007,population_total,10441702
Tunisia,TN,TUN,Africa,2006,population_total,10346410
Tunisia,TN,TUN,Africa,2005,population_total,10255472
Tunisia,TN,TUN,Africa,2004,population_total,10166163
Tunisia,TN,TUN,Africa,2003,population_total,10071632
Tunisia,TN,TUN,Africa,2002,population_total,9971515
Tunisia,TN,TUN,Africa,2001,population_total,9869677
Tunisia,TN,TUN,Africa,2000,population_total,9764935
Türkiye,TR,TUR,Asia,2024,gdp_current_usd,1323254808059
Türkiye,TR,TUR,Asia,2023,gdp_current_usd,1118252958514
Türkiye,TR,TUR,Asia,2022,gdp_current_usd,907118434654
Türkiye,TR,TUR,Asia,2021,gdp_current_usd,819865223976
Türkiye,TR,TUR,Asia,2020,gdp_current_usd,720338490327
Türkiye,TR,TUR,Asia,2019,gdp_current_usd,761005915751
Türkiye,TR,TUR,Asia,2018,gdp_current_usd,778972108041
Türkiye,TR,TUR,Asia,2017,gdp_current_usd,858988492854
Türkiye,TR,TUR,Asia,2016,gdp_current_usd,869682881593
Türkiye,TR,TUR,Asia,2015,gdp_current_usd,864313810469
Türkiye,TR,TUR,Asia,2014,gdp_current_usd,938934609297
Türkiye,TR,TUR,Asia,2013,gdp_current_usd,957799120008
Türkiye,TR,TUR,Asia,2012,gdp_current_usd,880555885492
Türkiye,TR,TUR,Asia,2011,gdp_current_usd,838785289694
Türkiye,TR,TUR,Asia,2010,gdp_current_usd,776967266306
Türkiye,TR,TUR,Asia,2009,gdp_current_usd,649289324628
Türkiye,TR,TUR,Asia,2008,gdp_current_usd,770449132861
Türkiye,TR,TUR,Asia,2007,gdp_current_usd,681321124296
Türkiye,TR,TUR,Asia,2006,gdp_current_usd,557076157773
Türkiye,TR,TUR,Asia,2005,gdp_current_usd,506314717662
Türkiye,TR,TUR,Asia,2004,gdp_current_usd,408865430220
Türkiye,TR,TUR,Asia,2003,gdp_current_usd,314595572146
Türkiye,TR,TUR,Asia,2002,gdp_current_usd,240249071871
Türkiye,TR,TUR,Asia,2001,gdp_current_usd,201753123807
Türkiye,TR,TUR,Asia,2000,gdp_current_usd,274294623164
Türkiye,TR,TUR,Asia,2024,gdp_per_capita_current_usd,15473
Türkiye,TR,TUR,Asia,2023,gdp_per_capita_current_usd,13106
Türkiye,TR,TUR,Asia,2022,gdp_per_capita_current_usd,10675
Türkiye,TR,TUR,Asia,2021,gdp_per_capita_current_usd,9743
Türkiye,TR,TUR,Asia,2020,gdp_per_capita_current_usd,8639
Türkiye,TR,TUR,Asia,2019,gdp_per_capita_current_usd,9215
Türkiye,TR,TUR,Asia,2018,gdp_per_capita_current_usd,9569
Türkiye,TR,TUR,Asia,2017,gdp_per_capita_current_usd,10696
Türkiye,TR,TUR,Asia,2016,gdp_per_capita_current_usd,10970
Türkiye,TR,TUR,Asia,2015,gdp_per_capita_current_usd,11050
Türkiye,TR,TUR,Asia,2014,gdp_per_capita_current_usd,12165
Türkiye,TR,TUR,Asia,2013,gdp_per_capita_current_usd,12578
Türkiye,TR,TUR,Asia,2012,gdp_per_capita_current_usd,11713
Türkiye,TR,TUR,Asia,2011,gdp_per_capita_current_usd,11301
Türkiye,TR,TUR,Asia,2010,gdp_per_capita_current_usd,10623
Türkiye,TR,TUR,Asia,2009,gdp_per_capita_current_usd,9013
Türkiye,TR,TUR,Asia,2008,gdp_per_capita_current_usd,10844
Türkiye,TR,TUR,Asia,2007,gdp_per_capita_current_usd,9711
Türkiye,TR,TUR,Asia,2006,gdp_per_capita_current_usd,7953
Türkiye,TR,TUR,Asia,2005,gdp_per_capita_current_usd,7303
Türkiye,TR,TUR,Asia,2004,gdp_per_capita_current_usd,5961
Türkiye,TR,TUR,Asia,2003,gdp_per_capita_current_usd,4638
Türkiye,TR,TUR,Asia,2002,gdp_per_capita_current_usd,3583
Türkiye,TR,TUR,Asia,2001,gdp_per_capita_current_usd,3046
Türkiye,TR,TUR,Asia,2000,gdp_per_capita_current_usd,4192
Türkiye,TR,TUR,Asia,2024,population_total,85518661
Türkiye,TR,TUR,Asia,2023,population_total,85325965
Türkiye,TR,TUR,Asia,2022,population_total,84979913
Türkiye,TR,TUR,Asia,2021,population_total,84147318
Türkiye,TR,TUR,Asia,2020,population_total,83384680
Türkiye,TR,TUR,Asia,2019,population_total,82579440
Türkiye,TR,TUR,Asia,2018,population_total,81407204
Türkiye,TR,TUR,Asia,2017,population_total,80312698
Türkiye,TR,TUR,Asia,2016,population_total,79277962
Türkiye,TR,TUR,Asia,2015,population_total,78218479
Türkiye,TR,TUR,Asia,2014,population_total,77181884
Türkiye,TR,TUR,Asia,2013,population_total,76147624
Türkiye,TR,TUR,Asia,2012,population_total,75175827
Türkiye,TR,TUR,Asia,2011,population_total,74223629
Türkiye,TR,TUR,Asia,2010,population_total,73142150
Türkiye,TR,TUR,Asia,2009,population_total,72039206
Türkiye,TR,TUR,Asia,2008,population_total,71051678
Türkiye,TR,TUR,Asia,2007,population_total,70158112
Türkiye,TR,TUR,Asia,2006,population_total,70045349
Türkiye,TR,TUR,Asia,2005,population_total,69329557
Türkiye,TR,TUR,Asia,2004,population_total,68592617
Türkiye,TR,TUR,Asia,2003,population_total,67831730
Türkiye,TR,TUR,Asia,2002,population_total,67048795
Türkiye,TR,TUR,Asia,2001,population_total,66245128
Türkiye,TR,TUR,Asia,2000,population_total,65425961
Tuvalu,TV,TUV,Oceania,2023,gdp_current_usd,62280312
Tuvalu,TV,TUV,Oceania,2022,gdp_current_usd,59065982
Tuvalu,TV,TUV,Oceania,2021,gdp_current_usd,60196406
Tuvalu,TV,TUV,Oceania,2020,gdp_current_usd,51746594
Tuvalu,TV,TUV,Oceania,2019,gdp_current_usd,54123199
Tuvalu,TV,TUV,Oceania,2018,gdp_current_usd,48015260
Tuvalu,TV,TUV,Oceania,2017,gdp_current_usd,45276595
Tuvalu,TV,TUV,Oceania,2016,gdp_current_usd,41629064
Tuvalu,TV,TUV,Oceania,2015,gdp_current_usd,36811936
Tuvalu,TV,TUV,Oceania,2014,gdp_current_usd,38760983
Tuvalu,TV,TUV,Oceania,2013,gdp_current_usd,38615891
Tuvalu,TV,TUV,Oceania,2012,gdp_current_usd,39345579
Tuvalu,TV,TUV,Oceania,2011,gdp_current_usd,39196957
Tuvalu,TV,TUV,Oceania,2010,gdp_current_usd,32105408
Tuvalu,TV,TUV,Oceania,2009,gdp_current_usd,28076984
Tuvalu,TV,TUV,Oceania,2008,gdp_current_usd,31874435
Tuvalu,TV,TUV,Oceania,2007,gdp_current_usd,28450169
Tuvalu,TV,TUV,Oceania,2006,gdp_current_usd,24096875
Tuvalu,TV,TUV,Oceania,2005,gdp_current_usd,22909980
Tuvalu,TV,TUV,Oceania,2004,gdp_current_usd,22798275
Tuvalu,TV,TUV,Oceania,2003,gdp_current_usd,19456338
Tuvalu,TV,TUV,Oceania,2002,gdp_current_usd,16842673
Tuvalu,TV,TUV,Oceania,2001,gdp_current_usd,13964732
Tuvalu,TV,TUV,Oceania,2000,gdp_current_usd,15073976
Tuvalu,TV,TUV,Oceania,2023,gdp_per_capita_current_usd,6345
Tuvalu,TV,TUV,Oceania,2022,gdp_per_capita_current_usd,5911
Tuvalu,TV,TUV,Oceania,2021,gdp_per_capita_current_usd,5905
Tuvalu,TV,TUV,Oceania,2020,gdp_per_capita_current_usd,4976
Tuvalu,TV,TUV,Oceania,2019,gdp_per_capita_current_usd,5115
Tuvalu,TV,TUV,Oceania,2018,gdp_per_capita_current_usd,4466
Tuvalu,TV,TUV,Oceania,2017,gdp_per_capita_current_usd,4166
Tuvalu,TV,TUV,Oceania,2016,gdp_per_capita_current_usd,3809
Tuvalu,TV,TUV,Oceania,2015,gdp_per_capita_current_usd,3358
Tuvalu,TV,TUV,Oceania,2014,gdp_per_capita_current_usd,3529
Tuvalu,TV,TUV,Oceania,2013,gdp_per_capita_current_usd,3510
Tuvalu,TV,TUV,Oceania,2012,gdp_per_capita_current_usd,3598
Tuvalu,TV,TUV,Oceania,2011,gdp_per_capita_current_usd,3636
Tuvalu,TV,TUV,Oceania,2010,gdp_per_capita_current_usd,3025
Tuvalu,TV,TUV,Oceania,2009,gdp_per_capita_current_usd,2684
Tuvalu,TV,TUV,Oceania,2008,gdp_per_capita_current_usd,3088
Tuvalu,TV,TUV,Oceania,2007,gdp_per_capita_current_usd,2794
Tuvalu,TV,TUV,Oceania,2006,gdp_per_capita_current_usd,2396
Tuvalu,TV,TUV,Oceania,2005,gdp_per_capita_current_usd,2305
Tuvalu,TV,TUV,Oceania,2004,gdp_per_capita_current_usd,2323
Tuvalu,TV,TUV,Oceania,2003,gdp_per_capita_current_usd,2007
Tuvalu,TV,TUV,Oceania,2002,gdp_per_capita_current_usd,1750
Tuvalu,TV,TUV,Oceania,2001,gdp_per_capita_current_usd,1457
Tuvalu,TV,TUV,Oceania,2000,gdp_per_capita_current_usd,1579
Tuvalu,TV,TUV,Oceania,2024,population_total,9646
Tuvalu,TV,TUV,Oceania,2023,population_total,9816
Tuvalu,TV,TUV,Oceania,2022,population_total,9992
Tuvalu,TV,TUV,Oceania,2021,population_total,10194
Tuvalu,TV,TUV,Oceania,2020,population_total,10399
Tuvalu,TV,TUV,Oceania,2019,population_total,10581
Tuvalu,TV,TUV,Oceania,2018,population_total,10751
Tuvalu,TV,TUV,Oceania,2017,population_total,10869
Tuvalu,TV,TUV,Oceania,2016,population_total,10930
Tuvalu,TV,TUV,Oceania,2015,population_total,10963
Tuvalu,TV,TUV,Oceania,2014,population_total,10984
Tuvalu,TV,TUV,Oceania,2013,population_total,11001
Tuvalu,TV,TUV,Oceania,2012,population_total,10934
Tuvalu,TV,TUV,Oceania,2011,population_total,10780
Tuvalu,TV,TUV,Oceania,2010,population_total,10614
Tuvalu,TV,TUV,Oceania,2009,population_total,10461
Tuvalu,TV,TUV,Oceania,2008,population_total,10321
Tuvalu,TV,TUV,Oceania,2007,population_total,10182
Tuvalu,TV,TUV,Oceania,2006,population_total,10056
Tuvalu,TV,TUV,Oceania,2005,population_total,9940
Tuvalu,TV,TUV,Oceania,2004,population_total,9816
Tuvalu,TV,TUV,Oceania,2003,population_total,9695
Tuvalu,TV,TUV,Oceania,2002,population_total,9623
Tuvalu,TV,TUV,Oceania,2001,population_total,9586
Tuvalu,TV,TUV,Oceania,2000,population_total,9544
"Tanzania, United Republic of",TZ,TZA,Africa,2024,gdp_current_usd,78779864877
"Tanzania, United Republic of",TZ,TZA,Africa,2023,gdp_current_usd,79062403837
"Tanzania, United Republic of",TZ,TZA,Africa,2022,gdp_current_usd,75769974505
"Tanzania, United Republic of",TZ,TZA,Africa,2021,gdp_current_usd,70655628148
"Tanzania, United Republic of",TZ,TZA,Africa,2020,gdp_current_usd,66068737786
"Tanzania, United Republic of",TZ,TZA,Africa,2019,gdp_current_usd,61026731926
"Tanzania, United Republic of",TZ,TZA,Africa,2018,gdp_current_usd,57003712892
"Tanzania, United Republic of",TZ,TZA,Africa,2017,gdp_current_usd,53274884533
"Tanzania, United Republic of",TZ,TZA,Africa,2016,gdp_current_usd,49774409374
"Tanzania, United Republic of",TZ,TZA,Africa,2015,gdp_current_usd,47413919817
"Tanzania, United Republic of",TZ,TZA,Africa,2014,gdp_current_usd,49986726461
"Tanzania, United Republic of",TZ,TZA,Africa,2013,gdp_current_usd,45648857242
"Tanzania, United Republic of",TZ,TZA,Africa,2012,gdp_current_usd,39650394363
"Tanzania, United Republic of",TZ,TZA,Africa,2011,gdp_current_usd,34657140096
"Tanzania, United Republic of",TZ,TZA,Africa,2010,gdp_current_usd,32012892919
"Tanzania, United Republic of",TZ,TZA,Africa,2009,gdp_current_usd,29400573554
"Tanzania, United Republic of",TZ,TZA,Africa,2008,gdp_current_usd,27947821398
"Tanzania, United Republic of",TZ,TZA,Africa,2007,gdp_current_usd,21860434823
"Tanzania, United Republic of",TZ,TZA,Africa,2006,gdp_current_usd,18619859795
"Tanzania, United Republic of",TZ,TZA,Africa,2005,gdp_current_usd,18395383647
"Tanzania, United Republic of",TZ,TZA,Africa,2004,gdp_current_usd,16673062473
"Tanzania, United Republic of",TZ,TZA,Africa,2003,gdp_current_usd,15211487709
"Tanzania, United Republic of",TZ,TZA,Africa,2002,gdp_current_usd,14129651896
"Tanzania, United Republic of",TZ,TZA,Africa,2001,gdp_current_usd,13563990022
"Tanzania, United Republic of",TZ,TZA,Africa,2000,gdp_current_usd,13371767082
"Tanzania, United Republic of",TZ,TZA,Africa,2024,gdp_per_capita_current_usd,1186
"Tanzania, United Republic of",TZ,TZA,Africa,2023,gdp_per_capita_current_usd,1224
"Tanzania, United Republic of",TZ,TZA,Africa,2022,gdp_per_capita_current_usd,1208
"Tanzania, United Republic of",TZ,TZA,Africa,2021,gdp_per_capita_current_usd,1160
"Tanzania, United Republic of",TZ,TZA,Africa,2020,gdp_per_capita_current_usd,1117
"Tanzania, United Republic of",TZ,TZA,Africa,2019,gdp_per_capita_current_usd,1063
"Tanzania, United Republic of",TZ,TZA,Africa,2018,gdp_per_capita_current_usd,1023
"Tanzania, United Republic of",TZ,TZA,Africa,2017,gdp_per_capita_current_usd,987
"Tanzania, United Republic of",TZ,TZA,Africa,2016,gdp_per_capita_current_usd,953
"Tanzania, United Republic of",TZ,TZA,Africa,2015,gdp_per_capita_current_usd,939
"Tanzania, United Republic of",TZ,TZA,Africa,2014,gdp_per_capita_current_usd,1023
"Tanzania, United Republic of",TZ,TZA,Africa,2013,gdp_per_capita_current_usd,963
"Tanzania, United Republic of",TZ,TZA,Africa,2012,gdp_per_capita_current_usd,862
"Tanzania, United Republic of",TZ,TZA,Africa,2011,gdp_per_capita_current_usd,775
"Tanzania, United Republic of",TZ,TZA,Africa,2010,gdp_per_capita_current_usd,737
"Tanzania, United Republic of",TZ,TZA,Africa,2009,gdp_per_capita_current_usd,694
"Tanzania, United Republic of",TZ,TZA,Africa,2008,gdp_per_capita_current_usd,676
"Tanzania, United Republic of",TZ,TZA,Africa,2007,gdp_per_capita_current_usd,543
"Tanzania, United Republic of",TZ,TZA,Africa,2006,gdp_per_capita_current_usd,476
"Tanzania, United Republic of",TZ,TZA,Africa,2005,gdp_per_capita_current_usd,483
"Tanzania, United Republic of",TZ,TZA,Africa,2004,gdp_per_capita_current_usd,450
"Tanzania, United Republic of",TZ,TZA,Africa,2003,gdp_per_capita_current_usd,422
"Tanzania, United Republic of",TZ,TZA,Africa,2002,gdp_per_capita_current_usd,403
"Tanzania, United Republic of",TZ,TZA,Africa,2001,gdp_per_capita_current_usd,397
"Tanzania, United Republic of",TZ,TZA,Africa,2000,gdp_per_capita_current_usd,402
"Tanzania, United Republic of",TZ,TZA,Africa,2024,population_total,68560157
"Tanzania, United Republic of",TZ,TZA,Africa,2023,population_total,66617606
"Tanzania, United Republic of",TZ,TZA,Africa,2022,population_total,64711821
"Tanzania, United Republic of",TZ,TZA,Africa,2021,population_total,62830412
"Tanzania, United Republic of",TZ,TZA,Africa,2020,population_total,60972798
"Tanzania, United Republic of",TZ,TZA,Africa,2019,population_total,59174891
"Tanzania, United Republic of",TZ,TZA,Africa,2018,population_total,57437145
"Tanzania, United Republic of",TZ,TZA,Africa,2017,population_total,55652890
"Tanzania, United Republic of",TZ,TZA,Africa,2016,population_total,53824013
"Tanzania, United Republic of",TZ,TZA,Africa,2015,population_total,52020962
"Tanzania, United Republic of",TZ,TZA,Africa,2014,population_total,50351512
"Tanzania, United Republic of",TZ,TZA,Africa,2013,population_total,48824128
"Tanzania, United Republic of",TZ,TZA,Africa,2012,population_total,47374260
"Tanzania, United Republic of",TZ,TZA,Africa,2011,population_total,46029367
"Tanzania, United Republic of",TZ,TZA,Africa,2010,population_total,44758488
"Tanzania, United Republic of",TZ,TZA,Africa,2009,population_total,43633982
"Tanzania, United Republic of",TZ,TZA,Africa,2008,population_total,42570728
"Tanzania, United Republic of",TZ,TZA,Africa,2007,population_total,41435512
"Tanzania, United Republic of",TZ,TZA,Africa,2006,population_total,40294902
"Tanzania, United Republic of",TZ,TZA,Africa,2005,population_total,39182076
"Tanzania, United Republic of",TZ,TZA,Africa,2004,population_total,38109668
"Tanzania, United Republic of",TZ,TZA,Africa,2003,population_total,37089555
"Tanzania, United Republic of",TZ,TZA,Africa,2002,population_total,36121304
"Tanzania, United Republic of",TZ,TZA,Africa,2001,population_total,35198299
"Tanzania, United Republic of",TZ,TZA,Africa,2000,population_total,34260139
Uganda,UG,UGA,Africa,2024,gdp_current_usd,53651874314
Uganda,UG,UGA,Africa,2023,gdp_current_usd,48768955859
Uganda,UG,UGA,Africa,2022,gdp_current_usd,45565333216
Uganda,UG,UGA,Africa,2021,gdp_current_usd,40529788744
Uganda,UG,UGA,Africa,2020,gdp_current_usd,37600368240
Uganda,UG,UGA,Africa,2019,gdp_current_usd,35353061008
Uganda,UG,UGA,Africa,2018,gdp_current_usd,32927025620
Uganda,UG,UGA,Africa,2017,gdp_current_usd,30744473841
Uganda,UG,UGA,Africa,2016,gdp_current_usd,29203988696
Uganda,UG,UGA,Africa,2015,gdp_current_usd,32387183730
Uganda,UG,UGA,Africa,2014,gdp_current_usd,32612397257
Uganda,UG,UGA,Africa,2013,gdp_current_usd,28915786517
Uganda,UG,UGA,Africa,2012,gdp_current_usd,27305915911
Uganda,UG,UGA,Africa,2011,gdp_current_usd,27871725241
Uganda,UG,UGA,Africa,2010,gdp_current_usd,26673441431
Uganda,UG,UGA,Africa,2009,gdp_current_usd,25127805567
Uganda,UG,UGA,Africa,2008,gdp_current_usd,14440404132
Uganda,UG,UGA,Africa,2007,gdp_current_usd,11902564495
Uganda,UG,UGA,Africa,2006,gdp_current_usd,9977647683
Uganda,UG,UGA,Africa,2005,gdp_current_usd,9239221763
Uganda,UG,UGA,Africa,2004,gdp_current_usd,7939487548
Uganda,UG,UGA,Africa,2003,gdp_current_usd,6606884275
Uganda,UG,UGA,Africa,2002,gdp_current_usd,6178563591
Uganda,UG,UGA,Africa,2001,gdp_current_usd,5840503869
Uganda,UG,UGA,Africa,2000,gdp_current_usd,6193246837
Uganda,UG,UGA,Africa,2024,gdp_per_capita_current_usd,1073
Uganda,UG,UGA,Africa,2023,gdp_per_capita_current_usd,1002
Uganda,UG,UGA,Africa,2022,gdp_per_capita_current_usd,963
Uganda,UG,UGA,Africa,2021,gdp_per_capita_current_usd,883
Uganda,UG,UGA,Africa,2020,gdp_per_capita_current_usd,846
Uganda,UG,UGA,Africa,2019,gdp_per_capita_current_usd,822
Uganda,UG,UGA,Africa,2018,gdp_per_capita_current_usd,792
Uganda,UG,UGA,Africa,2017,gdp_per_capita_current_usd,765
Uganda,UG,UGA,Africa,2016,gdp_per_capita_current_usd,753
Uganda,UG,UGA,Africa,2015,gdp_per_capita_current_usd,863
Uganda,UG,UGA,Africa,2014,gdp_per_capita_current_usd,896
Uganda,UG,UGA,Africa,2013,gdp_per_capita_current_usd,818
Uganda,UG,UGA,Africa,2012,gdp_per_capita_current_usd,795
Uganda,UG,UGA,Africa,2011,gdp_per_capita_current_usd,836
Uganda,UG,UGA,Africa,2010,gdp_per_capita_current_usd,823
Uganda,UG,UGA,Africa,2009,gdp_per_capita_current_usd,799
Uganda,UG,UGA,Africa,2008,gdp_per_capita_current_usd,473
Uganda,UG,UGA,Africa,2007,gdp_per_capita_current_usd,401
Uganda,UG,UGA,Africa,2006,gdp_per_capita_current_usd,347
Uganda,UG,UGA,Africa,2005,gdp_per_capita_current_usd,330
Uganda,UG,UGA,Africa,2004,gdp_per_capita_current_usd,292
Uganda,UG,UGA,Africa,2003,gdp_per_capita_current_usd,251
Uganda,UG,UGA,Africa,2002,gdp_per_capita_current_usd,242
Uganda,UG,UGA,Africa,2001,gdp_per_capita_current_usd,236
Uganda,UG,UGA,Africa,2000,gdp_per_capita_current_usd,258
Uganda,UG,UGA,Africa,2024,population_total,50015092
Uganda,UG,UGA,Africa,2023,population_total,48656601
Uganda,UG,UGA,Africa,2022,population_total,47312719
Uganda,UG,UGA,Africa,2021,population_total,45910930
Uganda,UG,UGA,Africa,2020,population_total,44457152
Uganda,UG,UGA,Africa,2019,population_total,42999637
Uganda,UG,UGA,Africa,2018,population_total,41565831
Uganda,UG,UGA,Africa,2017,population_total,40177388
Uganda,UG,UGA,Africa,2016,population_total,38799152
Uganda,UG,UGA,Africa,2015,population_total,37531446
Uganda,UG,UGA,Africa,2014,population_total,36395539
Uganda,UG,UGA,Africa,2013,population_total,35337042
Uganda,UG,UGA,Africa,2012,population_total,34337438
Uganda,UG,UGA,Africa,2011,population_total,33354543
Uganda,UG,UGA,Africa,2010,population_total,32390802
Uganda,UG,UGA,Africa,2009,population_total,31451151
Uganda,UG,UGA,Africa,2008,population_total,30539553
Uganda,UG,UGA,Africa,2007,population_total,29653430
Uganda,UG,UGA,Africa,2006,population_total,28794003
Uganda,UG,UGA,Africa,2005,population_total,27963289
Uganda,UG,UGA,Africa,2004,population_total,27154515
Uganda,UG,UGA,Africa,2003,population_total,26352124
Uganda,UG,UGA,Africa,2002,population_total,25532870
Uganda,UG,UGA,Africa,2001,population_total,24745676
Uganda,UG,UGA,Africa,2000,population_total,24000150
Ukraine,UA,UKR,Europe,2024,gdp_current_usd,190741263732
Ukraine,UA,UKR,Europe,2023,gdp_current_usd,181221517869
Ukraine,UA,UKR,Europe,2022,gdp_current_usd,161989520721
Ukraine,UA,UKR,Europe,2021,gdp_current_usd,199765859571
Ukraine,UA,UKR,Europe,2020,gdp_current_usd,156617722013
Ukraine,UA,UKR,Europe,2019,gdp_current_usd,153883047510
Ukraine,UA,UKR,Europe,2018,gdp_current_usd,130891088294
Ukraine,UA,UKR,Europe,2017,gdp_current_usd,112090505082
Ukraine,UA,UKR,Europe,2016,gdp_current_usd,93355869404
Ukraine,UA,UKR,Europe,2015,gdp_current_usd,91030967789
Ukraine,UA,UKR,Europe,2014,gdp_current_usd,133503871862
Ukraine,UA,UKR,Europe,2013,gdp_current_usd,190498811460
Ukraine,UA,UKR,Europe,2012,gdp_current_usd,182591753828
Ukraine,UA,UKR,Europe,2011,gdp_current_usd,169333835202
Ukraine,UA,UKR,Europe,2010,gdp_current_usd,141209170427
Ukraine,UA,UKR,Europe,2009,gdp_current_usd,121552153444
Ukraine,UA,UKR,Europe,2008,gdp_current_usd,188110390660
Ukraine,UA,UKR,Europe,2007,gdp_current_usd,148733861386
Ukraine,UA,UKR,Europe,2006,gdp_current_usd,111884752475
Ukraine,UA,UKR,Europe,2005,gdp_current_usd,89238865119
Ukraine,UA,UKR,Europe,2004,gdp_current_usd,67220154164
Ukraine,UA,UKR,Europe,2003,gdp_current_usd,52010355753
Ukraine,UA,UKR,Europe,2002,gdp_current_usd,43956163612
Ukraine,UA,UKR,Europe,2001,gdp_current_usd,39309580983
Ukraine,UA,UKR,Europe,2000,gdp_current_usd,32375083935
Ukraine,UA,UKR,Europe,2024,gdp_per_capita_current_usd,5389
Ukraine,UA,UKR,Europe,2023,gdp_per_capita_current_usd,5140
Ukraine,UA,UKR,Europe,2022,gdp_per_capita_current_usd,4200
Ukraine,UA,UKR,Europe,2021,gdp_per_capita_current_usd,4776
Ukraine,UA,UKR,Europe,2020,gdp_per_capita_current_usd,3710
Ukraine,UA,UKR,Europe,2019,gdp_per_capita_current_usd,3620
Ukraine,UA,UKR,Europe,2018,gdp_per_capita_current_usd,3059
Ukraine,UA,UKR,Europe,2017,gdp_per_capita_current_usd,2604
Ukraine,UA,UKR,Europe,2016,gdp_per_capita_current_usd,2158
Ukraine,UA,UKR,Europe,2015,gdp_per_capita_current_usd,2094
Ukraine,UA,UKR,Europe,2014,gdp_per_capita_current_usd,3055
Ukraine,UA,UKR,Europe,2013,gdp_per_capita_current_usd,4130
Ukraine,UA,UKR,Europe,2012,gdp_per_capita_current_usd,3951
Ukraine,UA,UKR,Europe,2011,gdp_per_capita_current_usd,3657
Ukraine,UA,UKR,Europe,2010,gdp_per_capita_current_usd,3040
Ukraine,UA,UKR,Europe,2009,gdp_per_capita_current_usd,2607
Ukraine,UA,UKR,Europe,2008,gdp_per_capita_current_usd,4018
Ukraine,UA,UKR,Europe,2007,gdp_per_capita_current_usd,3160
Ukraine,UA,UKR,Europe,2006,gdp_per_capita_current_usd,2366
Ukraine,UA,UKR,Europe,2005,gdp_per_capita_current_usd,1875
Ukraine,UA,UKR,Europe,2004,gdp_per_capita_current_usd,1401
Ukraine,UA,UKR,Europe,2003,gdp_per_capita_current_usd,1076
Ukraine,UA,UKR,Europe,2002,gdp_per_capita_current_usd,903
Ukraine,UA,UKR,Europe,2001,gdp_per_capita_current_usd,800
Ukraine,UA,UKR,Europe,2000,gdp_per_capita_current_usd,653
Ukraine,UA,UKR,Europe,2024,population_total,37860221
Ukraine,UA,UKR,Europe,2023,population_total,37732836
Ukraine,UA,UKR,Europe,2022,population_total,41048766
Ukraine,UA,UKR,Europe,2021,population_total,44298640
Ukraine,UA,UKR,Europe,2020,population_total,44680014
Ukraine,UA,UKR,Europe,2019,population_total,44957458
Ukraine,UA,UKR,Europe,2018,population_total,45208907
Ukraine,UA,UKR,Europe,2017,population_total,45436041
Ukraine,UA,UKR,Europe,2016,population_total,45616832
Ukraine,UA,UKR,Europe,2015,population_total,45784896
Ukraine,UA,UKR,Europe,2014,population_total,45972380
Ukraine,UA,UKR,Europe,2013,population_total,46126770
Ukraine,UA,UKR,Europe,2012,population_total,46210056
Ukraine,UA,UKR,Europe,2011,population_total,46307853
Ukraine,UA,UKR,Europe,2010,population_total,46456003
Ukraine,UA,UKR,Europe,2009,population_total,46623731
Ukraine,UA,UKR,Europe,2008,population_total,46819175
Ukraine,UA,UKR,Europe,2007,population_total,47062798
Ukraine,UA,UKR,Europe,2006,population_total,47278694
Ukraine,UA,UKR,Europe,2005,population_total,47585556
Ukraine,UA,UKR,Europe,2004,population_total,47979507
Ukraine,UA,UKR,Europe,2003,population_total,48315136
Ukraine,UA,UKR,Europe,2002,population_total,48677281
Ukraine,UA,UKR,Europe,2001,population_total,49106855
Ukraine,UA,UKR,Europe,2000,population_total,49556660
Uruguay,UY,URY,South America,2024,gdp_current_usd,80961511074
Uruguay,UY,URY,South America,2023,gdp_current_usd,77991666838
Uruguay,UY,URY,South America,2022,gdp_current_usd,70594110920
Uruguay,UY,URY,South America,2021,gdp_current_usd,60739084241
Uruguay,UY,URY,South America,2020,gdp_current_usd,53559359262
Uruguay,UY,URY,South America,2019,gdp_current_usd,62222313619
Uruguay,UY,URY,South America,2018,gdp_current_usd,65344577416
Uruguay,UY,URY,South America,2017,gdp_current_usd,65005997963
Uruguay,UY,URY,South America,2016,gdp_current_usd,57480787465
Uruguay,UY,URY,South America,2015,gdp_current_usd,57680327999
Uruguay,UY,URY,South America,2014,gdp_current_usd,61496186974
Uruguay,UY,URY,South America,2013,gdp_current_usd,61337621934
Uruguay,UY,URY,South America,2012,gdp_current_usd,54232266359
Uruguay,UY,URY,South America,2011,gdp_current_usd,50342406067
Uruguay,UY,URY,South America,2010,gdp_current_usd,41950361212
Uruguay,UY,URY,South America,2009,gdp_current_usd,32708319078
Uruguay,UY,URY,South America,2008,gdp_current_usd,31119602539
Uruguay,UY,URY,South America,2007,gdp_current_usd,23797773024
Uruguay,UY,URY,South America,2006,gdp_current_usd,19741420740
Uruguay,UY,URY,South America,2005,gdp_current_usd,17362857684
Uruguay,UY,URY,South America,2004,gdp_current_usd,13686329890
Uruguay,UY,URY,South America,2003,gdp_current_usd,12045638352
Uruguay,UY,URY,South America,2002,gdp_current_usd,13606515723
Uruguay,UY,URY,South America,2001,gdp_current_usd,20898761742
Uruguay,UY,URY,South America,2000,gdp_current_usd,22823270892
Uruguay,UY,URY,South America,2024,gdp_per_capita_current_usd,23907
Uruguay,UY,URY,South America,2023,gdp_per_capita_current_usd,23019
Uruguay,UY,URY,South America,2022,gdp_per_capita_current_usd,20819
Uruguay,UY,URY,South America,2021,gdp_per_capita_current_usd,17882
Uruguay,UY,URY,South America,2020,gdp_per_capita_current_usd,15758
Uruguay,UY,URY,South America,2019,gdp_per_capita_current_usd,18316
Uruguay,UY,URY,South America,2018,gdp_per_capita_current_usd,19250
Uruguay,UY,URY,South America,2017,gdp_per_capita_current_usd,19185
Uruguay,UY,URY,South America,2016,gdp_per_capita_current_usd,17010
Uruguay,UY,URY,South America,2015,gdp_per_capita_current_usd,17126
Uruguay,UY,URY,South America,2014,gdp_per_capita_current_usd,18322
Uruguay,UY,URY,South America,2013,gdp_per_capita_current_usd,18335
Uruguay,UY,URY,South America,2012,gdp_per_capita_current_usd,16260
Uruguay,UY,URY,South America,2011,gdp_per_capita_current_usd,15132
Uruguay,UY,URY,South America,2010,gdp_per_capita_current_usd,12641
Uruguay,UY,URY,South America,2009,gdp_per_capita_current_usd,9881
Uruguay,UY,URY,South America,2008,gdp_per_capita_current_usd,9424
Uruguay,UY,URY,South America,2007,gdp_per_capita_current_usd,7222
Uruguay,UY,URY,South America,2006,gdp_per_capita_current_usd,6001
Uruguay,UY,URY,South America,2005,gdp_per_capita_current_usd,5284
Uruguay,UY,URY,South America,2004,gdp_per_capita_current_usd,4169
Uruguay,UY,URY,South America,2003,gdp_per_capita_current_usd,3671
Uruguay,UY,URY,South America,2002,gdp_per_capita_current_usd,4150
Uruguay,UY,URY,South America,2001,gdp_per_capita_current_usd,6383
Uruguay,UY,URY,South America,2000,gdp_per_capita_current_usd,6988
Uruguay,UY,URY,South America,2024,population_total,3386588
Uruguay,UY,URY,South America,2023,population_total,3388081
Uruguay,UY,URY,South America,2022,population_total,3390913
Uruguay,UY,URY,South America,2021,population_total,3396695
Uruguay,UY,URY,South America,2020,population_total,3398968
Uruguay,UY,URY,South America,2019,population_total,3397206
Uruguay,UY,URY,South America,2018,population_total,3394534
Uruguay,UY,URY,South America,2017,population_total,3388438
Uruguay,UY,URY,South America,2016,population_total,3379283
Uruguay,UY,URY,South America,2015,population_total,3368017
Uruguay,UY,URY,South America,2014,population_total,3356334
Uruguay,UY,URY,South America,2013,population_total,3345337
Uruguay,UY,URY,South America,2012,population_total,3335401
Uruguay,UY,URY,South America,2011,population_total,3326825
Uruguay,UY,URY,South America,2010,population_total,3318580
Uruguay,UY,URY,South America,2009,population_total,3310091
Uruguay,UY,URY,South America,2008,population_total,3302177
Uruguay,UY,URY,South America,2007,population_total,3295153
Uruguay,UY,URY,South America,2006,population_total,3289506
Uruguay,UY,URY,South America,2005,population_total,3285771
Uruguay,UY,URY,South America,2004,population_total,3283148
Uruguay,UY,URY,South America,2003,population_total,3281186
Uruguay,UY,URY,South America,2002,population_total,3278867
Uruguay,UY,URY,South America,2001,population_total,3274251
Uruguay,UY,URY,South America,2000,population_total,3266206
United States,US,USA,North America,2024,gdp_current_usd,29184890000000
United States,US,USA,North America,2023,gdp_current_usd,27720709000000
United States,US,USA,North America,2022,gdp_current_usd,26006893000000
United States,US,USA,North America,2021,gdp_current_usd,23681171000000
United States,US,USA,North America,2020,gdp_current_usd,21354105000000
United States,US,USA,North America,2019,gdp_current_usd,21539982000000
United States,US,USA,North America,2018,gdp_current_usd,20656516000000
United States,US,USA,North America,2017,gdp_current_usd,19612102000000
United States,US,USA,North America,2016,gdp_current_usd,18804913000000
United States,US,USA,North America,2015,gdp_current_usd,18295019000000
United States,US,USA,North America,2014,gdp_current_usd,17608138000000
United States,US,USA,North America,2013,gdp_current_usd,16880683000000
United States,US,USA,North America,2012,gdp_current_usd,16253970000000
United States,US,USA,North America,2011,gdp_current_usd,15599732000000
United States,US,USA,North America,2010,gdp_current_usd,15048971000000
United States,US,USA,North America,2009,gdp_current_usd,14478067000000
United States,US,USA,North America,2008,gdp_current_usd,14769862000000
United States,US,USA,North America,2007,gdp_current_usd,14474228000000
United States,US,USA,North America,2006,gdp_current_usd,13815583000000
United States,US,USA,North America,2005,gdp_current_usd,13039197000000
United States,US,USA,North America,2004,gdp_current_usd,12217196000000
United States,US,USA,North America,2003,gdp_current_usd,11456450000000
United States,US,USA,North America,2002,gdp_current_usd,10929108000000
United States,US,USA,North America,2001,gdp_current_usd,10581929000000
United States,US,USA,North America,2000,gdp_current_usd,10250952000000
United States,US,USA,North America,2024,gdp_per_capita_current_usd,85810
United States,US,USA,North America,2023,gdp_per_capita_current_usd,82305
United States,US,USA,North America,2022,gdp_per_capita_current_usd,77861
United States,US,USA,North America,2021,gdp_per_capita_current_usd,71307
United States,US,USA,North America,2020,gdp_per_capita_current_usd,64402
United States,US,USA,North America,2019,gdp_per_capita_current_usd,65228
United States,US,USA,North America,2018,gdp_per_capita_current_usd,62876
United States,US,USA,North America,2017,gdp_per_capita_current_usd,60048
United States,US,USA,North America,2016,gdp_per_capita_current_usd,57977
United States,US,USA,North America,2015,gdp_per_capita_current_usd,56849
United States,US,USA,North America,2014,gdp_per_capita_current_usd,55153
United States,US,USA,North America,2013,gdp_per_capita_current_usd,53297
United States,US,USA,North America,2012,gdp_per_capita_current_usd,51708
United States,US,USA,North America,2011,gdp_per_capita_current_usd,50025
United States,US,USA,North America,2010,gdp_per_capita_current_usd,48643
United States,US,USA,North America,2009,gdp_per_capita_current_usd,47195
United States,US,USA,North America,2008,gdp_per_capita_current_usd,48570
United States,US,USA,North America,2007,gdp_per_capita_current_usd,48050
United States,US,USA,North America,2006,gdp_per_capita_current_usd,46302
United States,US,USA,North America,2005,gdp_per_capita_current_usd,44123
United States,US,USA,North America,2004,gdp_per_capita_current_usd,41725
United States,US,USA,North America,2003,gdp_per_capita_current_usd,39490
United States,US,USA,North America,2002,gdp_per_capita_current_usd,37998
United States,US,USA,North America,2001,gdp_per_capita_current_usd,37134
United States,US,USA,North America,2000,gdp_per_capita_current_usd,36330
United States,US,USA,North America,2024,population_total,340110988
United States,US,USA,North America,2023,population_total,336806231
United States,US,USA,North America,2022,population_total,334017321
United States,US,USA,North America,2021,population_total,332099760
United States,US,USA,North America,2020,population_total,331577720
United States,US,USA,North America,2019,population_total,330226227
United States,US,USA,North America,2018,population_total,328529577
United States,US,USA,North America,2017,population_total,326608609
United States,US,USA,North America,2016,population_total,324353340
United States,US,USA,North America,2015,population_total,321815121
United States,US,USA,North America,2014,population_total,319257560
United States,US,USA,North America,2013,population_total,316726282
United States,US,USA,North America,2012,population_total,314339099
United States,US,USA,North America,2011,population_total,311839461
United States,US,USA,North America,2010,population_total,309378227
United States,US,USA,North America,2009,population_total,306771529
United States,US,USA,North America,2008,population_total,304093966
United States,US,USA,North America,2007,population_total,301231207
United States,US,USA,North America,2006,population_total,298379912
United States,US,USA,North America,2005,population_total,295516599
United States,US,USA,North America,2004,population_total,292805298
United States,US,USA,North America,2003,population_total,290107933
United States,US,USA,North America,2002,population_total,287625193
United States,US,USA,North America,2001,population_total,284968955
United States,US,USA,North America,2000,population_total,282162411
Uzbekistan,UZ,UZB,Asia,2024,gdp_current_usd,114965293467
Uzbekistan,UZ,UZB,Asia,2023,gdp_current_usd,102641879249
Uzbekistan,UZ,UZB,Asia,2022,gdp_current_usd,90095926567
Uzbekistan,UZ,UZB,Asia,2021,gdp_current_usd,77340060003
Uzbekistan,UZ,UZB,Asia,2020,gdp_current_usd,66443265418
Uzbekistan,UZ,UZB,Asia,2019,gdp_current_usd,67293639798
Uzbekistan,UZ,UZB,Asia,2018,gdp_current_usd,58695899092
Uzbekistan,UZ,UZB,Asia,2017,gdp_current_usd,69703222283
Uzbekistan,UZ,UZB,Asia,2016,gdp_current_usd,86138288644
Uzbekistan,UZ,UZB,Asia,2015,gdp_current_usd,86196264755
Uzbekistan,UZ,UZB,Asia,2014,gdp_current_usd,80845385809
Uzbekistan,UZ,UZB,Asia,2013,gdp_current_usd,73180037915
Uzbekistan,UZ,UZB,Asia,2012,gdp_current_usd,67517349212
Uzbekistan,UZ,UZB,Asia,2011,gdp_current_usd,60178909297
Uzbekistan,UZ,UZB,Asia,2010,gdp_current_usd,49765676402
Uzbekistan,UZ,UZB,Asia,2009,gdp_current_usd,33689223673
Uzbekistan,UZ,UZB,Asia,2008,gdp_current_usd,29549438884
Uzbekistan,UZ,UZB,Asia,2007,gdp_current_usd,22311393928
Uzbekistan,UZ,UZB,Asia,2006,gdp_current_usd,17330833853
Uzbekistan,UZ,UZB,Asia,2005,gdp_current_usd,14307509839
Uzbekistan,UZ,UZB,Asia,2004,gdp_current_usd,12030023548
Uzbekistan,UZ,UZB,Asia,2003,gdp_current_usd,10134453435
Uzbekistan,UZ,UZB,Asia,2002,gdp_current_usd,9687788513
Uzbekistan,UZ,UZB,Asia,2001,gdp_current_usd,11401421329
Uzbekistan,UZ,UZB,Asia,2000,gdp_current_usd,13760513969
Uzbekistan,UZ,UZB,Asia,2024,gdp_per_capita_current_usd,3162
Uzbekistan,UZ,UZB,Asia,2023,gdp_per_capita_current_usd,2879
Uzbekistan,UZ,UZB,Asia,2022,gdp_per_capita_current_usd,2579
Uzbekistan,UZ,UZB,Asia,2021,gdp_per_capita_current_usd,2259
Uzbekistan,UZ,UZB,Asia,2020,gdp_per_capita_current_usd,1978
Uzbekistan,UZ,UZB,Asia,2019,gdp_per_capita_current_usd,2041
Uzbekistan,UZ,UZB,Asia,2018,gdp_per_capita_current_usd,1813
Uzbekistan,UZ,UZB,Asia,2017,gdp_per_capita_current_usd,2191
Uzbekistan,UZ,UZB,Asia,2016,gdp_per_capita_current_usd,2753
Uzbekistan,UZ,UZB,Asia,2015,gdp_per_capita_current_usd,2803
Uzbekistan,UZ,UZB,Asia,2014,gdp_per_capita_current_usd,2675
Uzbekistan,UZ,UZB,Asia,2013,gdp_per_capita_current_usd,2462
Uzbekistan,UZ,UZB,Asia,2012,gdp_per_capita_current_usd,2307
Uzbekistan,UZ,UZB,Asia,2011,gdp_per_capita_current_usd,2088
Uzbekistan,UZ,UZB,Asia,2010,gdp_per_capita_current_usd,1753
Uzbekistan,UZ,UZB,Asia,2009,gdp_per_capita_current_usd,1206
Uzbekistan,UZ,UZB,Asia,2008,gdp_per_capita_current_usd,1075
Uzbekistan,UZ,UZB,Asia,2007,gdp_per_capita_current_usd,824
Uzbekistan,UZ,UZB,Asia,2006,gdp_per_capita_current_usd,649
Uzbekistan,UZ,UZB,Asia,2005,gdp_per_capita_current_usd,543
Uzbekistan,UZ,UZB,Asia,2004,gdp_per_capita_current_usd,462
Uzbekistan,UZ,UZB,Asia,2003,gdp_per_capita_current_usd,394
Uzbekistan,UZ,UZB,Asia,2002,gdp_per_capita_current_usd,381
Uzbekistan,UZ,UZB,Asia,2001,gdp_per_capita_current_usd,454
Uzbekistan,UZ,UZB,Asia,2000,gdp_per_capita_current_usd,555
Uzbekistan,UZ,UZB,Asia,2024,population_total,36361859
Uzbekistan,UZ,UZB,Asia,2023,population_total,35652307
Uzbekistan,UZ,UZB,Asia,2022,population_total,34938955
Uzbekistan,UZ,UZB,Asia,2021,population_total,34243696
Uzbekistan,UZ,UZB,Asia,2020,population_total,33586372
Uzbekistan,UZ,UZB,Asia,2019,population_total,32964701
Uzbekistan,UZ,UZB,Asia,2018,population_total,32373490
Uzbekistan,UZ,UZB,Asia,2017,population_total,31819178
Uzbekistan,UZ,UZB,Asia,2016,population_total,31284568
Uzbekistan,UZ,UZB,Asia,2015,population_total,30749346
Uzbekistan,UZ,UZB,Asia,2014,population_total,30222994
Uzbekistan,UZ,UZB,Asia,2013,population_total,29724065
Uzbekistan,UZ,UZB,Asia,2012,population_total,29261903
Uzbekistan,UZ,UZB,Asia,2011,population_total,28823196
Uzbekistan,UZ,UZB,Asia,2010,population_total,28385506
Uzbekistan,UZ,UZB,Asia,2009,population_total,27939328
Uzbekistan,UZ,UZB,Asia,2008,population_total,27494774
Uzbekistan,UZ,UZB,Asia,2007,population_total,27076008
Uzbekistan,UZ,UZB,Asia,2006,population_total,26699043
Uzbekistan,UZ,UZB,Asia,2005,population_total,26356975
Uzbekistan,UZ,UZB,Asia,2004,population_total,26029350
Uzbekistan,UZ,UZB,Asia,2003,population_total,25711259
Uzbekistan,UZ,UZB,Asia,2002,population_total,25399980
Uzbekistan,UZ,UZB,Asia,2001,population_total,25090283
Uzbekistan,UZ,UZB,Asia,2000,population_total,24787054
Saint Vincent and the Grenadines,VC,VCT,North America,2024,gdp_current_usd,1157207407
Saint Vincent and the Grenadines,VC,VCT,North America,2023,gdp_current_usd,1072237037
Saint Vincent and the Grenadines,VC,VCT,North America,2022,gdp_current_usd,989188889
Saint Vincent and the Grenadines,VC,VCT,North America,2021,gdp_current_usd,888677778
Saint Vincent and the Grenadines,VC,VCT,North America,2020,gdp_current_usd,864566667
Saint Vincent and the Grenadines,VC,VCT,North America,2019,gdp_current_usd,910481481
Saint Vincent and the Grenadines,VC,VCT,North America,2018,gdp_current_usd,884329630
Saint Vincent and the Grenadines,VC,VCT,North America,2017,gdp_current_usd,844040741
Saint Vincent and the Grenadines,VC,VCT,North America,2016,gdp_current_usd,814303704
Saint Vincent and the Grenadines,VC,VCT,North America,2015,gdp_current_usd,786555556
Saint Vincent and the Grenadines,VC,VCT,North America,2014,gdp_current_usd,770900000
Saint Vincent and the Grenadines,VC,VCT,North America,2013,gdp_current_usd,764781259
Saint Vincent and the Grenadines,VC,VCT,North America,2012,gdp_current_usd,730032593
Saint Vincent and the Grenadines,VC,VCT,North America,2011,gdp_current_usd,713796370
Saint Vincent and the Grenadines,VC,VCT,North America,2010,gdp_current_usd,720447889
Saint Vincent and the Grenadines,VC,VCT,North America,2009,gdp_current_usd,714300259
Saint Vincent and the Grenadines,VC,VCT,North America,2008,gdp_current_usd,732663259
Saint Vincent and the Grenadines,VC,VCT,North America,2007,gdp_current_usd,713596667
Saint Vincent and the Grenadines,VC,VCT,North America,2006,gdp_current_usd,643501148
Saint Vincent and the Grenadines,VC,VCT,North America,2005,gdp_current_usd,579948926
Saint Vincent and the Grenadines,VC,VCT,North America,2004,gdp_current_usd,549900185
Saint Vincent and the Grenadines,VC,VCT,North America,2003,gdp_current_usd,509090889
Saint Vincent and the Grenadines,VC,VCT,North America,2002,gdp_current_usd,487763852
Saint Vincent and the Grenadines,VC,VCT,North America,2001,gdp_current_usd,462072333
Saint Vincent and the Grenadines,VC,VCT,North America,2000,gdp_current_usd,427946037
Saint Vincent and the Grenadines,VC,VCT,North America,2024,gdp_per_capita_current_usd,11501
Saint Vincent and the Grenadines,VC,VCT,North America,2023,gdp_per_capita_current_usd,10582
Saint Vincent and the Grenadines,VC,VCT,North America,2022,gdp_per_capita_current_usd,9694
Saint Vincent and the Grenadines,VC,VCT,North America,2021,gdp_per_capita_current_usd,8641
Saint Vincent and the Grenadines,VC,VCT,North America,2020,gdp_per_capita_current_usd,8351
Saint Vincent and the Grenadines,VC,VCT,North America,2019,gdp_per_capita_current_usd,8741
Saint Vincent and the Grenadines,VC,VCT,North America,2018,gdp_per_capita_current_usd,8428
Saint Vincent and the Grenadines,VC,VCT,North America,2017,gdp_per_capita_current_usd,7988
Saint Vincent and the Grenadines,VC,VCT,North America,2016,gdp_per_capita_current_usd,7657
Saint Vincent and the Grenadines,VC,VCT,North America,2015,gdp_per_capita_current_usd,7354
Saint Vincent and the Grenadines,VC,VCT,North America,2014,gdp_per_capita_current_usd,7169
Saint Vincent and the Grenadines,VC,VCT,North America,2013,gdp_per_capita_current_usd,7072
Saint Vincent and the Grenadines,VC,VCT,North America,2012,gdp_per_capita_current_usd,6714
Saint Vincent and the Grenadines,VC,VCT,North America,2011,gdp_per_capita_current_usd,6528
Saint Vincent and the Grenadines,VC,VCT,North America,2010,gdp_per_capita_current_usd,6552
Saint Vincent and the Grenadines,VC,VCT,North America,2009,gdp_per_capita_current_usd,6464
Saint Vincent and the Grenadines,VC,VCT,North America,2008,gdp_per_capita_current_usd,6599
Saint Vincent and the Grenadines,VC,VCT,North America,2007,gdp_per_capita_current_usd,6398
Saint Vincent and the Grenadines,VC,VCT,North America,2006,gdp_per_capita_current_usd,5745
Saint Vincent and the Grenadines,VC,VCT,North America,2005,gdp_per_capita_current_usd,5157
Saint Vincent and the Grenadines,VC,VCT,North America,2004,gdp_per_capita_current_usd,4873
Saint Vincent and the Grenadines,VC,VCT,North America,2003,gdp_per_capita_current_usd,4500
Saint Vincent and the Grenadines,VC,VCT,North America,2002,gdp_per_capita_current_usd,4303
Saint Vincent and the Grenadines,VC,VCT,North America,2001,gdp_per_capita_current_usd,4071
Saint Vincent and the Grenadines,VC,VCT,North America,2000,gdp_per_capita_current_usd,3769
Saint Vincent and the Grenadines,VC,VCT,North America,2024,population_total,100616
Saint Vincent and the Grenadines,VC,VCT,North America,2023,population_total,101323
Saint Vincent and the Grenadines,VC,VCT,North America,2022,population_total,102046
Saint Vincent and the Grenadines,VC,VCT,North America,2021,population_total,102841
Saint Vincent and the Grenadines,VC,VCT,North America,2020,population_total,103526
Saint Vincent and the Grenadines,VC,VCT,North America,2019,population_total,104167
Saint Vincent and the Grenadines,VC,VCT,North America,2018,population_total,104926
Saint Vincent and the Grenadines,VC,VCT,North America,2017,population_total,105663
Saint Vincent and the Grenadines,VC,VCT,North America,2016,population_total,106349
Saint Vincent and the Grenadines,VC,VCT,North America,2015,population_total,106960
Saint Vincent and the Grenadines,VC,VCT,North America,2014,population_total,107535
Saint Vincent and the Grenadines,VC,VCT,North America,2013,population_total,108135
Saint Vincent and the Grenadines,VC,VCT,North America,2012,population_total,108736
Saint Vincent and the Grenadines,VC,VCT,North America,2011,population_total,109349
Saint Vincent and the Grenadines,VC,VCT,North America,2010,population_total,109959
Saint Vincent and the Grenadines,VC,VCT,North America,2009,population_total,110508
Saint Vincent and the Grenadines,VC,VCT,North America,2008,population_total,111028
Saint Vincent and the Grenadines,VC,VCT,North America,2007,population_total,111531
Saint Vincent and the Grenadines,VC,VCT,North America,2006,population_total,112014
Saint Vincent and the Grenadines,VC,VCT,North America,2005,population_total,112450
Saint Vincent and the Grenadines,VC,VCT,North America,2004,population_total,112835
Saint Vincent and the Grenadines,VC,VCT,North America,2003,population_total,113141
Saint Vincent and the Grenadines,VC,VCT,North America,2002,population_total,113347
Saint Vincent and the Grenadines,VC,VCT,North America,2001,population_total,113501
Saint Vincent and the Grenadines,VC,VCT,North America,2000,population_total,113545
"Venezuela, Bolivarian Republic of",VE,VEN,South America,2014,gdp_current_usd,482359318768
"Venezuela, Bolivarian Republic of",VE,VEN,South America,2013,gdp_current_usd,371005379787
"Venezuela, Bolivarian Republic of",VE,VEN,South America,2012,gdp_current_usd,381286237848
"Venezuela, Bolivarian Republic of",VE,VEN,South America,2011,gdp_current_usd,316482190800
"Venezuela, Bolivarian Republic of",VE,VEN,South America,2010,gdp_current_usd,393192354511
"Venezuela, Bolivarian Republic of",VE,VEN,South America,2009,gdp_current_usd,329787628928
"Venezuela, Bolivarian Republic of",VE,VEN,South America,2008,gdp_current_usd,315953388511
"Venezuela, Bolivarian Republic of",VE,VEN,South America,2007,gdp_current_usd,230364012576
"Venezuela, Bolivarian Republic of",VE,VEN,South America,2006,gdp_current_usd,183477522124
"Venezuela, Bolivarian Republic of",VE,VEN,South America,2005,gdp_current_usd,145513489652
"Venezuela, Bolivarian Republic of",VE,VEN,South America,2004,gdp_current_usd,112451400425
"Venezuela, Bolivarian Republic of",VE,VEN,South America,2003,gdp_current_usd,83620628582
"Venezuela, Bolivarian Republic of",VE,VEN,South America,2002,gdp_current_usd,92893587734
"Venezuela, Bolivarian Republic of",VE,VEN,South America,2001,gdp_current_usd,122911036747
"Venezuela, Bolivarian Republic of",VE,VEN,South America,2000,gdp_current_usd,117146466003
"Venezuela, Bolivarian Republic of",VE,VEN,South America,2014,gdp_per_capita_current_usd,15944
"Venezuela, Bolivarian Republic of",VE,VEN,South America,2013,gdp_per_capita_current_usd,12403
"Venezuela, Bolivarian Republic of",VE,VEN,South America,2012,gdp_per_capita_current_usd,12901
"Venezuela, Bolivarian Republic of",VE,VEN,South America,2011,gdp_per_capita_current_usd,10844
"Venezuela, Bolivarian Republic of",VE,VEN,South America,2010,gdp_per_capita_current_usd,13646
"Venezuela, Bolivarian Republic of",VE,VEN,South America,2009,gdp_per_capita_current_usd,11597
"Venezuela, Bolivarian Republic of",VE,VEN,South America,2008,gdp_per_capita_current_usd,11262
"Venezuela, Bolivarian Republic of",VE,VEN,South America,2007,gdp_per_capita_current_usd,8332
"Venezuela, Bolivarian Republic of",VE,VEN,South America,2006,gdp_per_capita_current_usd,6739
"Venezuela, Bolivarian Republic of",VE,VEN,South America,2005,gdp_per_capita_current_usd,5432
"Venezuela, Bolivarian Republic of",VE,VEN,South America,2004,gdp_per_capita_current_usd,4269
"Venezuela, Bolivarian Republic of",VE,VEN,South America,2003,gdp_per_capita_current_usd,3230
"Venezuela, Bolivarian Republic of",VE,VEN,South America,2002,gdp_per_capita_current_usd,3652
"Venezuela, Bolivarian Republic of",VE,VEN,South America,2001,gdp_per_capita_current_usd,4920
"Venezuela, Bolivarian Republic of",VE,VEN,South America,2000,gdp_per_capita_current_usd,4776
"Venezuela, Bolivarian Republic of",VE,VEN,South America,2024,population_total,28405543
"Venezuela, Bolivarian Republic of",VE,VEN,South America,2023,population_total,28300854
"Venezuela, Bolivarian Republic of",VE,VEN,South America,2022,population_total,28213017
"Venezuela, Bolivarian Republic of",VE,VEN,South America,2021,population_total,28237826
"Venezuela, Bolivarian Republic of",VE,VEN,South America,2020,population_total,28444077
"Venezuela, Bolivarian Republic of",VE,VEN,South America,2019,population_total,28938098
"Venezuela, Bolivarian Republic of",VE,VEN,South America,2018,population_total,29807592
"Venezuela, Bolivarian Republic of",VE,VEN,South America,2017,population_total,30565323
"Venezuela, Bolivarian Republic of",VE,VEN,South America,2016,population_total,30765720
"Venezuela, Bolivarian Republic of",VE,VEN,South America,2015,population_total,30573972
"Venezuela, Bolivarian Republic of",VE,VEN,South America,2014,population_total,30254079
"Venezuela, Bolivarian Republic of",VE,VEN,South America,2013,population_total,29912198
"Venezuela, Bolivarian Republic of",VE,VEN,South America,2012,population_total,29553826
"Venezuela, Bolivarian Republic of",VE,VEN,South America,2011,population_total,29185212
"Venezuela, Bolivarian Republic of",VE,VEN,South America,2010,population_total,28813101
"Venezuela, Bolivarian Republic of",VE,VEN,South America,2009,population_total,28438298
"Venezuela, Bolivarian Republic of",VE,VEN,South America,2008,population_total,28053696
"Venezuela, Bolivarian Republic of",VE,VEN,South America,2007,population_total,27649363
"Venezuela, Bolivarian Republic of",VE,VEN,South America,2006,population_total,27224686
"Venezuela, Bolivarian Republic of",VE,VEN,South America,2005,population_total,26785804
"Venezuela, Bolivarian Republic of",VE,VEN,South America,2004,population_total,26340838
"Venezuela, Bolivarian Republic of",VE,VEN,South America,2003,population_total,25892703
"Venezuela, Bolivarian Republic of",VE,VEN,South America,2002,population_total,25435671
"Venezuela, Bolivarian Republic of",VE,VEN,South America,2001,population_total,24979922
"Venezuela, Bolivarian Republic of",VE,VEN,South America,2000,population_total,24526708
"Virgin Islands, British",VG,VGB,North America,2024,population_total,39471
"Virgin Islands, British",VG,VGB,North America,2023,population_total,38985
"Virgin Islands, British",VG,VGB,North America,2022,population_total,38319
"Virgin Islands, British",VG,VGB,North America,2021,population_total,37809
"Virgin Islands, British",VG,VGB,North America,2020,population_total,37135
"Virgin Islands, British",VG,VGB,North America,2019,population_total,36395
"Virgin Islands, British",VG,VGB,North America,2018,population_total,34657
"Virgin Islands, British",VG,VGB,North America,2017,population_total,32699
"Virgin Islands, British",VG,VGB,North America,2016,population_total,33878
"Virgin Islands, British",VG,VGB,North America,2015,population_total,34498
"Virgin Islands, British",VG,VGB,North America,2014,population_total,32962
"Virgin Islands, British",VG,VGB,North America,2013,population_total,31703
"Virgin Islands, British",VG,VGB,North America,2012,population_total,30345
"Virgin Islands, British",VG,VGB,North America,2011,population_total,28710
"Virgin Islands, British",VG,VGB,North America,2010,population_total,27675
"Virgin Islands, British",VG,VGB,North America,2009,population_total,27218
"Virgin Islands, British",VG,VGB,North America,2008,population_total,26288
"Virgin Islands, British",VG,VGB,North America,2007,population_total,25366
"Virgin Islands, British",VG,VGB,North America,2006,population_total,24493
"Virgin Islands, British",VG,VGB,North America,2005,population_total,23665
"Virgin Islands, British",VG,VGB,North America,2004,population_total,22881
"Virgin Islands, British",VG,VGB,North America,2003,population_total,22134
"Virgin Islands, British",VG,VGB,North America,2002,population_total,21430
"Virgin Islands, British",VG,VGB,North America,2001,population_total,20796
"Virgin Islands, British",VG,VGB,North America,2000,population_total,20241
"Virgin Islands, U.S.",VI,VIR,North America,2022,gdp_current_usd,4672000000
"Virgin Islands, U.S.",VI,VIR,North America,2021,gdp_current_usd,4507000000
"Virgin Islands, U.S.",VI,VIR,North America,2020,gdp_current_usd,4229000000
"Virgin Islands, U.S.",VI,VIR,North America,2019,gdp_current_usd,4121000000
"Virgin Islands, U.S.",VI,VIR,North America,2018,gdp_current_usd,3923000000
"Virgin Islands, U.S.",VI,VIR,North America,2017,gdp_current_usd,3794000000
"Virgin Islands, U.S.",VI,VIR,North America,2016,gdp_current_usd,3798000000
"Virgin Islands, U.S.",VI,VIR,North America,2015,gdp_current_usd,3663000000
"Virgin Islands, U.S.",VI,VIR,North America,2014,gdp_current_usd,3565000000
"Virgin Islands, U.S.",VI,VIR,North America,2013,gdp_current_usd,3738000000
"Virgin Islands, U.S.",VI,VIR,North America,2012,gdp_current_usd,4089000000
"Virgin Islands, U.S.",VI,VIR,North America,2011,gdp_current_usd,4223000000
"Virgin Islands, U.S.",VI,VIR,North America,2010,gdp_current_usd,4324000000
"Virgin Islands, U.S.",VI,VIR,North America,2009,gdp_current_usd,4201000000
"Virgin Islands, U.S.",VI,VIR,North America,2008,gdp_current_usd,4244000000
"Virgin Islands, U.S.",VI,VIR,North America,2007,gdp_current_usd,4784000000
"Virgin Islands, U.S.",VI,VIR,North America,2006,gdp_current_usd,4484000000
"Virgin Islands, U.S.",VI,VIR,North America,2005,gdp_current_usd,4428000000
"Virgin Islands, U.S.",VI,VIR,North America,2004,gdp_current_usd,3797000000
"Virgin Islands, U.S.",VI,VIR,North America,2003,gdp_current_usd,3443000000
"Virgin Islands, U.S.",VI,VIR,North America,2002,gdp_current_usd,3262000000
"Virgin Islands, U.S.",VI,VIR,North America,2022,gdp_per_capita_current_usd,44321
"Virgin Islands, U.S.",VI,VIR,North America,2021,gdp_per_capita_current_usd,42571
"Virgin Islands, U.S.",VI,VIR,North America,2020,gdp_per_capita_current_usd,39787
"Virgin Islands, U.S.",VI,VIR,North America,2019,gdp_per_capita_current_usd,38634
"Virgin Islands, U.S.",VI,VIR,North America,2018,gdp_per_capita_current_usd,36663
"Virgin Islands, U.S.",VI,VIR,North America,2017,gdp_per_capita_current_usd,35365
"Virgin Islands, U.S.",VI,VIR,North America,2016,gdp_per_capita_current_usd,35325
"Virgin Islands, U.S.",VI,VIR,North America,2015,gdp_per_capita_current_usd,34007
"Virgin Islands, U.S.",VI,VIR,North America,2014,gdp_per_capita_current_usd,33045
"Virgin Islands, U.S.",VI,VIR,North America,2013,gdp_per_capita_current_usd,34598
"Virgin Islands, U.S.",VI,VIR,North America,2012,gdp_per_capita_current_usd,37795
"Virgin Islands, U.S.",VI,VIR,North America,2011,gdp_per_capita_current_usd,38997
"Virgin Islands, U.S.",VI,VIR,North America,2010,gdp_per_capita_current_usd,39905
"Virgin Islands, U.S.",VI,VIR,North America,2009,gdp_per_capita_current_usd,38753
"Virgin Islands, U.S.",VI,VIR,North America,2008,gdp_per_capita_current_usd,39152
"Virgin Islands, U.S.",VI,VIR,North America,2007,gdp_per_capita_current_usd,44159
"Virgin Islands, U.S.",VI,VIR,North America,2006,gdp_per_capita_current_usd,41377
"Virgin Islands, U.S.",VI,VIR,North America,2005,gdp_per_capita_current_usd,40829
"Virgin Islands, U.S.",VI,VIR,North America,2004,gdp_per_capita_current_usd,35006
"Virgin Islands, U.S.",VI,VIR,North America,2003,gdp_per_capita_current_usd,31731
"Virgin Islands, U.S.",VI,VIR,North America,2002,gdp_per_capita_current_usd,30062
"Virgin Islands, U.S.",VI,VIR,North America,2024,population_total,104377
"Virgin Islands, U.S.",VI,VIR,North America,2023,population_total,104917
"Virgin Islands, U.S.",VI,VIR,North America,2022,population_total,105413
"Virgin Islands, U.S.",VI,VIR,North America,2021,population_total,105870
"Virgin Islands, U.S.",VI,VIR,North America,2020,population_total,106290
"Virgin Islands, U.S.",VI,VIR,North America,2019,population_total,106669
"Virgin Islands, U.S.",VI,VIR,North America,2018,population_total,107001
"Virgin Islands, U.S.",VI,VIR,North America,2017,population_total,107281
"Virgin Islands, U.S.",VI,VIR,North America,2016,population_total,107516
"Virgin Islands, U.S.",VI,VIR,North America,2015,population_total,107712
"Virgin Islands, U.S.",VI,VIR,North America,2014,population_total,107882
"Virgin Islands, U.S.",VI,VIR,North America,2013,population_total,108041
"Virgin Islands, U.S.",VI,VIR,North America,2012,population_total,108188
"Virgin Islands, U.S.",VI,VIR,North America,2011,population_total,108290
"Virgin Islands, U.S.",VI,VIR,North America,2010,population_total,108357
"Virgin Islands, U.S.",VI,VIR,North America,2009,population_total,108404
"Virgin Islands, U.S.",VI,VIR,North America,2008,population_total,108397
"Virgin Islands, U.S.",VI,VIR,North America,2007,population_total,108337
"Virgin Islands, U.S.",VI,VIR,North America,2006,population_total,108369
"Virgin Islands, U.S.",VI,VIR,North America,2005,population_total,108453
"Virgin Islands, U.S.",VI,VIR,North America,2004,population_total,108466
"Virgin Islands, U.S.",VI,VIR,North America,2003,population_total,108505
"Virgin Islands, U.S.",VI,VIR,North America,2002,population_total,108509
"Virgin Islands, U.S.",VI,VIR,North America,2001,population_total,108549
"Virgin Islands, U.S.",VI,VIR,North America,2000,population_total,108642
Viet Nam,VN,VNM,Asia,2024,gdp_current_usd,476388230307
Viet Nam,VN,VNM,Asia,2023,gdp_current_usd,433857681378
Viet Nam,VN,VNM,Asia,2022,gdp_current_usd,413445230669
Viet Nam,VN,VNM,Asia,2021,gdp_current_usd,366474752771
Viet Nam,VN,VNM,Asia,2020,gdp_current_usd,346615738538
Viet Nam,VN,VNM,Asia,2019,gdp_current_usd,334365270497
Viet Nam,VN,VNM,Asia,2018,gdp_current_usd,310106478395
Viet Nam,VN,VNM,Asia,2017,gdp_current_usd,281353605987
Viet Nam,VN,VNM,Asia,2016,gdp_current_usd,257096001178
Viet Nam,VN,VNM,Asia,2015,gdp_current_usd,239258328382
Viet Nam,VN,VNM,Asia,2014,gdp_current_usd,233451469643
Viet Nam,VN,VNM,Asia,2013,gdp_current_usd,213708811665
Viet Nam,VN,VNM,Asia,2012,gdp_current_usd,195590661129
Viet Nam,VN,VNM,Asia,2011,gdp_current_usd,172595049184
Viet Nam,VN,VNM,Asia,2010,gdp_current_usd,147201173197
Viet Nam,VN,VNM,Asia,2009,gdp_current_usd,106014659565
Viet Nam,VN,VNM,Asia,2008,gdp_current_usd,99130304099
Viet Nam,VN,VNM,Asia,2007,gdp_current_usd,77414425532
Viet Nam,VN,VNM,Asia,2006,gdp_current_usd,66371664817
Viet Nam,VN,VNM,Asia,2005,gdp_current_usd,57633255738
Viet Nam,VN,VNM,Asia,2004,gdp_current_usd,45427854693
Viet Nam,VN,VNM,Asia,2003,gdp_current_usd,39552513232
Viet Nam,VN,VNM,Asia,2002,gdp_current_usd,35064105501
Viet Nam,VN,VNM,Asia,2001,gdp_current_usd,32685198809
Viet Nam,VN,VNM,Asia,2000,gdp_current_usd,31172518403
Viet Nam,VN,VNM,Asia,2024,gdp_per_capita_current_usd,4717
Viet Nam,VN,VNM,Asia,2023,gdp_per_capita_current_usd,4323
Viet Nam,VN,VNM,Asia,2022,gdp_per_capita_current_usd,4148
Viet Nam,VN,VNM,Asia,2021,gdp_per_capita_current_usd,3704
Viet Nam,VN,VNM,Asia,2020,gdp_per_capita_current_usd,3534
Viet Nam,VN,VNM,Asia,2019,gdp_per_capita_current_usd,3441
Viet Nam,VN,VNM,Asia,2018,gdp_per_capita_current_usd,3222
Viet Nam,VN,VNM,Asia,2017,gdp_per_capita_current_usd,2956
Viet Nam,VN,VNM,Asia,2016,gdp_per_capita_current_usd,2735
Viet Nam,VN,VNM,Asia,2015,gdp_per_capita_current_usd,2578
Viet Nam,VN,VNM,Asia,2014,gdp_per_capita_current_usd,2546
Viet Nam,VN,VNM,Asia,2013,gdp_per_capita_current_usd,2360
Viet Nam,VN,VNM,Asia,2012,gdp_per_capita_current_usd,2185
Viet Nam,VN,VNM,Asia,2011,gdp_per_capita_current_usd,1951
Viet Nam,VN,VNM,Asia,2010,gdp_per_capita_current_usd,1683
Viet Nam,VN,VNM,Asia,2009,gdp_per_capita_current_usd,1226
Viet Nam,VN,VNM,Asia,2008,gdp_per_capita_current_usd,1164
Viet Nam,VN,VNM,Asia,2007,gdp_per_capita_current_usd,926
Viet Nam,VN,VNM,Asia,2006,gdp_per_capita_current_usd,808
Viet Nam,VN,VNM,Asia,2005,gdp_per_capita_current_usd,711
Viet Nam,VN,VNM,Asia,2004,gdp_per_capita_current_usd,565
Viet Nam,VN,VNM,Asia,2003,gdp_per_capita_current_usd,497
Viet Nam,VN,VNM,Asia,2002,gdp_per_capita_current_usd,445
Viet Nam,VN,VNM,Asia,2001,gdp_per_capita_current_usd,419
Viet Nam,VN,VNM,Asia,2000,gdp_per_capita_current_usd,404
Viet Nam,VN,VNM,Asia,2024,population_total,100987686
Viet Nam,VN,VNM,Asia,2023,population_total,100352192
Viet Nam,VN,VNM,Asia,2022,population_total,99680655
Viet Nam,VN,VNM,Asia,2021,population_total,98935098
Viet Nam,VN,VNM,Asia,2020,population_total,98079191
Viet Nam,VN,VNM,Asia,2019,population_total,97173776
Viet Nam,VN,VNM,Asia,2018,population_total,96237319
Viet Nam,VN,VNM,Asia,2017,population_total,95176977
Viet Nam,VN,VNM,Asia,2016,population_total,94000117
Viet Nam,VN,VNM,Asia,2015,population_total,92823254
Viet Nam,VN,VNM,Asia,2014,population_total,91679578
Viet Nam,VN,VNM,Asia,2013,population_total,90573104
Viet Nam,VN,VNM,Asia,2012,population_total,89510356
Viet Nam,VN,VNM,Asia,2011,population_total,88468314
Viet Nam,VN,VNM,Asia,2010,population_total,87455152
Viet Nam,VN,VNM,Asia,2009,population_total,86460018
Viet Nam,VN,VNM,Asia,2008,population_total,85175788
Viet Nam,VN,VNM,Asia,2007,population_total,83633375
Viet Nam,VN,VNM,Asia,2006,population_total,82167897
Viet Nam,VN,VNM,Asia,2005,population_total,81088313
Viet Nam,VN,VNM,Asia,2004,population_total,80338971
Viet Nam,VN,VNM,Asia,2003,population_total,79563777
Viet Nam,VN,VNM,Asia,2002,population_total,78772224
Viet Nam,VN,VNM,Asia,2001,population_total,77969361
Viet Nam,VN,VNM,Asia,2000,population_total,77154011
Vanuatu,VU,VUT,Oceania,2024,gdp_current_usd,1161251868
Vanuatu,VU,VUT,Oceania,2023,gdp_current_usd,1126313359
Vanuatu,VU,VUT,Oceania,2022,gdp_current_usd,1030654208
Vanuatu,VU,VUT,Oceania,2021,gdp_current_usd,982362212
Vanuatu,VU,VUT,Oceania,2020,gdp_current_usd,909421044
Vanuatu,VU,VUT,Oceania,2019,gdp_current_usd,936526268
Vanuatu,VU,VUT,Oceania,2018,gdp_current_usd,914727908
Vanuatu,VU,VUT,Oceania,2017,gdp_current_usd,880043284
Vanuatu,VU,VUT,Oceania,2016,gdp_current_usd,804323577
Vanuatu,VU,VUT,Oceania,2015,gdp_current_usd,759690181
Vanuatu,VU,VUT,Oceania,2014,gdp_current_usd,773717011
Vanuatu,VU,VUT,Oceania,2013,gdp_current_usd,758304466
Vanuatu,VU,VUT,Oceania,2012,gdp_current_usd,747839698
Vanuatu,VU,VUT,Oceania,2011,gdp_current_usd,770153588
Vanuatu,VU,VUT,Oceania,2010,gdp_current_usd,670712980
Vanuatu,VU,VUT,Oceania,2009,gdp_current_usd,592622319
Vanuatu,VU,VUT,Oceania,2008,gdp_current_usd,590748429
Vanuatu,VU,VUT,Oceania,2007,gdp_current_usd,516392923
Vanuatu,VU,VUT,Oceania,2006,gdp_current_usd,439358587
Vanuatu,VU,VUT,Oceania,2005,gdp_current_usd,394962433
Vanuatu,VU,VUT,Oceania,2004,gdp_current_usd,364996869
Vanuatu,VU,VUT,Oceania,2003,gdp_current_usd,314471413
Vanuatu,VU,VUT,Oceania,2002,gdp_current_usd,262596536
Vanuatu,VU,VUT,Oceania,2001,gdp_current_usd,257926882
Vanuatu,VU,VUT,Oceania,2000,gdp_current_usd,272014628
Vanuatu,VU,VUT,Oceania,2024,gdp_per_capita_current_usd,3543
Vanuatu,VU,VUT,Oceania,2023,gdp_per_capita_current_usd,3515
Vanuatu,VU,VUT,Oceania,2022,gdp_per_capita_current_usd,3292
Vanuatu,VU,VUT,Oceania,2021,gdp_per_capita_current_usd,3212
Vanuatu,VU,VUT,Oceania,2020,gdp_per_capita_current_usd,3043
Vanuatu,VU,VUT,Oceania,2019,gdp_per_capita_current_usd,3207
Vanuatu,VU,VUT,Oceania,2018,gdp_per_capita_current_usd,3207
Vanuatu,VU,VUT,Oceania,2017,gdp_per_capita_current_usd,3160
Vanuatu,VU,VUT,Oceania,2016,gdp_per_capita_current_usd,2956
Vanuatu,VU,VUT,Oceania,2015,gdp_per_capita_current_usd,2855
Vanuatu,VU,VUT,Oceania,2014,gdp_per_capita_current_usd,2973
Vanuatu,VU,VUT,Oceania,2013,gdp_per_capita_current_usd,2980
Vanuatu,VU,VUT,Oceania,2012,gdp_per_capita_current_usd,3005
Vanuatu,VU,VUT,Oceania,2011,gdp_per_capita_current_usd,3163
Vanuatu,VU,VUT,Oceania,2010,gdp_per_capita_current_usd,2815
Vanuatu,VU,VUT,Oceania,2009,gdp_per_capita_current_usd,2546
Vanuatu,VU,VUT,Oceania,2008,gdp_per_capita_current_usd,2604
Vanuatu,VU,VUT,Oceania,2007,gdp_per_capita_current_usd,2334
Vanuatu,VU,VUT,Oceania,2006,gdp_per_capita_current_usd,2035
Vanuatu,VU,VUT,Oceania,2005,gdp_per_capita_current_usd,1874
Vanuatu,VU,VUT,Oceania,2004,gdp_per_capita_current_usd,1774
Vanuatu,VU,VUT,Oceania,2003,gdp_per_capita_current_usd,1567
Vanuatu,VU,VUT,Oceania,2002,gdp_per_capita_current_usd,1341
Vanuatu,VU,VUT,Oceania,2001,gdp_per_capita_current_usd,1350
Vanuatu,VU,VUT,Oceania,2000,gdp_per_capita_current_usd,1460
Vanuatu,VU,VUT,Oceania,2024,population_total,327777
Vanuatu,VU,VUT,Oceania,2023,population_total,320409
Vanuatu,VU,VUT,Oceania,2022,population_total,313046
Vanuatu,VU,VUT,Oceania,2021,population_total,305868
Vanuatu,VU,VUT,Oceania,2020,population_total,298858
Vanuatu,VU,VUT,Oceania,2019,population_total,291985
Vanuatu,VU,VUT,Oceania,2018,population_total,285259
Vanuatu,VU,VUT,Oceania,2017,population_total,278507
Vanuatu,VU,VUT,Oceania,2016,population_total,272087
Vanuatu,VU,VUT,Oceania,2015,population_total,266101
Vanuatu,VU,VUT,Oceania,2014,population_total,260240
Vanuatu,VU,VUT,Oceania,2013,population_total,254482
Vanuatu,VU,VUT,Oceania,2012,population_total,248883
Vanuatu,VU,VUT,Oceania,2011,population_total,243474
Vanuatu,VU,VUT,Oceania,2010,population_total,238248
Vanuatu,VU,VUT,Oceania,2009,population_total,232731
Vanuatu,VU,VUT,Oceania,2008,population_total,226896
Vanuatu,VU,VUT,Oceania,2007,population_total,221276
Vanuatu,VU,VUT,Oceania,2006,population_total,215923
Vanuatu,VU,VUT,Oceania,2005,population_total,210760
Vanuatu,VU,VUT,Oceania,2004,population_total,205711
Vanuatu,VU,VUT,Oceania,2003,population_total,200746
Vanuatu,VU,VUT,Oceania,2002,population_total,195863
Vanuatu,VU,VUT,Oceania,2001,population_total,191031
Vanuatu,VU,VUT,Oceania,2000,population_total,186281
Samoa,WS,WSM,Oceania,2024,gdp_current_usd,1068025244
Samoa,WS,WSM,Oceania,2023,gdp_current_usd,938189444
Samoa,WS,WSM,Oceania,2022,gdp_current_usd,832945206
Samoa,WS,WSM,Oceania,2021,gdp_current_usd,843923639
Samoa,WS,WSM,Oceania,2020,gdp_current_usd,868898358
Samoa,WS,WSM,Oceania,2019,gdp_current_usd,912950466
Samoa,WS,WSM,Oceania,2018,gdp_current_usd,878448433
Samoa,WS,WSM,Oceania,2017,gdp_current_usd,884844384
Samoa,WS,WSM,Oceania,2016,gdp_current_usd,843924797
Samoa,WS,WSM,Oceania,2015,gdp_current_usd,824150499
Samoa,WS,WSM,Oceania,2014,gdp_current_usd,796683520
Samoa,WS,WSM,Oceania,2013,gdp_current_usd,797736334
Samoa,WS,WSM,Oceania,2012,gdp_current_usd,773141661
Samoa,WS,WSM,Oceania,2011,gdp_current_usd,744097050
Samoa,WS,WSM,Oceania,2010,gdp_current_usd,680260907
Samoa,WS,WSM,Oceania,2009,gdp_current_usd,628006115
Samoa,WS,WSM,Oceania,2008,gdp_current_usd,641346192
Samoa,WS,WSM,Oceania,2007,gdp_current_usd,573548460
Samoa,WS,WSM,Oceania,2006,gdp_current_usd,499923758
Samoa,WS,WSM,Oceania,2005,gdp_current_usd,476801793
Samoa,WS,WSM,Oceania,2004,gdp_current_usd,407747565
Samoa,WS,WSM,Oceania,2003,gdp_current_usd,333426188
Samoa,WS,WSM,Oceania,2002,gdp_current_usd,281790134
Samoa,WS,WSM,Oceania,2001,gdp_current_usd,266299591
Samoa,WS,WSM,Oceania,2000,gdp_current_usd,258856140
Samoa,WS,WSM,Oceania,2024,gdp_per_capita_current_usd,4899
Samoa,WS,WSM,Oceania,2023,gdp_per_capita_current_usd,4330
Samoa,WS,WSM,Oceania,2022,gdp_per_capita_current_usd,3869
Samoa,WS,WSM,Oceania,2021,gdp_per_capita_current_usd,3948
Samoa,WS,WSM,Oceania,2020,gdp_per_capita_current_usd,4100
Samoa,WS,WSM,Oceania,2019,gdp_per_capita_current_usd,4352
Samoa,WS,WSM,Oceania,2018,gdp_per_capita_current_usd,4232
Samoa,WS,WSM,Oceania,2017,gdp_per_capita_current_usd,4308
Samoa,WS,WSM,Oceania,2016,gdp_per_capita_current_usd,4147
Samoa,WS,WSM,Oceania,2015,gdp_per_capita_current_usd,4084
Samoa,WS,WSM,Oceania,2014,gdp_per_capita_current_usd,3983
Samoa,WS,WSM,Oceania,2013,gdp_per_capita_current_usd,4024
Samoa,WS,WSM,Oceania,2012,gdp_per_capita_current_usd,3935
Samoa,WS,WSM,Oceania,2011,gdp_per_capita_current_usd,3822
Samoa,WS,WSM,Oceania,2010,gdp_per_capita_current_usd,3524
Samoa,WS,WSM,Oceania,2009,gdp_per_capita_current_usd,3279
Samoa,WS,WSM,Oceania,2008,gdp_per_capita_current_usd,3374
Samoa,WS,WSM,Oceania,2007,gdp_per_capita_current_usd,3039
Samoa,WS,WSM,Oceania,2006,gdp_per_capita_current_usd,2663
Samoa,WS,WSM,Oceania,2005,gdp_per_capita_current_usd,2550
Samoa,WS,WSM,Oceania,2004,gdp_per_capita_current_usd,2189
Samoa,WS,WSM,Oceania,2003,gdp_per_capita_current_usd,1798
Samoa,WS,WSM,Oceania,2002,gdp_per_capita_current_usd,1528
Samoa,WS,WSM,Oceania,2001,gdp_per_capita_current_usd,1454
Samoa,WS,WSM,Oceania,2000,gdp_per_capita_current_usd,1425
Samoa,WS,WSM,Oceania,2024,population_total,218019
Samoa,WS,WSM,Oceania,2023,population_total,216663
Samoa,WS,WSM,Oceania,2022,population_total,215261
Samoa,WS,WSM,Oceania,2021,population_total,213779
Samoa,WS,WSM,Oceania,2020,population_total,211944
Samoa,WS,WSM,Oceania,2019,population_total,209780
Samoa,WS,WSM,Oceania,2018,population_total,207582
Samoa,WS,WSM,Oceania,2017,population_total,205415
Samoa,WS,WSM,Oceania,2016,population_total,203499
Samoa,WS,WSM,Oceania,2015,population_total,201782
Samoa,WS,WSM,Oceania,2014,population_total,200037
Samoa,WS,WSM,Oceania,2013,population_total,198268
Samoa,WS,WSM,Oceania,2012,population_total,196498
Samoa,WS,WSM,Oceania,2011,population_total,194713
Samoa,WS,WSM,Oceania,2010,population_total,193023
Samoa,WS,WSM,Oceania,2009,population_total,191513
Samoa,WS,WSM,Oceania,2008,population_total,190107
Samoa,WS,WSM,Oceania,2007,population_total,188753
Samoa,WS,WSM,Oceania,2006,population_total,187709
Samoa,WS,WSM,Oceania,2005,population_total,186978
Samoa,WS,WSM,Oceania,2004,population_total,186249
Samoa,WS,WSM,Oceania,2003,population_total,185430
Samoa,WS,WSM,Oceania,2002,population_total,184471
Samoa,WS,WSM,Oceania,2001,population_total,183166
Samoa,WS,WSM,Oceania,2000,population_total,181685
Yemen,YE,YEM,Asia,2018,gdp_current_usd,21606160663
Yemen,YE,YEM,Asia,2017,gdp_current_usd,26842229045
Yemen,YE,YEM,Asia,2016,gdp_current_usd,31317825274
Yemen,YE,YEM,Asia,2015,gdp_current_usd,42444490074
Yemen,YE,YEM,Asia,2014,gdp_current_usd,43228585321
Yemen,YE,YEM,Asia,2013,gdp_current_usd,40415233436
Yemen,YE,YEM,Asia,2012,gdp_current_usd,35401331609
Yemen,YE,YEM,Asia,2011,gdp_current_usd,32726417878
Yemen,YE,YEM,Asia,2010,gdp_current_usd,30906749533
Yemen,YE,YEM,Asia,2009,gdp_current_usd,25130278213
Yemen,YE,YEM,Asia,2008,gdp_current_usd,26910855807
Yemen,YE,YEM,Asia,2007,gdp_current_usd,21650528674
Yemen,YE,YEM,Asia,2006,gdp_current_usd,19063143370
Yemen,YE,YEM,Asia,2005,gdp_current_usd,16731566717
Yemen,YE,YEM,Asia,2004,gdp_current_usd,13867634371
Yemen,YE,YEM,Asia,2003,gdp_current_usd,11777532662
Yemen,YE,YEM,Asia,2002,gdp_current_usd,10693430511
Yemen,YE,YEM,Asia,2001,gdp_current_usd,9852990693
Yemen,YE,YEM,Asia,2000,gdp_current_usd,9679316770
Yemen,YE,YEM,Asia,2018,gdp_per_capita_current_usd,634
Yemen,YE,YEM,Asia,2017,gdp_per_capita_current_usd,811
Yemen,YE,YEM,Asia,2016,gdp_per_capita_current_usd,975
Yemen,YE,YEM,Asia,2015,gdp_per_capita_current_usd,1362
Yemen,YE,YEM,Asia,2014,gdp_per_capita_current_usd,1430
Yemen,YE,YEM,Asia,2013,gdp_per_capita_current_usd,1379
Yemen,YE,YEM,Asia,2012,gdp_per_capita_current_usd,1245
Yemen,YE,YEM,Asia,2011,gdp_per_capita_current_usd,1186
Yemen,YE,YEM,Asia,2010,gdp_per_capita_current_usd,1155
Yemen,YE,YEM,Asia,2009,gdp_per_capita_current_usd,969
Yemen,YE,YEM,Asia,2008,gdp_per_capita_current_usd,1072
Yemen,YE,YEM,Asia,2007,gdp_per_capita_current_usd,890
Yemen,YE,YEM,Asia,2006,gdp_per_capita_current_usd,810
Yemen,YE,YEM,Asia,2005,gdp_per_capita_current_usd,734
Yemen,YE,YEM,Asia,2004,gdp_per_capita_current_usd,628
Yemen,YE,YEM,Asia,2003,gdp_per_capita_current_usd,549
Yemen,YE,YEM,Asia,2002,gdp_per_capita_current_usd,513
Yemen,YE,YEM,Asia,2001,gdp_per_capita_current_usd,487
Yemen,YE,YEM,Asia,2000,gdp_per_capita_current_usd,493
Yemen,YE,YEM,Asia,2024,population_total,40583164
Yemen,YE,YEM,Asia,2023,population_total,39390799
Yemen,YE,YEM,Asia,2022,population_total,38222876
Yemen,YE,YEM,Asia,2021,population_total,37140230
Yemen,YE,YEM,Asia,2020,population_total,36134863
Yemen,YE,YEM,Asia,2019,population_total,35111408
Yemen,YE,YEM,Asia,2018,population_total,34085182
Yemen,YE,YEM,Asia,2017,population_total,33090921
Yemen,YE,YEM,Asia,2016,population_total,32109010
Yemen,YE,YEM,Asia,2015,population_total,31159379
Yemen,YE,YEM,Asia,2014,population_total,30226309
Yemen,YE,YEM,Asia,2013,population_total,29312952
Yemen,YE,YEM,Asia,2012,population_total,28433647
Yemen,YE,YEM,Asia,2011,population_total,27582897
Yemen,YE,YEM,Asia,2010,population_total,26754387
Yemen,YE,YEM,Asia,2009,population_total,25927724
Yemen,YE,YEM,Asia,2008,population_total,25111941
Yemen,YE,YEM,Asia,2007,population_total,24318082
Yemen,YE,YEM,Asia,2006,population_total,23543083
Yemen,YE,YEM,Asia,2005,population_total,22790085
Yemen,YE,YEM,Asia,2004,population_total,22095167
Yemen,YE,YEM,Asia,2003,population_total,21456379
Yemen,YE,YEM,Asia,2002,population_total,20835086
Yemen,YE,YEM,Asia,2001,population_total,20226147
Yemen,YE,YEM,Asia,2000,population_total,19624141
South Africa,ZA,ZAF,Africa,2024,gdp_current_usd,400260724226
South Africa,ZA,ZAF,Africa,2023,gdp_current_usd,380699271816
South Africa,ZA,ZAF,Africa,2022,gdp_current_usd,406920004594
South Africa,ZA,ZAF,Africa,2021,gdp_current_usd,420886877629
South Africa,ZA,ZAF,Africa,2020,gdp_current_usd,337974655408
South Africa,ZA,ZAF,Africa,2019,gdp_current_usd,389330032224
South Africa,ZA,ZAF,Africa,2018,gdp_current_usd,405260723893
South Africa,ZA,ZAF,Africa,2017,gdp_current_usd,381448814653
South Africa,ZA,ZAF,Africa,2016,gdp_current_usd,323585509674
South Africa,ZA,ZAF,Africa,2015,gdp_current_usd,346709790459
South Africa,ZA,ZAF,Africa,2014,gdp_current_usd,381198869776
South Africa,ZA,ZAF,Africa,2013,gdp_current_usd,400886013596
South Africa,ZA,ZAF,Africa,2012,gdp_current_usd,434400545086
South Africa,ZA,ZAF,Africa,2011,gdp_current_usd,458199494831
South Africa,ZA,ZAF,Africa,2010,gdp_current_usd,417363822802
South Africa,ZA,ZAF,Africa,2009,gdp_current_usd,329754060647
South Africa,ZA,ZAF,Africa,2008,gdp_current_usd,316131258616
South Africa,ZA,ZAF,Africa,2007,gdp_current_usd,333077117254
South Africa,ZA,ZAF,Africa,2006,gdp_current_usd,303858675364
South Africa,ZA,ZAF,Africa,2005,gdp_current_usd,288867217197
South Africa,ZA,ZAF,Africa,2004,gdp_current_usd,255806908595
South Africa,ZA,ZAF,Africa,2003,gdp_current_usd,197018965309
South Africa,ZA,ZAF,Africa,2002,gdp_current_usd,129087556612
South Africa,ZA,ZAF,Africa,2001,gdp_current_usd,135429905923
South Africa,ZA,ZAF,Africa,2000,gdp_current_usd,151752757215
South Africa,ZA,ZAF,Africa,2024,gdp_per_capita_current_usd,6253
South Africa,ZA,ZAF,Africa,2023,gdp_per_capita_current_usd,6023
South Africa,ZA,ZAF,Africa,2022,gdp_per_capita_current_usd,6523
South Africa,ZA,ZAF,Africa,2021,gdp_per_capita_current_usd,6843
South Africa,ZA,ZAF,Africa,2020,gdp_per_capita_current_usd,5581
South Africa,ZA,ZAF,Africa,2019,gdp_per_capita_current_usd,6534
South Africa,ZA,ZAF,Africa,2018,gdp_per_capita_current_usd,6914
South Africa,ZA,ZAF,Africa,2017,gdp_per_capita_current_usd,6618
South Africa,ZA,ZAF,Africa,2016,gdp_per_capita_current_usd,5651
South Africa,ZA,ZAF,Africa,2015,gdp_per_capita_current_usd,6112
South Africa,ZA,ZAF,Africa,2014,gdp_per_capita_current_usd,6857
South Africa,ZA,ZAF,Africa,2013,gdp_per_capita_current_usd,7332
South Africa,ZA,ZAF,Africa,2012,gdp_per_capita_current_usd,8077
South Africa,ZA,ZAF,Africa,2011,gdp_per_capita_current_usd,8646
South Africa,ZA,ZAF,Africa,2010,gdp_per_capita_current_usd,7973
South Africa,ZA,ZAF,Africa,2009,gdp_per_capita_current_usd,6375
South Africa,ZA,ZAF,Africa,2008,gdp_per_capita_current_usd,6185
South Africa,ZA,ZAF,Africa,2007,gdp_per_capita_current_usd,6592
South Africa,ZA,ZAF,Africa,2006,gdp_per_capita_current_usd,6077
South Africa,ZA,ZAF,Africa,2005,gdp_per_capita_current_usd,5837
South Africa,ZA,ZAF,Africa,2004,gdp_per_capita_current_usd,5221
South Africa,ZA,ZAF,Africa,2003,gdp_per_capita_current_usd,4062
South Africa,ZA,ZAF,Africa,2002,gdp_per_capita_current_usd,2688
South Africa,ZA,ZAF,Africa,2001,gdp_per_capita_current_usd,2847
South Africa,ZA,ZAF,Africa,2000,gdp_per_capita_current_usd,3218
South Africa,ZA,ZAF,Africa,2024,population_total,64007187
South Africa,ZA,ZAF,Africa,2023,population_total,63212384
South Africa,ZA,ZAF,Africa,2022,population_total,62378410
South Africa,ZA,ZAF,Africa,2021,population_total,61502603
South Africa,ZA,ZAF,Africa,2020,population_total,60562381
South Africa,ZA,ZAF,Africa,2019,population_total,59587885
South Africa,ZA,ZAF,Africa,2018,population_total,58613001
South Africa,ZA,ZAF,Africa,2017,population_total,57635162
South Africa,ZA,ZAF,Africa,2016,population_total,57259551
South Africa,ZA,ZAF,Africa,2015,population_total,56723537
South Africa,ZA,ZAF,Africa,2014,population_total,55594838
South Africa,ZA,ZAF,Africa,2013,population_total,54678791
South Africa,ZA,ZAF,Africa,2012,population_total,53782567
South Africa,ZA,ZAF,Africa,2011,population_total,52995205
South Africa,ZA,ZAF,Africa,2010,population_total,52344051
South Africa,ZA,ZAF,Africa,2009,population_total,51728516
South Africa,ZA,ZAF,Africa,2008,population_total,51114599
South Africa,ZA,ZAF,Africa,2007,population_total,50528584
South Africa,ZA,ZAF,Africa,2006,population_total,49998277
South Africa,ZA,ZAF,Africa,2005,population_total,49490033
South Africa,ZA,ZAF,Africa,2004,population_total,48991421
South Africa,ZA,ZAF,Africa,2003,population_total,48500348
South Africa,ZA,ZAF,Africa,2002,population_total,48019415
South Africa,ZA,ZAF,Africa,2001,population_total,47566800
South Africa,ZA,ZAF,Africa,2000,population_total,47159719
Zambia,ZM,ZMB,Africa,2024,gdp_current_usd,26325775287
Zambia,ZM,ZMB,Africa,2023,gdp_current_usd,27577956471
Zambia,ZM,ZMB,Africa,2022,gdp_current_usd,29163782140
Zambia,ZM,ZMB,Africa,2021,gdp_current_usd,22096416932
Zambia,ZM,ZMB,Africa,2020,gdp_current_usd,18137764931
Zambia,ZM,ZMB,Africa,2019,gdp_current_usd,23308667781
Zambia,ZM,ZMB,Africa,2018,gdp_current_usd,26311507274
Zambia,ZM,ZMB,Africa,2017,gdp_current_usd,25873601261
Zambia,ZM,ZMB,Africa,2016,gdp_current_usd,20958412538
Zambia,ZM,ZMB,Africa,2015,gdp_current_usd,21251216799
Zambia,ZM,ZMB,Africa,2014,gdp_current_usd,27141023558
Zambia,ZM,ZMB,Africa,2013,gdp_current_usd,28037239463
Zambia,ZM,ZMB,Africa,2012,gdp_current_usd,25503060420
Zambia,ZM,ZMB,Africa,2011,gdp_current_usd,23459515276
Zambia,ZM,ZMB,Africa,2010,gdp_current_usd,20265559484
Zambia,ZM,ZMB,Africa,2009,gdp_current_usd,15328342304
Zambia,ZM,ZMB,Africa,2008,gdp_current_usd,17910858638
Zambia,ZM,ZMB,Africa,2007,gdp_current_usd,14056957976
Zambia,ZM,ZMB,Africa,2006,gdp_current_usd,12756858899
Zambia,ZM,ZMB,Africa,2005,gdp_current_usd,8331870169
Zambia,ZM,ZMB,Africa,2004,gdp_current_usd,6221110219
Zambia,ZM,ZMB,Africa,2003,gdp_current_usd,4901869764
Zambia,ZM,ZMB,Africa,2002,gdp_current_usd,4193850445
Zambia,ZM,ZMB,Africa,2001,gdp_current_usd,4094441301
Zambia,ZM,ZMB,Africa,2000,gdp_current_usd,3600632111
Zambia,ZM,ZMB,Africa,2024,gdp_per_capita_current_usd,1235
Zambia,ZM,ZMB,Africa,2023,gdp_per_capita_current_usd,1331
Zambia,ZM,ZMB,Africa,2022,gdp_per_capita_current_usd,1447
Zambia,ZM,ZMB,Africa,2021,gdp_per_capita_current_usd,1127
Zambia,ZM,ZMB,Africa,2020,gdp_per_capita_current_usd,952
Zambia,ZM,ZMB,Africa,2019,gdp_per_capita_current_usd,1259
Zambia,ZM,ZMB,Africa,2018,gdp_per_capita_current_usd,1464
Zambia,ZM,ZMB,Africa,2017,gdp_per_capita_current_usd,1483
Zambia,ZM,ZMB,Africa,2016,gdp_per_capita_current_usd,1239
Zambia,ZM,ZMB,Africa,2015,gdp_per_capita_current_usd,1296
Zambia,ZM,ZMB,Africa,2014,gdp_per_capita_current_usd,1707
Zambia,ZM,ZMB,Africa,2013,gdp_per_capita_current_usd,1821
Zambia,ZM,ZMB,Africa,2012,gdp_per_capita_current_usd,1710
Zambia,ZM,ZMB,Africa,2011,gdp_per_capita_current_usd,1625
Zambia,ZM,ZMB,Africa,2010,gdp_per_capita_current_usd,1451
Zambia,ZM,ZMB,Africa,2009,gdp_per_capita_current_usd,1136
Zambia,ZM,ZMB,Africa,2008,gdp_per_capita_current_usd,1376
Zambia,ZM,ZMB,Africa,2007,gdp_per_capita_current_usd,1119
Zambia,ZM,ZMB,Africa,2006,gdp_per_capita_current_usd,1052
Zambia,ZM,ZMB,Africa,2005,gdp_per_capita_current_usd,711
Zambia,ZM,ZMB,Africa,2004,gdp_per_capita_current_usd,549
Zambia,ZM,ZMB,Africa,2003,gdp_per_capita_current_usd,446
Zambia,ZM,ZMB,Africa,2002,gdp_per_capita_current_usd,394
Zambia,ZM,ZMB,Africa,2001,gdp_per_capita_current_usd,397
Zambia,ZM,ZMB,Africa,2000,gdp_per_capita_current_usd,359
Zambia,ZM,ZMB,Africa,2024,population_total,21314956
Zambia,ZM,ZMB,Africa,2023,population_total,20723965
Zambia,ZM,ZMB,Africa,2022,population_total,20152938
Zambia,ZM,ZMB,Africa,2021,population_total,19603607
Zambia,ZM,ZMB,Africa,2020,population_total,19059395
Zambia,ZM,ZMB,Africa,2019,population_total,18513839
Zambia,ZM,ZMB,Africa,2018,population_total,17973569
Zambia,ZM,ZMB,Africa,2017,population_total,17441320
Zambia,ZM,ZMB,Africa,2016,population_total,16914423
Zambia,ZM,ZMB,Africa,2015,population_total,16399089
Zambia,ZM,ZMB,Africa,2014,population_total,15895315
Zambia,ZM,ZMB,Africa,2013,population_total,15398997
Zambia,ZM,ZMB,Africa,2012,population_total,14913629
Zambia,ZM,ZMB,Africa,2011,population_total,14437796
Zambia,ZM,ZMB,Africa,2010,population_total,13965594
Zambia,ZM,ZMB,Africa,2009,population_total,13490389
Zambia,ZM,ZMB,Africa,2008,population_total,13021324
Zambia,ZM,ZMB,Africa,2007,population_total,12565085
Zambia,ZM,ZMB,Africa,2006,population_total,12129553
Zambia,ZM,ZMB,Africa,2005,population_total,11718819
Zambia,ZM,ZMB,Africa,2004,population_total,11338198
Zambia,ZM,ZMB,Africa,2003,population_total,10983595
Zambia,ZM,ZMB,Africa,2002,population_total,10647949
Zambia,ZM,ZMB,Africa,2001,population_total,10325185
Zambia,ZM,ZMB,Africa,2000,population_total,10017631
Zimbabwe,ZW,ZWE,Africa,2024,gdp_current_usd,44187704410
Zimbabwe,ZW,ZWE,Africa,2023,gdp_current_usd,35231369343
Zimbabwe,ZW,ZWE,Africa,2022,gdp_current_usd,32789657378
Zimbabwe,ZW,ZWE,Africa,2021,gdp_current_usd,27240507842
Zimbabwe,ZW,ZWE,Africa,2020,gdp_current_usd,26868564055
Zimbabwe,ZW,ZWE,Africa,2019,gdp_current_usd,25715657177
Zimbabwe,ZW,ZWE,Africa,2018,gdp_current_usd,34156057417
Zimbabwe,ZW,ZWE,Africa,2017,gdp_current_usd,51074726484
Zimbabwe,ZW,ZWE,Africa,2016,gdp_current_usd,20548759858
Zimbabwe,ZW,ZWE,Africa,2015,gdp_current_usd,19963058858
Zimbabwe,ZW,ZWE,Africa,2014,gdp_current_usd,19495547523
Zimbabwe,ZW,ZWE,Africa,2013,gdp_current_usd,19091004042
Zimbabwe,ZW,ZWE,Africa,2012,gdp_current_usd,17114762914
Zimbabwe,ZW,ZWE,Africa,2011,gdp_current_usd,14101801031
Zimbabwe,ZW,ZWE,Africa,2010,gdp_current_usd,12041602762
Zimbabwe,ZW,ZWE,Africa,2009,gdp_current_usd,9665815601
Zimbabwe,ZW,ZWE,Africa,2008,gdp_current_usd,4415703156
Zimbabwe,ZW,ZWE,Africa,2007,gdp_current_usd,5291950526
Zimbabwe,ZW,ZWE,Africa,2006,gdp_current_usd,5443896938
Zimbabwe,ZW,ZWE,Africa,2005,gdp_current_usd,5755215663
Zimbabwe,ZW,ZWE,Africa,2004,gdp_current_usd,5805598867
Zimbabwe,ZW,ZWE,Africa,2003,gdp_current_usd,5727592261
Zimbabwe,ZW,ZWE,Africa,2002,gdp_current_usd,6342116911
Zimbabwe,ZW,ZWE,Africa,2001,gdp_current_usd,6777385246
Zimbabwe,ZW,ZWE,Africa,2000,gdp_current_usd,6689958139
Zimbabwe,ZW,ZWE,Africa,2024,gdp_per_capita_current_usd,2656
Zimbabwe,ZW,ZWE,Africa,2023,gdp_per_capita_current_usd,2156
Zimbabwe,ZW,ZWE,Africa,2022,gdp_per_capita_current_usd,2041
Zimbabwe,ZW,ZWE,Africa,2021,gdp_per_capita_current_usd,1724
Zimbabwe,ZW,ZWE,Africa,2020,gdp_per_capita_current_usd,1730
Zimbabwe,ZW,ZWE,Africa,2019,gdp_per_capita_current_usd,1684
Zimbabwe,ZW,ZWE,Africa,2018,gdp_per_capita_current_usd,2272
Zimbabwe,ZW,ZWE,Africa,2017,gdp_per_capita_current_usd,3448
Zimbabwe,ZW,ZWE,Africa,2016,gdp_per_capita_current_usd,1407
Zimbabwe,ZW,ZWE,Africa,2015,gdp_per_capita_current_usd,1386
Zimbabwe,ZW,ZWE,Africa,2014,gdp_per_capita_current_usd,1372
Zimbabwe,ZW,ZWE,Africa,2013,gdp_per_capita_current_usd,1362
Zimbabwe,ZW,ZWE,Africa,2012,gdp_per_capita_current_usd,1239
Zimbabwe,ZW,ZWE,Africa,2011,gdp_per_capita_current_usd,1037
Zimbabwe,ZW,ZWE,Africa,2010,gdp_per_capita_current_usd,902
Zimbabwe,ZW,ZWE,Africa,2009,gdp_per_capita_current_usd,735
Zimbabwe,ZW,ZWE,Africa,2008,gdp_per_capita_current_usd,341
Zimbabwe,ZW,ZWE,Africa,2007,gdp_per_capita_current_usd,413
Zimbabwe,ZW,ZWE,Africa,2006,gdp_per_capita_current_usd,431
Zimbabwe,ZW,ZWE,Africa,2005,gdp_per_capita_current_usd,461
Zimbabwe,ZW,ZWE,Africa,2004,gdp_per_capita_current_usd,469
Zimbabwe,ZW,ZWE,Africa,2003,gdp_per_capita_current_usd,468
Zimbabwe,ZW,ZWE,Africa,2002,gdp_per_capita_current_usd,525
Zimbabwe,ZW,ZWE,Africa,2001,gdp_per_capita_current_usd,566
Zimbabwe,ZW,ZWE,Africa,2000,gdp_per_capita_current_usd,563
Zimbabwe,ZW,ZWE,Africa,2024,population_total,16634373
Zimbabwe,ZW,ZWE,Africa,2023,population_total,16340822
Zimbabwe,ZW,ZWE,Africa,2022,population_total,16069056
Zimbabwe,ZW,ZWE,Africa,2021,population_total,15797210
Zimbabwe,ZW,ZWE,Africa,2020,population_total,15526888
Zimbabwe,ZW,ZWE,Africa,2019,population_total,15271368
Zimbabwe,ZW,ZWE,Africa,2018,population_total,15034452
Zimbabwe,ZW,ZWE,Africa,2017,population_total,14812482
Zimbabwe,ZW,ZWE,Africa,2016,population_total,14600294
Zimbabwe,ZW,ZWE,Africa,2015,population_total,14399013
Zimbabwe,ZW,ZWE,Africa,2014,population_total,14207359
Zimbabwe,ZW,ZWE,Africa,2013,population_total,14013808
Zimbabwe,ZW,ZWE,Africa,2012,population_total,13817887
Zimbabwe,ZW,ZWE,Africa,2011,population_total,13595424
Zimbabwe,ZW,ZWE,Africa,2010,population_total,13356548
Zimbabwe,ZW,ZWE,Africa,2009,population_total,13142790
Zimbabwe,ZW,ZWE,Africa,2008,population_total,12959149
Zimbabwe,ZW,ZWE,Africa,2007,population_total,12804058
Zimbabwe,ZW,ZWE,Africa,2006,population_total,12636445
Zimbabwe,ZW,ZWE,Africa,2005,population_total,12483432
Zimbabwe,ZW,ZWE,Africa,2004,population_total,12365896
Zimbabwe,ZW,ZWE,Africa,2003,population_total,12232323
Zimbabwe,ZW,ZWE,Africa,2002,population_total,12087653
Zimbabwe,ZW,ZWE,Africa,2001,population_total,11971901
Zimbabwe,ZW,ZWE,Africa,2000,population_total,11892055
